source_id,paragraph_index,normalized_paragraph_locator,text_excerpt,paragraph_style_id,direct_alignment,direct_indent,direct_spacing,direct_keep_next,run_count,distinct_fonts,distinct_sizes,bold_or_italic_runs,embedded_object_count,drawing_count,omml_count,table_context,formatting_mechanism,notes
HFUT_FMT_DOC,1,EMPTY_PARAGRAPH_001,,Normal,center,,,,1,黑体;SimHei,22,r1:b=TRUE;i=inherit,0,0,0,,MIXED_FORMATTING,formatting_mechanism=MIXED_FORMATTING
HFUT_FMT_DOC,2,P001,排版格式及相关要求（标题不超过20字）,Normal,center,,,,6,宋体;SimSun;黑体;SimHei,14;22,r1:b=TRUE;i=inherit;r2:b=TRUE;i=inherit;r3:b=TRUE;i=inherit;r4:b=TRUE;i=inherit;r5:b=TRUE;i=inherit;r6:b=TRUE;i=inherit,0,0,0,,MIXED_FORMATTING,formatting_mechanism=MIXED_FORMATTING
HFUT_FMT_DOC,3,EMPTY_PARAGRAPH_003,,Normal,center,,line_spacing=240 twips;12.000 pt;rule=exact,,1,楷体_GB2312;楷体,14,r1:b=TRUE;i=inherit,0,0,0,,MIXED_FORMATTING,formatting_mechanism=MIXED_FORMATTING
HFUT_FMT_DOC,4,P002,张光明1，李 四2,Normal,center,,,,7,Times New Roman;楷体_GB2312;楷体,14,,0,0,0,,MIXED_FORMATTING,formatting_mechanism=MIXED_FORMATTING
HFUT_FMT_DOC,5,P003,(1.合肥工业大学 土木与水利工程学院，安徽 合肥 230009；2.合肥工业大学 资源与环境工程学院，安徽 合肥 230009)（给出二级单位，省、市、邮编）,Normal,,,,,18,Times New Roman;黑体;SimHei,7.5;9,,0,0,0,,MIXED_FORMATTING,formatting_mechanism=MIXED_FORMATTING
HFUT_FMT_DOC,6,EMPTY_PARAGRAPH_006,,Normal,center,,line_spacing=240 twips;12.000 pt;rule=exact,,1,楷体_GB2312;楷体;黑体;SimHei,14,,0,0,0,,MIXED_FORMATTING,formatting_mechanism=MIXED_FORMATTING
HFUT_FMT_DOC,7,P004,"摘 要（小5黑体）：采用第三人称写法，阐明研究的目的、方法、结果、结论，以300字左右为宜；第一次出现缩略语需要提供中英文全称，如支持向量机（support vector machine，SVM）；避免出现图、表以及参考文献的序号。（小5宋,行距14磅）",Normal,,hanging_indent=0 twips;0.000 pt;left_indent=420 twips;21.000 pt;right_indent=295 twips;14.750 pt,line_spacing=280 twips;14.000 pt;rule=exact,,32,黑体;SimHei,9,r2:b=TRUE;i=inherit;r6:b=TRUE;i=inherit,0,0,0,,MIXED_FORMATTING,formatting_mechanism=MIXED_FORMATTING
HFUT_FMT_DOC,8,P005,关键词（小5黑体）：缩略语；支持向量机（SVM）（小5宋，选词要规范，避免泛词，如“评价”）,Normal,,hanging_indent=0 twips;0.000 pt;left_indent=420 twips;21.000 pt;right_indent=293 twips;14.650 pt,,,16,黑体;SimHei,9,r2:b=TRUE;i=inherit;r6:b=TRUE;i=inherit,0,0,0,,MIXED_FORMATTING,formatting_mechanism=MIXED_FORMATTING
HFUT_FMT_DOC,9,P006,中图分类号：TU 411.01(必填，可http://www.ztflh.com查询) 文献标识码：A,Normal,,hanging_indent=0 twips;0.000 pt;left_indent=420 twips;21.000 pt;right_indent=293 twips;14.650 pt,,,10,方正书宋简体;宋体;黑体;SimHei,9,r4:b=TRUE;i=inherit;r5:b=TRUE;i=inherit;r6:b=TRUE;i=inherit;r8:b=TRUE;i=inherit;r9:b=TRUE;i=inherit,0,0,0,,MIXED_FORMATTING,formatting_mechanism=MIXED_FORMATTING
HFUT_FMT_DOC,10,EMPTY_PARAGRAPH_010,,Normal,center,,line_spacing=240 twips;12.000 pt;rule=exact,,1,楷体_GB2312;楷体,14,,0,0,0,,MIXED_FORMATTING,formatting_mechanism=MIXED_FORMATTING
HFUT_FMT_DOC,11,P007,Review suggestion to technical paper（句首字母和专有名词大写）,Normal,center,,,,2,黑体;SimHei,14,r1:b=TRUE;i=inherit;r2:b=TRUE;i=inherit,0,0,0,,MIXED_FORMATTING,formatting_mechanism=MIXED_FORMATTING
HFUT_FMT_DOC,12,EMPTY_PARAGRAPH_012,,Normal,center,,line_spacing=240 twips;12.000 pt;rule=exact,,1,楷体_GB2312;楷体,14,r1:b=TRUE;i=inherit,0,0,0,,MIXED_FORMATTING,formatting_mechanism=MIXED_FORMATTING
HFUT_FMT_DOC,13,P008,ZHANG Guangming1， LI Si2(姓全大写，名首字母大写),Normal,center,,,,10,Times New Roman,,r1:b=TRUE;i=inherit;r2:b=TRUE;i=inherit;r3:b=TRUE;i=inherit;r4:b=TRUE;i=inherit;r5:b=TRUE;i=inherit;r6:b=TRUE;i=inherit;r7:b=TRUE;i=inherit;r8:b=TRUE;i=inherit;r9:b=TRUE;i=inherit;r10:b=TRUE;i=inherit,0,0,0,,MIXED_FORMATTING,formatting_mechanism=MIXED_FORMATTING
HFUT_FMT_DOC,14,P009,"(1. School of Civil and Hydraulic Engineering, Hefei University of Technology, Hefei 230009, China；2. School of Resources and Environmental Engineering, Hefei University of Technology，Hefei 230009, China)",Normal,,,,,22,,7.5,,0,0,0,,MIXED_FORMATTING,formatting_mechanism=MIXED_FORMATTING
HFUT_FMT_DOC,15,EMPTY_PARAGRAPH_015,,Normal,center,,line_spacing=240 twips;12.000 pt;rule=exact,,1,楷体_GB2312;楷体,14,,0,0,0,,MIXED_FORMATTING,formatting_mechanism=MIXED_FORMATTING
HFUT_FMT_DOC,16,P010,"Abstract：Using third person writing, clarify the purpose, methods, results, and conclusions of the research, preferably in around 300 words. The first appearance of abbreviations requires the full Chinese and English names, such as support ",Normal,,,,,19,方正书宋简体;宋体;黑体;SimHei,9,r1:b=TRUE;i=inherit;r2:b=TRUE;i=inherit;r15:b=TRUE;i=inherit;r16:b=TRUE;i=inherit;r17:b=TRUE;i=inherit;r19:b=TRUE;i=inherit,0,0,0,,MIXED_FORMATTING,formatting_mechanism=MIXED_FORMATTING
HFUT_FMT_DOC,17,P011,Key words：abbreviations；support vector machine (SVM)（英文关键词与中文关键词词义、数量、顺序一致）,Normal,,,,,14,方正书宋简体;宋体;黑体;SimHei,9,r1:b=TRUE;i=inherit;r12:b=TRUE;i=inherit;r13:b=TRUE;i=inherit,0,0,0,,MIXED_FORMATTING,formatting_mechanism=MIXED_FORMATTING
HFUT_FMT_DOC,18,EMPTY_PARAGRAPH_018,,Normal,center,,line_spacing=240 twips;12.000 pt;rule=exact,,1,楷体_GB2312;楷体,14,,0,0,0,,MIXED_FORMATTING,formatting_mechanism=MIXED_FORMATTING
HFUT_FMT_DOC,19,EMPTY_PARAGRAPH_019,,Normal(implicit),,,,,0,,,,0,0,0,,NAMED_STYLE_FORMATTING,formatting_mechanism=NAMED_STYLE_FORMATTING
HFUT_FMT_DOC,20,P012,引 言（四号黑体，顶格左排）,Normal,,,,,6,Times New Roman;黑体;SimHei,14,r1:b=TRUE;i=inherit;r2:b=TRUE;i=inherit;r3:b=TRUE;i=inherit,0,0,0,,MIXED_FORMATTING,formatting_mechanism=MIXED_FORMATTING;numId=2;ilvl=0
HFUT_FMT_DOC,21,P013,作者需严格按此论文排版格式与要求线上投稿，两次修改后未达到本刊格式要求直接退稿处理。（五号宋体/Times New Roman）,Normal,,first_line_indent=438 twips;21.900 pt,,,6,宋体;SimSun,,,0,0,0,,MIXED_FORMATTING,formatting_mechanism=MIXED_FORMATTING
HFUT_FMT_DOC,22,P014,正文首次出现缩略语需提供中英文全称，如支持向量机（support vector machine，SVM）。,Normal,,first_line_indent=438 twips;21.900 pt,,,5,,,,0,0,0,,MIXED_FORMATTING,formatting_mechanism=MIXED_FORMATTING
HFUT_FMT_DOC,23,P015,1 一级标题（四号黑体）,Normal,,,,,4,黑体;SimHei,14,r1:b=TRUE;i=inherit,0,0,0,,MIXED_FORMATTING,formatting_mechanism=MIXED_FORMATTING
HFUT_FMT_DOC,24,P016,1.1 二级标题（五号黑体）,Normal,,,,,4,黑体;SimHei,,r1:b=TRUE;i=inherit,0,0,0,,MIXED_FORMATTING,formatting_mechanism=MIXED_FORMATTING
HFUT_FMT_DOC,25,P017,1.1.1 三级标题（五号楷体）,Normal,,,,,3,楷体,,,0,0,0,,MIXED_FORMATTING,formatting_mechanism=MIXED_FORMATTING
HFUT_FMT_DOC,26,P018,（各级标题均不转行）,Normal,,,,,1,黑体;SimHei,,,0,0,0,,MIXED_FORMATTING,formatting_mechanism=MIXED_FORMATTING
HFUT_FMT_DOC,27,P019,……,Normal,,first_line_indent=438 twips;21.900 pt,,,1,宋体;SimSun,,,0,0,0,,MIXED_FORMATTING,formatting_mechanism=MIXED_FORMATTING
HFUT_FMT_DOC,28,P020,1.1.2 三级标题（五号楷体）,Normal,,,,,5,楷体,,,0,0,0,,MIXED_FORMATTING,formatting_mechanism=MIXED_FORMATTING
HFUT_FMT_DOC,29,P021,……,Normal,,first_line_indent=438 twips;21.900 pt,,,1,宋体;SimSun,,,0,0,0,,MIXED_FORMATTING,formatting_mechanism=MIXED_FORMATTING
HFUT_FMT_DOC,30,P022,1.2 二级标题（五号黑体）,Normal,,,,,4,黑体;SimHei,,r1:b=TRUE;i=inherit,0,0,0,,MIXED_FORMATTING,formatting_mechanism=MIXED_FORMATTING
HFUT_FMT_DOC,31,P023,……,Normal,,first_line_indent=438 twips;21.900 pt,,,1,宋体;SimSun,,,0,0,0,,MIXED_FORMATTING,formatting_mechanism=MIXED_FORMATTING
HFUT_FMT_DOC,32,P024,2 公式要求,Normal,,,,,4,黑体;SimHei,14,r1:b=TRUE;i=inherit;r2:b=TRUE;i=inherit;r3:b=TRUE;i=inherit;r4:b=TRUE;i=inherit,0,0,0,,MIXED_FORMATTING,formatting_mechanism=MIXED_FORMATTING
HFUT_FMT_DOC,33,P025,本刊公式要求参照下载中心里《学术论文编写规则》（GB/T 7713.2—2022）和《物理科学和技术中使用的数学符号》（GB 3102.11-93）。,Normal,,first_line_indent=430 twips;21.500 pt,,,11,宋体;SimSun,,r2:b=TRUE;i=inherit;r4:b=TRUE;i=inherit;r5:b=TRUE;i=inherit;r6:b=TRUE;i=inherit;r7:b=TRUE;i=inherit;r8:b=TRUE;i=inherit;r9:b=TRUE;i=inherit;r10:b=TRUE;i=inherit,0,0,0,,MIXED_FORMATTING,formatting_mechanism=MIXED_FORMATTING
HFUT_FMT_DOC,34,P026,本刊公式必须用MathType公式编辑器录入编辑，数学式必须以正确的数学形式表示。,Normal,,first_line_indent=438 twips;21.900 pt,,,4,宋体;SimSun,,r2:b=TRUE;i=inherit;r3:b=TRUE;i=inherit,0,0,0,,MIXED_FORMATTING,formatting_mechanism=MIXED_FORMATTING
HFUT_FMT_DOC,35,P027,所有变量均斜体表示，角标一般为正体，当角标为变量时也为斜体；,Normal,,first_line_indent=440 twips;22.000 pt,,,12,宋体;SimSun,,r1:b=TRUE;i=inherit;r2:b=TRUE;i=inherit;r3:b=TRUE;i=inherit,0,0,0,,MIXED_FORMATTING,formatting_mechanism=MIXED_FORMATTING
HFUT_FMT_DOC,36,P028,除函数名和特殊物理量之外，变量均用1个字母表示，可加下标以示区分或补充含义；矩阵、向量、矢量必须用加黑(粗)的斜体字母表示。,Normal,,first_line_indent=462 twips;23.100 pt,,,12,宋体;SimSun,,r2:b=TRUE;i=inherit;r3:b=TRUE;i=inherit;r4:b=TRUE;i=inherit;r6:b=TRUE;i=inherit;r7:b=TRUE;i=inherit;r8:b=TRUE;i=inherit;r9:b=TRUE;i=inherit;r10:b=TRUE;i=inherit,0,0,0,,MIXED_FORMATTING,formatting_mechanism=MIXED_FORMATTING
HFUT_FMT_DOC,37,P029,公式示例如下：,Normal,,first_line_indent=438 twips;21.900 pt,,,1,宋体;SimSun,,,0,0,0,,MIXED_FORMATTING,formatting_mechanism=MIXED_FORMATTING
HFUT_FMT_DOC,38,P030,（1）,Normal,end,,,,5,Times New Roman,,,0,0,1,,MIXED_FORMATTING,formatting_mechanism=MIXED_FORMATTING
HFUT_FMT_DOC,39,P031,（2）,Normal,end,,,,7,Times New Roman,,,1,0,0,,MIXED_FORMATTING,formatting_mechanism=MIXED_FORMATTING
HFUT_FMT_DOC,40,P032,（3）,Normal,end,,,,5,Times New Roman,,,1,0,0,,MIXED_FORMATTING,formatting_mechanism=MIXED_FORMATTING
HFUT_FMT_DOC,41,P033,（当变量为矢量、向量、矩阵时，斜体并加粗）,Style19,,hanging_indent=0 twips;0.000 pt,,,8,黑体;SimHei,,,0,0,0,,MIXED_FORMATTING,formatting_mechanism=MIXED_FORMATTING
HFUT_FMT_DOC,42,P034,（4）,Normal,end,,,,4,,,,1,0,0,,MIXED_FORMATTING,formatting_mechanism=MIXED_FORMATTING
HFUT_FMT_DOC,43,P035,其中：为在t时刻度为的节点中被感染节点的比例；为度为的节点恢复概率；为度为的节点的算法介数；为t时刻感染节点发送信息包的比例。（由字母符号表示的变量，应随数学式对其含义进行解释。）,Normal,,,line_spacing=320 twips;16.000 pt;rule=exact,,26,宋体;SimSun;黑体;SimHei,,r5:b=inherit;i=TRUE;r22:b=inherit;i=TRUE,7,0,0,,MIXED_FORMATTING,formatting_mechanism=MIXED_FORMATTING
HFUT_FMT_DOC,44,P036,3 图表格式要求,Normal,,,,,3,黑体;SimHei,14,r1:b=TRUE;i=inherit;r2:b=TRUE;i=inherit;r3:b=TRUE;i=inherit,0,0,0,,MIXED_FORMATTING,formatting_mechanism=MIXED_FORMATTING
HFUT_FMT_DOC,45,P037,3.1 插图格式要求,Normal,,,,,3,黑体;SimHei,,r1:b=TRUE;i=inherit,0,0,0,,MIXED_FORMATTING,formatting_mechanism=MIXED_FORMATTING
HFUT_FMT_DOC,46,P038,本刊插图具体要求参照下载中心里本刊插图要求及示例的附件。,Normal,,first_line_indent=438 twips;21.900 pt,,,4,,,r2:b=TRUE;i=inherit,0,0,0,,MIXED_FORMATTING,formatting_mechanism=MIXED_FORMATTING
HFUT_FMT_DOC,47,P039,附图连续编号，先文后图，图中字号为6号宋体，图上、下各空1行。,Normal,,first_line_indent=438 twips;21.900 pt,,,10,宋体;SimSun;方正书宋简体;宋体,,,0,0,0,,MIXED_FORMATTING,formatting_mechanism=MIXED_FORMATTING
HFUT_FMT_DOC,48,P040,1）曲线图。建议采用Origin软件绘制曲线图，用复制页面功能插入Word中，不能截图或生成图片插入。曲线图要去掉底纹，只留曲线、坐标轴、刻度、量与单位。相关曲线图示例如图1所示。,Normal,,first_line_indent=429 twips;21.450 pt,line_spacing=320 twips;16.000 pt;rule=exact,,14,楷体,,,0,0,0,,MIXED_FORMATTING,formatting_mechanism=MIXED_FORMATTING
HFUT_FMT_DOC,49,EMPTY_PARAGRAPH_049,,Normal,center,,,,1,,,,1,0,0,,MIXED_FORMATTING,formatting_mechanism=MIXED_FORMATTING
HFUT_FMT_DOC,50,P041,图1 曲线图示例（六号黑体）,Normal,center,,,,6,黑体;SimHei,7.5,r4:b=TRUE;i=inherit;r6:b=TRUE;i=inherit,0,0,0,,MIXED_FORMATTING,formatting_mechanism=MIXED_FORMATTING
HFUT_FMT_DOC,51,EMPTY_PARAGRAPH_051,,Normal,center,,line_spacing=240 twips;12.000 pt;rule=exact,,1,黑体;SimHei,7.5,r1:b=TRUE;i=inherit,0,0,0,,MIXED_FORMATTING,formatting_mechanism=MIXED_FORMATTING
HFUT_FMT_DOC,52,P042,2）流程图、框图及在图中添加文字的图。,Normal,,first_line_indent=438 twips;21.900 pt,line_spacing=320 twips;16.000 pt;rule=exact,,4,宋体;SimSun,,,0,0,0,,MIXED_FORMATTING,formatting_mechanism=MIXED_FORMATTING
HFUT_FMT_DOC,53,P043,建议采用Visio做图，复制到Word中；其他非Origin格式图片中的文字、数字、字母请在Visio中编辑，复制到Word中。相关框架图示例如图2所示。,Normal,,first_line_indent=438 twips;21.900 pt,line_spacing=320 twips;16.000 pt;rule=exact,,13,,,,0,0,0,,MIXED_FORMATTING,formatting_mechanism=MIXED_FORMATTING
HFUT_FMT_DOC,54,EMPTY_PARAGRAPH_054,,Normal,center,,,,1,,,,1,0,0,,MIXED_FORMATTING,formatting_mechanism=MIXED_FORMATTING
HFUT_FMT_DOC,55,P044,图2 框架图示例（Visio软件绘制，图中字六号字）,Normal,center,first_line_indent=316 twips;15.800 pt,,,9,黑体;SimHei,7.5,,0,0,0,,MIXED_FORMATTING,formatting_mechanism=MIXED_FORMATTING
HFUT_FMT_DOC,56,EMPTY_PARAGRAPH_056,,Normal,center,,line_spacing=240 twips;12.000 pt;rule=exact,,1,黑体;SimHei,7.5,r1:b=TRUE;i=inherit,0,0,0,,MIXED_FORMATTING,formatting_mechanism=MIXED_FORMATTING
HFUT_FMT_DOC,57,P045,3.2 表格格式要求,Normal,,,,,4,黑体;SimHei,,r1:b=TRUE;i=inherit;r2:b=TRUE;i=inherit,0,0,0,,MIXED_FORMATTING,formatting_mechanism=MIXED_FORMATTING
HFUT_FMT_DOC,58,P046,本刊表格具体要求参照下载中心里本刊表格要求及示例的附件。,Normal,,first_line_indent=438 twips;21.900 pt,,,4,,,r2:b=TRUE;i=inherit,0,0,0,,MIXED_FORMATTING,formatting_mechanism=MIXED_FORMATTING
HFUT_FMT_DOC,59,P047,表格一律采用三线表。文表呼应，先文后表。表格示例见表1、表2所列。,Normal,,first_line_indent=436 twips;21.800 pt,,,9,方正书宋简体;宋体,,,0,0,0,,MIXED_FORMATTING,formatting_mechanism=MIXED_FORMATTING
HFUT_FMT_DOC,60,EMPTY_PARAGRAPH_060,,Normal,center,,line_spacing=240 twips;12.000 pt;rule=exact,,1,黑体;SimHei,7.5,r1:b=TRUE;i=inherit,0,0,0,,MIXED_FORMATTING,formatting_mechanism=MIXED_FORMATTING
HFUT_FMT_DOC,61,P048,表1 中文表名（六号黑体）,Normal,center,,,,7,方正书宋简体;宋体;黑体;SimHei,7.5,,0,0,0,,MIXED_FORMATTING,formatting_mechanism=MIXED_FORMATTING
HFUT_FMT_DOC,62,P049,方法（六号宋）,Normal,center,hanging_indent=0 twips;0.000 pt;left_indent=-81 twips;-4.050 pt;right_indent=-112 twips;-5.600 pt,,,4,,7.5,,0,0,0,table=1;row=1;cell=1,MIXED_FORMATTING,formatting_mechanism=MIXED_FORMATTING
HFUT_FMT_DOC,63,P050,位移/mm,Normal,center,hanging_indent=0 twips;0.000 pt;left_indent=-37 twips;-1.850 pt;right_indent=-51 twips;-2.550 pt,,,2,,7.5,,0,0,0,table=1;row=1;cell=2,MIXED_FORMATTING,formatting_mechanism=MIXED_FORMATTING
HFUT_FMT_DOC,64,P051,正弯矩/（kN·m）,Normal,center,hanging_indent=0 twips;0.000 pt;left_indent=-37 twips;-1.850 pt;right_indent=-51 twips;-2.550 pt,,,5,,7.5,,0,0,0,table=1;row=1;cell=3,MIXED_FORMATTING,formatting_mechanism=MIXED_FORMATTING
HFUT_FMT_DOC,65,P052,加速度/(m/s2),Normal,center,hanging_indent=0 twips;0.000 pt;left_indent=-37 twips;-1.850 pt;right_indent=-51 twips;-2.550 pt,,,4,,7.5,,0,0,0,table=1;row=1;cell=4,MIXED_FORMATTING,formatting_mechanism=MIXED_FORMATTING
HFUT_FMT_DOC,66,P053,等效计算,Normal,,hanging_indent=0 twips;0.000 pt;left_indent=-81 twips;-4.050 pt,,,1,,7.5,,0,0,0,table=1;row=2;cell=1,MIXED_FORMATTING,formatting_mechanism=MIXED_FORMATTING
HFUT_FMT_DOC,67,P054,12.7,Normal,center,hanging_indent=0 twips;0.000 pt;left_indent=-37 twips;-1.850 pt,,,1,,7.5,,0,0,0,table=1;row=2;cell=2,MIXED_FORMATTING,formatting_mechanism=MIXED_FORMATTING
HFUT_FMT_DOC,68,P055,102.4,Normal,center,hanging_indent=0 twips;0.000 pt;left_indent=-37 twips;-1.850 pt,,,1,,7.5,,0,0,0,table=1;row=2;cell=3,MIXED_FORMATTING,formatting_mechanism=MIXED_FORMATTING
HFUT_FMT_DOC,69,P056,6.78,Normal,center,hanging_indent=0 twips;0.000 pt;left_indent=-37 twips;-1.850 pt,,,1,,7.5,,0,0,0,table=1;row=2;cell=4,MIXED_FORMATTING,formatting_mechanism=MIXED_FORMATTING
HFUT_FMT_DOC,70,P057,实测,Normal,,hanging_indent=0 twips;0.000 pt;left_indent=-37 twips;-1.850 pt,,,1,,7.5,,0,0,0,table=1;row=3;cell=1,MIXED_FORMATTING,formatting_mechanism=MIXED_FORMATTING
HFUT_FMT_DOC,71,P058,10.6,Normal,center,hanging_indent=0 twips;0.000 pt;left_indent=-37 twips;-1.850 pt,,,1,,7.5,,0,0,0,table=1;row=3;cell=2,MIXED_FORMATTING,formatting_mechanism=MIXED_FORMATTING
HFUT_FMT_DOC,72,P059,105.6,Normal,center,hanging_indent=0 twips;0.000 pt;left_indent=-37 twips;-1.850 pt,,,1,,7.5,,0,0,0,table=1;row=3;cell=3,MIXED_FORMATTING,formatting_mechanism=MIXED_FORMATTING
HFUT_FMT_DOC,73,P060,6.84,Normal,center,hanging_indent=0 twips;0.000 pt;left_indent=-37 twips;-1.850 pt,,,1,,7.5,,0,0,0,table=1;row=3;cell=4,MIXED_FORMATTING,formatting_mechanism=MIXED_FORMATTING
HFUT_FMT_DOC,74,EMPTY_PARAGRAPH_074,,Normal,center,,line_spacing=240 twips;12.000 pt;rule=exact,,1,黑体;SimHei,7.5,r1:b=TRUE;i=inherit,0,0,0,,MIXED_FORMATTING,formatting_mechanism=MIXED_FORMATTING
HFUT_FMT_DOC,75,P061,表2 B结构2种拆解实验数据 单位：min,Normal,center,,,,11,黑体;SimHei,7.5,r1:b=TRUE;i=inherit;r2:b=TRUE;i=inherit;r3:b=TRUE;i=inherit;r4:b=TRUE;i=inherit;r5:b=TRUE;i=inherit;r6:b=TRUE;i=inherit;r7:b=TRUE;i=inherit,0,0,0,,MIXED_FORMATTING,formatting_mechanism=MIXED_FORMATTING
HFUT_FMT_DOC,76,P062,序号,Normal,,first_line_indent=159 twips;7.950 pt,line_spacing=240 twips;12.000 pt;rule=exact,,1,,7.5,,0,0,0,table=2;row=1;cell=1,MIXED_FORMATTING,formatting_mechanism=MIXED_FORMATTING
HFUT_FMT_DOC,77,P063,非法拆解,Normal,center,,line_spacing=240 twips;12.000 pt;rule=exact,,2,Times New Roman,7.5,,0,0,0,table=2;row=1;cell=2,MIXED_FORMATTING,formatting_mechanism=MIXED_FORMATTING
HFUT_FMT_DOC,78,P064,回收拆解,Normal,center,,line_spacing=240 twips;12.000 pt;rule=exact,,2,Times New Roman,7.5,,0,0,0,table=2;row=1;cell=3,MIXED_FORMATTING,formatting_mechanism=MIXED_FORMATTING
HFUT_FMT_DOC,79,EMPTY_PARAGRAPH_079,,Normal,center,,line_spacing=240 twips;12.000 pt;rule=exact,,1,,7.5,,0,0,0,table=2;row=2;cell=1,MIXED_FORMATTING,formatting_mechanism=MIXED_FORMATTING
HFUT_FMT_DOC,80,P065,T1,Normal,center,,line_spacing=240 twips;12.000 pt;rule=exact,,2,,7.5,r1:b=inherit;i=TRUE,0,0,0,table=2;row=2;cell=2,MIXED_FORMATTING,formatting_mechanism=MIXED_FORMATTING
HFUT_FMT_DOC,81,P066,T2,Normal,center,,line_spacing=240 twips;12.000 pt;rule=exact,,2,,7.5,r1:b=inherit;i=TRUE,0,0,0,table=2;row=2;cell=3,MIXED_FORMATTING,formatting_mechanism=MIXED_FORMATTING
HFUT_FMT_DOC,82,P067,T1,Normal,center,,line_spacing=240 twips;12.000 pt;rule=exact,,2,,7.5,r1:b=inherit;i=TRUE,0,0,0,table=2;row=2;cell=4,MIXED_FORMATTING,formatting_mechanism=MIXED_FORMATTING
HFUT_FMT_DOC,83,P068,T2,Normal,center,,line_spacing=240 twips;12.000 pt;rule=exact,,2,,7.5,r1:b=inherit;i=TRUE,0,0,0,table=2;row=2;cell=5,MIXED_FORMATTING,formatting_mechanism=MIXED_FORMATTING
HFUT_FMT_DOC,84,P069,1,Normal,center,,line_spacing=240 twips;12.000 pt;rule=exact,,1,,7.5,,0,0,0,table=2;row=3;cell=1,MIXED_FORMATTING,formatting_mechanism=MIXED_FORMATTING
HFUT_FMT_DOC,85,P070,45.0,Normal,center,,line_spacing=240 twips;12.000 pt;rule=exact,,1,,7.5,,0,0,0,table=2;row=3;cell=2,MIXED_FORMATTING,formatting_mechanism=MIXED_FORMATTING
HFUT_FMT_DOC,86,P071,6.0,Normal,center,,line_spacing=240 twips;12.000 pt;rule=exact,,1,,7.5,,0,0,0,table=2;row=3;cell=3,MIXED_FORMATTING,formatting_mechanism=MIXED_FORMATTING
HFUT_FMT_DOC,87,P072,3.0,Normal,center,,line_spacing=240 twips;12.000 pt;rule=exact,,1,,7.5,,0,0,0,table=2;row=3;cell=4,MIXED_FORMATTING,formatting_mechanism=MIXED_FORMATTING
HFUT_FMT_DOC,88,P073,18.0,Normal,center,,line_spacing=240 twips;12.000 pt;rule=exact,,1,,7.5,,0,0,0,table=2;row=3;cell=5,MIXED_FORMATTING,formatting_mechanism=MIXED_FORMATTING
HFUT_FMT_DOC,89,P074,2,Normal,center,,line_spacing=240 twips;12.000 pt;rule=exact,,1,,7.5,,0,0,0,table=2;row=4;cell=1,MIXED_FORMATTING,formatting_mechanism=MIXED_FORMATTING
HFUT_FMT_DOC,90,P075,43.5,Normal,center,,line_spacing=240 twips;12.000 pt;rule=exact,,1,,7.5,,0,0,0,table=2;row=4;cell=2,MIXED_FORMATTING,formatting_mechanism=MIXED_FORMATTING
HFUT_FMT_DOC,91,P076,5.0,Normal,center,,line_spacing=240 twips;12.000 pt;rule=exact,,1,,7.5,,0,0,0,table=2;row=4;cell=3,MIXED_FORMATTING,formatting_mechanism=MIXED_FORMATTING
HFUT_FMT_DOC,92,P077,2.7,Normal,center,,line_spacing=240 twips;12.000 pt;rule=exact,,1,,7.5,,0,0,0,table=2;row=4;cell=4,MIXED_FORMATTING,formatting_mechanism=MIXED_FORMATTING
HFUT_FMT_DOC,93,P078,23.0,Normal,center,,line_spacing=240 twips;12.000 pt;rule=exact,,1,,7.5,,0,0,0,table=2;row=4;cell=5,MIXED_FORMATTING,formatting_mechanism=MIXED_FORMATTING
HFUT_FMT_DOC,94,P079,3,Normal,center,,line_spacing=240 twips;12.000 pt;rule=exact,,1,,7.5,,0,0,0,table=2;row=5;cell=1,MIXED_FORMATTING,formatting_mechanism=MIXED_FORMATTING
HFUT_FMT_DOC,95,P080,46.0,Normal,center,,line_spacing=240 twips;12.000 pt;rule=exact,,1,,7.5,,0,0,0,table=2;row=5;cell=2,MIXED_FORMATTING,formatting_mechanism=MIXED_FORMATTING
HFUT_FMT_DOC,96,P081,5.0,Normal,center,,line_spacing=240 twips;12.000 pt;rule=exact,,1,,7.5,,0,0,0,table=2;row=5;cell=3,MIXED_FORMATTING,formatting_mechanism=MIXED_FORMATTING
HFUT_FMT_DOC,97,P082,2.8,Normal,center,,line_spacing=240 twips;12.000 pt;rule=exact,,1,,7.5,,0,0,0,table=2;row=5;cell=4,MIXED_FORMATTING,formatting_mechanism=MIXED_FORMATTING
HFUT_FMT_DOC,98,P083,22.0,Normal,center,,line_spacing=240 twips;12.000 pt;rule=exact,,1,,7.5,,0,0,0,table=2;row=5;cell=5,MIXED_FORMATTING,formatting_mechanism=MIXED_FORMATTING
HFUT_FMT_DOC,99,P084,4,Normal,center,,line_spacing=240 twips;12.000 pt;rule=exact,,1,,7.5,,0,0,0,table=2;row=6;cell=1,MIXED_FORMATTING,formatting_mechanism=MIXED_FORMATTING
HFUT_FMT_DOC,100,P085,47.3,Normal,center,,line_spacing=240 twips;12.000 pt;rule=exact,,1,,7.5,,0,0,0,table=2;row=6;cell=2,MIXED_FORMATTING,formatting_mechanism=MIXED_FORMATTING
HFUT_FMT_DOC,101,P086,5.1,Normal,center,,line_spacing=240 twips;12.000 pt;rule=exact,,2,,7.5,,0,0,0,table=2;row=6;cell=3,MIXED_FORMATTING,formatting_mechanism=MIXED_FORMATTING
HFUT_FMT_DOC,102,P087,2.9,Normal,center,,line_spacing=240 twips;12.000 pt;rule=exact,,2,,7.5,,0,0,0,table=2;row=6;cell=4,MIXED_FORMATTING,formatting_mechanism=MIXED_FORMATTING
HFUT_FMT_DOC,103,P088,23.1,Normal,center,,line_spacing=240 twips;12.000 pt;rule=exact,,2,,7.5,,0,0,0,table=2;row=6;cell=5,MIXED_FORMATTING,formatting_mechanism=MIXED_FORMATTING
HFUT_FMT_DOC,104,P089,5,Normal,center,,line_spacing=240 twips;12.000 pt;rule=exact,,1,,7.5,,0,0,0,table=2;row=7;cell=1,MIXED_FORMATTING,formatting_mechanism=MIXED_FORMATTING
HFUT_FMT_DOC,105,P090,47.9,Normal,center,,line_spacing=240 twips;12.000 pt;rule=exact,,2,,7.5,,0,0,0,table=2;row=7;cell=2,MIXED_FORMATTING,formatting_mechanism=MIXED_FORMATTING
HFUT_FMT_DOC,106,P091,6.3,Normal,center,,line_spacing=240 twips;12.000 pt;rule=exact,,2,,7.5,,0,0,0,table=2;row=7;cell=3,MIXED_FORMATTING,formatting_mechanism=MIXED_FORMATTING
HFUT_FMT_DOC,107,P092,3.0,Normal,center,,line_spacing=240 twips;12.000 pt;rule=exact,,2,,7.5,,0,0,0,table=2;row=7;cell=4,MIXED_FORMATTING,formatting_mechanism=MIXED_FORMATTING
HFUT_FMT_DOC,108,P093,23.6,Normal,center,,line_spacing=240 twips;12.000 pt;rule=exact,,2,,7.5,,0,0,0,table=2;row=7;cell=5,MIXED_FORMATTING,formatting_mechanism=MIXED_FORMATTING
HFUT_FMT_DOC,109,EMPTY_PARAGRAPH_109,,Style19,,hanging_indent=0 twips;0.000 pt,,,1,,,,0,0,0,,MIXED_FORMATTING,formatting_mechanism=MIXED_FORMATTING
HFUT_FMT_DOC,110,P094,4 结 论,Normal,,,,,4,Times New Roman;黑体;SimHei,14,r1:b=TRUE;i=inherit;r2:b=TRUE;i=inherit;r3:b=TRUE;i=inherit;r4:b=TRUE;i=inherit,0,0,0,,MIXED_FORMATTING,formatting_mechanism=MIXED_FORMATTING
HFUT_FMT_DOC,111,P095,希望作者尽量满足排版格式要求。作者高质量的论文编排，会提高编辑部的工作效率，减少出错率，保证文章按时、正确地出版。,TextBodyIndent,,first_line_indent=438 twips;21.900 pt,,,1,,,,0,0,0,,MIXED_FORMATTING,formatting_mechanism=MIXED_FORMATTING
HFUT_FMT_DOC,112,EMPTY_PARAGRAPH_112,,Normal,,,,,1,方正书宋简体;宋体,,,0,0,0,,MIXED_FORMATTING,formatting_mechanism=MIXED_FORMATTING
HFUT_FMT_DOC,113,P096,[参 考 文 献],Normal,center,,,,3,黑体;SimHei,,r2:b=TRUE;i=inherit;r3:b=TRUE;i=inherit,0,0,0,,MIXED_FORMATTING,formatting_mechanism=MIXED_FORMATTING
HFUT_FMT_DOC,114,EMPTY_PARAGRAPH_114,,Normal,,,line_spacing=240 twips;12.000 pt;rule=exact,,1,方正书宋简体;宋体,9,r1:b=TRUE;i=inherit,0,0,0,,MIXED_FORMATTING,formatting_mechanism=MIXED_FORMATTING
HFUT_FMT_DOC,115,P097,"期刊: [序号] 作者（英文期刊作者姓前名后, 姓应全部著录，首字母应大写，名可缩写为首字母；用汉语拼音著录个人责任者，名宜用全称）.题名[J].刊名（外文刊名尽量不用缩写, 全文统一），出版年，卷(期):起止页码（或文章编号）.",Normal,,hanging_indent=319 twips;15.950 pt;left_indent=319 twips;15.950 pt,line_spacing=320 twips;16.000 pt;rule=exact,,19,,7.5,r1:b=TRUE;i=inherit;r2:b=TRUE;i=inherit;r3:b=TRUE;i=inherit;r4:b=TRUE;i=inherit;r5:b=TRUE;i=inherit;r6:b=TRUE;i=inherit;r8:b=TRUE;i=inherit;r9:b=TRUE;i=inherit;r10:b=TRUE;i=inherit;r11:b=TRUE;i=inherit;r12:b=TRUE;i=inherit;r13:b=TRUE;i=inherit;r14:b=TRUE;i=inherit;r15:b=TRUE;i=inherit;r16:b=TRUE;i=inherit;r17:b=TRUE;i=inherit;r18:b=TRUE;i=inherit;r19:b=TRUE;i=inherit,0,0,0,,MIXED_FORMATTING,formatting_mechanism=MIXED_FORMATTING
HFUT_FMT_DOC,116,P098,"[1] 俞欣,刘晓平,张光伟,等.高架斜坡及车辆诱导效应对污染物传播与暴露风险研究[J].合肥工业大学学报(自然科学版)，2024,47(12):1595-1600.(六号宋体或Times New Roman)",Normal,,hanging_indent=345 twips;17.250 pt;left_indent=345 twips;17.250 pt,line_spacing=280 twips;14.000 pt;rule=exact,,20,宋体;SimSun;方正书宋简体;宋体,7.5,r18:b=TRUE;i=inherit;r19:b=TRUE;i=inherit;r20:b=TRUE;i=inherit,0,0,0,,MIXED_FORMATTING,formatting_mechanism=MIXED_FORMATTING
HFUT_FMT_DOC,117,P099,"[2] Gutiérrez T J, Tovar J. Update of the concept of type 5 resistant starch (RS5): self-assembled starch V-type complexes [J]. Trends in Food Science & Technology, 2021, 109: 711-724. (六号Times New Roman)",Normal,,hanging_indent=318 twips;15.900 pt;left_indent=318 twips;15.900 pt,line_spacing=280 twips;14.000 pt;rule=exact,,9,宋体;SimSun,7.5,r7:b=TRUE;i=inherit;r8:b=TRUE;i=inherit;r9:b=TRUE;i=inherit,0,0,0,,MIXED_FORMATTING,formatting_mechanism=MIXED_FORMATTING
HFUT_FMT_DOC,118,P100,"[3] 刘相阳,夏培斋,徐茜茜,等.再生细骨料水泥砂浆力学性能试验研究[J].混凝土,2020(7):106-108,113.",Normal,,hanging_indent=318 twips;15.900 pt;left_indent=318 twips;15.900 pt,line_spacing=280 twips;14.000 pt;rule=exact,,13,宋体;SimSun,7.5,,0,0,0,,MIXED_FORMATTING,formatting_mechanism=MIXED_FORMATTING
HFUT_FMT_DOC,119,P101,"[4] 张群,程志宝,石志飞.惯性增强动力吸振器-浮置板轨道低频减振性能研究[J/OL].铁道学报,2024-05-09. https://kns.cnki.net/kcms/detail/11.2104.u.20240507.1737.002.html. (注:日期为在线出版日期)",Normal,,hanging_indent=318 twips;15.900 pt;left_indent=318 twips;15.900 pt,line_spacing=280 twips;14.000 pt;rule=exact,,20,,7.5,r16:b=TRUE;i=inherit;r17:b=TRUE;i=inherit;r18:b=TRUE;i=inherit;r19:b=TRUE;i=inherit;r20:b=TRUE;i=inherit,0,0,0,,MIXED_FORMATTING,formatting_mechanism=MIXED_FORMATTING
HFUT_FMT_DOC,120,P102,"[5] 王利平,王福新,刘洪.过冷大水滴环境粒径分布模拟方法研究进展[J].航空学报,2024,45(增刊1):730570.",Normal,,hanging_indent=318 twips;15.900 pt;left_indent=318 twips;15.900 pt,line_spacing=280 twips;14.000 pt;rule=exact,,13,,7.5,,0,0,0,,MIXED_FORMATTING,formatting_mechanism=MIXED_FORMATTING
HFUT_FMT_DOC,121,P103,"[6] Fei Yang, Li Weiqin, Zong Guangquan, et al. Cholecystolithotomy combined Armillarisin A versus cholecystectomy in cirrhotic portal hypertension patients with symptomatic cholelithiasis[J]. Chirurgia, 2017, 112(2): 143-151.",Normal,,hanging_indent=318 twips;15.900 pt;left_indent=318 twips;15.900 pt,line_spacing=280 twips;14.000 pt;rule=exact,,3,,7.5,r2:b=inherit;i=TRUE,0,0,0,,MIXED_FORMATTING,formatting_mechanism=MIXED_FORMATTING
HFUT_FMT_DOC,122,P104,"专著：[序号]作者（格式要求同期刊）.书名[M].版本（第一版不写）.出版地：出版者,出版年:析出文献页码(可以不标注).",Normal,,hanging_indent=228 twips;11.400 pt;left_indent=228 twips;11.400 pt,line_spacing=280 twips;14.000 pt;rule=exact,,19,宋体;SimSun,7.5,r1:b=TRUE;i=inherit;r2:b=TRUE;i=inherit;r3:b=TRUE;i=inherit;r4:b=TRUE;i=inherit;r5:b=TRUE;i=inherit;r6:b=TRUE;i=inherit;r7:b=TRUE;i=inherit;r8:b=TRUE;i=inherit;r9:b=TRUE;i=inherit;r10:b=TRUE;i=inherit;r11:b=TRUE;i=inherit;r12:b=TRUE;i=inherit;r13:b=TRUE;i=inherit;r14:b=TRUE;i=inherit;r15:b=TRUE;i=inherit;r16:b=TRUE;i=inherit;r17:b=TRUE;i=inherit;r18:b=TRUE;i=inherit;r19:b=TRUE;i=inherit,0,0,0,,MIXED_FORMATTING,formatting_mechanism=MIXED_FORMATTING
HFUT_FMT_DOC,123,P105,"[7] 吴业正,李红旗,张华.制冷压缩机[M].3版.北京:机械工业出版社,2019:38-39.",Normal,,hanging_indent=318 twips;15.900 pt;left_indent=318 twips;15.900 pt,line_spacing=280 twips;14.000 pt;rule=exact,,15,宋体;SimSun,7.5,,0,0,0,,MIXED_FORMATTING,formatting_mechanism=MIXED_FORMATTING
HFUT_FMT_DOC,124,P106,"[8] Kelly Rainer R, Turban E, Potter R E, et al. Introduction to information systems[M].3rd ed.[S.l.]: John Wiley & Sons,Inc.,",Normal,,hanging_indent=318 twips;15.900 pt;left_indent=318 twips;15.900 pt,line_spacing=280 twips;14.000 pt;rule=exact,,4,,7.5,,0,0,0,,MIXED_FORMATTING,formatting_mechanism=MIXED_FORMATTING
HFUT_FMT_DOC,125,P107,2010.,Normal,,hanging_indent=80 twips;4.000 pt;left_indent=409 twips;20.450 pt,line_spacing=280 twips;14.000 pt;rule=exact,,1,,7.5,,0,0,0,,MIXED_FORMATTING,formatting_mechanism=MIXED_FORMATTING
HFUT_FMT_DOC,126,P108,"[9] Baliga B T.功率半导体器件基础[M].韩郑生,陆江,宋李梅,等,译.北京:电子工业出版社,2013.",Normal,,hanging_indent=318 twips;15.900 pt;left_indent=318 twips;15.900 pt,line_spacing=280 twips;14.000 pt;rule=exact,,17,宋体;SimSun,7.5,,0,0,0,,MIXED_FORMATTING,formatting_mechanism=MIXED_FORMATTING
HFUT_FMT_DOC,127,P109,"[10] Kinchy A. Seeds, science, and struggle: the global politics of transgenic crops[M]. Cambridge, Mass.: MIT Press, 2012:50.",Normal,,hanging_indent=318 twips;15.900 pt;left_indent=318 twips;15.900 pt,line_spacing=280 twips;14.000 pt;rule=exact,,1,,7.5,,0,0,0,,MIXED_FORMATTING,formatting_mechanism=MIXED_FORMATTING
HFUT_FMT_DOC,128,P110,"会议论文集：[序号]作者（格式要求同期刊）.题名[C]//编者.论文集名（会议名称）.出版地:出版者,出版年:起止页码.",Normal,,hanging_indent=228 twips;11.400 pt;left_indent=228 twips;11.400 pt,line_spacing=280 twips;14.000 pt;rule=exact,,20,宋体;SimSun,7.5,r1:b=TRUE;i=inherit;r2:b=TRUE;i=inherit;r3:b=TRUE;i=inherit;r4:b=TRUE;i=inherit;r5:b=TRUE;i=inherit;r6:b=TRUE;i=inherit;r7:b=TRUE;i=inherit;r8:b=TRUE;i=inherit;r9:b=TRUE;i=inherit;r10:b=TRUE;i=inherit;r11:b=TRUE;i=inherit;r12:b=TRUE;i=inherit;r13:b=TRUE;i=inherit;r14:b=TRUE;i=inherit;r15:b=TRUE;i=inherit;r16:b=TRUE;i=inherit;r17:b=TRUE;i=inherit;r18:b=TRUE;i=inherit;r19:b=TRUE;i=inherit;r20:b=TRUE;i=inherit,0,0,0,,MIXED_FORMATTING,formatting_mechanism=MIXED_FORMATTING
HFUT_FMT_DOC,129,P111,"[11] Rajyalakshmi P, Sathappan S, Jyothi Rani M, et al. A novel image processing system to recognize and classify images using integrated advanced CNN and FPGA for IoT based applications [C]// 2022 4th International Conference on Inventive ",Normal,,hanging_indent=312 twips;15.600 pt;left_indent=312 twips;15.600 pt,line_spacing=280 twips;14.000 pt;rule=exact,,1,,7.5,,0,0,0,,MIXED_FORMATTING,formatting_mechanism=MIXED_FORMATTING
HFUT_FMT_DOC,130,P112,"[12] Fourney M E. Advances in holographic photoelasticity [C]// GottenbergW G. Symposium on Applications of Holography in Mechanics, August23-25, 1971, University of Southern California, Los Angeles, California. New York: ASME, 1971: 17-38.",Normal,,hanging_indent=312 twips;15.600 pt;left_indent=312 twips;15.600 pt,line_spacing=280 twips;14.000 pt;rule=exact,,1,,7.5,,0,0,0,,MIXED_FORMATTING,formatting_mechanism=MIXED_FORMATTING
HFUT_FMT_DOC,131,P113,"[13] 乔晓罡,李文静.从一些国家雨水利用情况谈我国的雨水利用[C]// “建设资源节约型、环境友好型社会”高层论坛论文集.陕西:西安地图出版社,2007:239-242.",Style20,,hanging_indent=312 twips;15.600 pt;left_indent=312 twips;15.600 pt,line_spacing=280 twips;14.000 pt;rule=exact,,14,宋体;SimSun,7.5,,0,0,0,,MIXED_FORMATTING,formatting_mechanism=MIXED_FORMATTING
HFUT_FMT_DOC,132,P114,"[14] 肖希明,石庆功,刘奕.民国图书馆学教育的社会贡献[C]//纪念北京大学图书馆学教育100周年研讨会论文集.北京:北京大学信息管理系,2024:134-147.",Style20,,hanging_indent=312 twips;15.600 pt;left_indent=312 twips;15.600 pt,line_spacing=280 twips;14.000 pt;rule=exact,,17,,7.5,,0,0,0,,MIXED_FORMATTING,formatting_mechanism=MIXED_FORMATTING
HFUT_FMT_DOC,133,EMPTY_PARAGRAPH_133,,Normal,,hanging_indent=228 twips;11.400 pt;left_indent=228 twips;11.400 pt,line_spacing=280 twips;14.000 pt;rule=exact,,1,宋体;SimSun,7.5,r1:b=TRUE;i=inherit,0,0,0,,MIXED_FORMATTING,formatting_mechanism=MIXED_FORMATTING
HFUT_FMT_DOC,134,P115,学位论文：[序号] 作者（格式要求同期刊）.题名[D].保存地点:保存单位，授予年份：引文页码.,Normal,,hanging_indent=228 twips;11.400 pt;left_indent=228 twips;11.400 pt,line_spacing=280 twips;14.000 pt;rule=exact,,12,宋体;SimSun,7.5,r1:b=TRUE;i=inherit;r2:b=TRUE;i=inherit;r3:b=TRUE;i=inherit;r4:b=TRUE;i=inherit;r5:b=TRUE;i=inherit;r6:b=TRUE;i=inherit;r7:b=TRUE;i=inherit;r8:b=TRUE;i=inherit;r9:b=TRUE;i=inherit;r10:b=TRUE;i=inherit;r11:b=TRUE;i=inherit;r12:b=TRUE;i=inherit,0,0,0,,MIXED_FORMATTING,formatting_mechanism=MIXED_FORMATTING
HFUT_FMT_DOC,135,P116,"[15] 王琦.融合星载GNSS-R和SAR数据的高时空分辨率土壤湿度反演方法研究[D].武汉:武汉大学,2022:87.",Normal,,hanging_indent=316 twips;15.800 pt;left_indent=316 twips;15.800 pt,line_spacing=280 twips;14.000 pt;rule=exact,,13,宋体;SimSun,7.5,,0,0,0,,MIXED_FORMATTING,formatting_mechanism=MIXED_FORMATTING
HFUT_FMT_DOC,136,P117,"[16] Christou A. Improving knowledge graph understanding with contextual views [D]. Ohio: Wrigbt State University, 2024: 18.",Normal,,hanging_indent=316 twips;15.800 pt;left_indent=316 twips;15.800 pt,line_spacing=280 twips;14.000 pt;rule=exact,,1,,7.5,,0,0,0,,MIXED_FORMATTING,formatting_mechanism=MIXED_FORMATTING
HFUT_FMT_DOC,137,P118,标准：[序号] 标准编号 标准名称[S].,Normal,,hanging_indent=228 twips;11.400 pt;left_indent=228 twips;11.400 pt,line_spacing=280 twips;14.000 pt;rule=exact,,8,Times New Roman;宋体;SimSun,7.5,r1:b=TRUE;i=inherit;r2:b=TRUE;i=inherit;r3:b=TRUE;i=inherit;r4:b=TRUE;i=inherit;r5:b=TRUE;i=inherit;r6:b=TRUE;i=inherit;r7:b=TRUE;i=inherit;r8:b=TRUE;i=inherit,0,0,0,,MIXED_FORMATTING,formatting_mechanism=MIXED_FORMATTING
HFUT_FMT_DOC,138,P119,[17] GB/T 22068—2018 汽车空调用电动压缩机总成[S].,Normal,,hanging_indent=396 twips;19.800 pt;left_indent=396 twips;19.800 pt,line_spacing=280 twips;14.000 pt;rule=exact,,3,宋体;SimSun,7.5,,0,0,0,,MIXED_FORMATTING,formatting_mechanism=MIXED_FORMATTING
HFUT_FMT_DOC,139,P120,[18] IEC/IEEE 61636-1:2021 Software interface for maintenance information collection and analysis (SIMICA): exchanging test results and session information via the eXtensible Markup Language (XML)[S].,Normal,,hanging_indent=396 twips;19.800 pt;left_indent=396 twips;19.800 pt,line_spacing=280 twips;14.000 pt;rule=exact,,1,,7.5,,0,0,0,,MIXED_FORMATTING,formatting_mechanism=MIXED_FORMATTING
HFUT_FMT_DOC,140,P121,预印本：[序号] 作者（格式要求同期刊）.题名[PP/OL].版本.出版平台(创建或修改日期)[引用日期].获取和访问路径.,Normal,,hanging_indent=228 twips;11.400 pt;left_indent=228 twips;11.400 pt,line_spacing=280 twips;14.000 pt;rule=exact,,18,宋体;SimSun,7.5,r1:b=TRUE;i=inherit;r2:b=TRUE;i=inherit;r3:b=TRUE;i=inherit;r4:b=TRUE;i=inherit;r5:b=TRUE;i=inherit;r6:b=TRUE;i=inherit;r7:b=TRUE;i=inherit;r8:b=TRUE;i=inherit;r9:b=TRUE;i=inherit;r10:b=TRUE;i=inherit;r11:b=TRUE;i=inherit;r12:b=TRUE;i=inherit;r13:b=TRUE;i=inherit;r14:b=TRUE;i=inherit;r15:b=TRUE;i=inherit;r16:b=TRUE;i=inherit;r17:b=TRUE;i=inherit;r18:b=TRUE;i=inherit,0,0,0,,MIXED_FORMATTING,formatting_mechanism=MIXED_FORMATTING
HFUT_FMT_DOC,141,P122,"[19] Courbariaux M, Hubara I, Soudry D, et al. Binarized neural networks: training deep neural networks with weights and activations constrained to +1 or ﹣1[PP/OL].V3.arXiv (2016-03-17)[2025-06-24].http://doi.org/10.48550/arXiv.1602.02830.",Normal,,hanging_indent=396 twips;19.800 pt;left_indent=396 twips;19.800 pt,line_spacing=280 twips;14.000 pt;rule=exact,,3,宋体;SimSun,7.5,,0,0,0,,MIXED_FORMATTING,formatting_mechanism=MIXED_FORMATTING
HFUT_FMT_DOC,142,P123,网页、网站：[序号] 作者（格式要求同期刊）(有则必备).题名[EB/OL]. (创建或修改日期)[引用日期]. 获取和访问路径.,Normal,,hanging_indent=228 twips;11.400 pt;left_indent=228 twips;11.400 pt,line_spacing=280 twips;14.000 pt;rule=exact,,17,宋体;SimSun,7.5,r1:b=TRUE;i=inherit;r2:b=TRUE;i=inherit;r3:b=TRUE;i=inherit;r4:b=TRUE;i=inherit;r5:b=TRUE;i=inherit;r6:b=TRUE;i=inherit;r7:b=TRUE;i=inherit;r8:b=TRUE;i=inherit;r9:b=TRUE;i=inherit;r10:b=TRUE;i=inherit;r11:b=TRUE;i=inherit;r12:b=TRUE;i=inherit;r13:b=TRUE;i=inherit;r14:b=TRUE;i=inherit;r15:b=TRUE;i=inherit;r16:b=TRUE;i=inherit;r17:b=TRUE;i=inherit,0,0,0,,MIXED_FORMATTING,formatting_mechanism=MIXED_FORMATTING
HFUT_FMT_DOC,143,P124,"[20] Antonio M, Pepper L. Historias de Portugal: livros caidos [EB/OL].(2019-07-13)[2025-01-02].https://arquivo.pt/wayback20190905210731/http://publico.pt/2019/07/13/sociedade/noticia/podcast-his-torias-portugal-cuidadores-1879731.",Normal,,hanging_indent=227 twips;11.350 pt;left_indent=227 twips;11.350 pt,line_spacing=280 twips;14.000 pt;rule=exact,,1,,7.5,,0,0,0,,MIXED_FORMATTING,formatting_mechanism=MIXED_FORMATTING
HFUT_FMT_DOC,144,P125,[21] 中国国家博物馆[EB/OL].[2025-05-06]. https://www. chnmuseum.cn/.,Normal,,hanging_indent=227 twips;11.350 pt;left_indent=227 twips;11.350 pt,line_spacing=280 twips;14.000 pt;rule=exact,,3,,7.5,,0,0,0,,MIXED_FORMATTING,formatting_mechanism=MIXED_FORMATTING
HFUT_FMT_DOC,145,P126,专利：[序号] 专利申请者或所有者（格式要求同期刊）. 专利题名：专利编号[P].公告日期或公开日期.,Normal,,hanging_indent=228 twips;11.400 pt;left_indent=228 twips;11.400 pt,line_spacing=280 twips;14.000 pt;rule=exact,,10,宋体;SimSun,7.5,r1:b=TRUE;i=inherit;r2:b=TRUE;i=inherit;r3:b=TRUE;i=inherit;r4:b=TRUE;i=inherit;r5:b=TRUE;i=inherit;r6:b=TRUE;i=inherit;r7:b=TRUE;i=inherit;r8:b=TRUE;i=inherit;r9:b=TRUE;i=inherit;r10:b=TRUE;i=inherit,0,0,0,,MIXED_FORMATTING,formatting_mechanism=MIXED_FORMATTING
HFUT_FMT_DOC,146,P127,[22] 姜锡洲.一种温热外敷药制备方案: 88105607.3[P].1989-07-26.,Normal,,hanging_indent=318 twips;15.900 pt;left_indent=318 twips;15.900 pt,line_spacing=280 twips;14.000 pt;rule=exact,,6,Times New Roman;方正书宋简体;宋体,7.5,,0,0,0,,MIXED_FORMATTING,formatting_mechanism=MIXED_FORMATTING
HFUT_FMT_DOC,147,P128,报告：[序号] 作者(格式要求同期刊).报告题名:报告编号[R].出版地：出版者，出版年：引文页码.,Normal,,hanging_indent=228 twips;11.400 pt;left_indent=228 twips;11.400 pt,line_spacing=280 twips;14.000 pt;rule=exact,,14,宋体;SimSun,7.5,r1:b=TRUE;i=inherit;r2:b=TRUE;i=inherit;r3:b=TRUE;i=inherit;r4:b=TRUE;i=inherit;r5:b=TRUE;i=inherit;r6:b=TRUE;i=inherit;r7:b=TRUE;i=inherit;r8:b=TRUE;i=inherit;r9:b=TRUE;i=inherit;r10:b=TRUE;i=inherit;r11:b=TRUE;i=inherit;r12:b=TRUE;i=inherit;r13:b=TRUE;i=inherit;r14:b=TRUE;i=inherit,0,0,0,,MIXED_FORMATTING,formatting_mechanism=MIXED_FORMATTING
HFUT_FMT_DOC,148,P129,"[23] U.S. Department of Transportation Federal Highway Administration. Guidelines for handing excavated acid- producing materials: PB 9I-194001[R]. Springfield: U.S. Department of Commerce National Information Service, 1990: 25.",Normal,,hanging_indent=318 twips;15.900 pt;left_indent=318 twips;15.900 pt,line_spacing=280 twips;14.000 pt;rule=exact,,1,方正书宋简体;宋体,7.5,,0,0,0,,MIXED_FORMATTING,formatting_mechanism=MIXED_FORMATTING
HFUT_FMT_DOC,149,P130,[24] 中国互联网络信息中心.第29次中国互联网络发展状况统计报告[R/OL].2012-01-16. http://www.cnnic.net.cn/NMediaFile/ old_attach/P020120612484958777344.pdf.,Normal,,hanging_indent=318 twips;15.900 pt;left_indent=318 twips;15.900 pt,,,9,方正书宋简体;宋体,7.5,,0,0,0,,MIXED_FORMATTING,formatting_mechanism=MIXED_FORMATTING
HFUT_FMT_DOC,150,P131,地图：[序号] 主要责任者.题名.比例尺[CM].版本.出版地:出版者，出版年.尺寸.获取和访问路径.,Normal,,hanging_indent=319 twips;15.950 pt;left_indent=319 twips;15.950 pt,,,20,宋体;SimSun,7.5,r1:b=TRUE;i=inherit;r2:b=TRUE;i=inherit;r3:b=TRUE;i=inherit;r4:b=TRUE;i=inherit;r5:b=TRUE;i=inherit;r6:b=TRUE;i=inherit;r7:b=TRUE;i=inherit;r8:b=TRUE;i=inherit;r9:b=TRUE;i=inherit;r10:b=TRUE;i=inherit;r11:b=TRUE;i=inherit;r12:b=TRUE;i=inherit;r13:b=TRUE;i=inherit;r14:b=TRUE;i=inherit;r15:b=TRUE;i=inherit;r16:b=TRUE;i=inherit;r17:b=TRUE;i=inherit;r18:b=TRUE;i=inherit;r19:b=TRUE;i=inherit;r20:b=TRUE;i=inherit,0,0,0,,MIXED_FORMATTING,formatting_mechanism=MIXED_FORMATTING
HFUT_FMT_DOC,151,P132,"[25] 胡健民.东南极拉斯曼丘陵地区地质图.1:25 000[CM].北京:科学出版社,2021.128 cm×84 cm.",Normal,,hanging_indent=318 twips;15.900 pt;left_indent=318 twips;15.900 pt,,,11,方正书宋简体;宋体,7.5,,0,0,0,,MIXED_FORMATTING,formatting_mechanism=MIXED_FORMATTING
HFUT_FMT_DOC,152,P133,[26] 国家测绘地理信息局. 一带一路经济走廊及其途经城市分布地势图[CM/OL].http://ydy.china.com.cn/2016-10/27/,Normal,,hanging_indent=318 twips;15.900 pt;left_indent=318 twips;15.900 pt,,,6,方正书宋简体;宋体,7.5,,0,0,0,,MIXED_FORMATTING,formatting_mechanism=MIXED_FORMATTING
HFUT_FMT_DOC,153,P134,content_39582227.htm.,Normal,,first_line_indent=318 twips;15.900 pt,,,2,方正书宋简体;宋体,7.5,,0,0,0,,MIXED_FORMATTING,formatting_mechanism=MIXED_FORMATTING
HFUT_FMT_DOC,154,EMPTY_PARAGRAPH_154,,Normal,,hanging_indent=318 twips;15.900 pt;left_indent=318 twips;15.900 pt,line_spacing=280 twips;14.000 pt;rule=exact,,1,方正书宋简体;宋体,7.5,,0,0,0,,MIXED_FORMATTING,formatting_mechanism=MIXED_FORMATTING
HFUT_FIG_DOC,1,P001,插图要求及示例,Heading1,center,,space_before_pt=15.6;space_after_pt=15.6;line_spacing=240 twips;12.000 pt;rule=auto,,1,黑体;SimHei,,,0,0,0,,MIXED_FORMATTING,formatting_mechanism=MIXED_FORMATTING
HFUT_FIG_DOC,2,EMPTY_PARAGRAPH_002,,Normal,,,,,1,黑体;SimHei,,r1:b=TRUE;i=inherit,0,0,0,,MIXED_FORMATTING,formatting_mechanism=MIXED_FORMATTING
HFUT_FIG_DOC,3,EMPTY_PARAGRAPH_003,,Normal(implicit),,,,,0,,,,0,0,0,,NAMED_STYLE_FORMATTING,formatting_mechanism=NAMED_STYLE_FORMATTING
HFUT_FIG_DOC,4,P002,1 插图要求,Normal,,,line_spacing=360 twips;18.000 pt;rule=auto,,3,黑体;SimHei,14,,0,0,0,,MIXED_FORMATTING,formatting_mechanism=MIXED_FORMATTING
HFUT_FIG_DOC,5,P003,插图的排版可以参考《学术出版规范 插图》（CY/T 171—2019）和《学术论文编写规则》（GB/T 7713.2—2022）。,Normal,,first_line_indent=420 twips;21.000 pt,line_spacing=320 twips;16.000 pt;rule=exact,,14,Times New Roman;方正书宋简体;宋体,,,0,0,0,,MIXED_FORMATTING,formatting_mechanism=MIXED_FORMATTING
HFUT_FIG_DOC,6,P004,本刊单栏图宽度不大于7.5 cm，通栏图宽度不大于16.0 cm；图中汉字字体为宋体，字母、数字字体为Times New Roman；满足上述宽度要求后，Visio图字号为8 pt，其他图中文字大小相当于word六号。,Normal,,first_line_indent=418 twips;20.900 pt,line_spacing=320 twips;16.000 pt;rule=exact,,31,,10.5,r4:b=TRUE;i=inherit;r5:b=TRUE;i=inherit;r8:b=TRUE;i=inherit;r9:b=TRUE;i=inherit;r10:b=TRUE;i=inherit;r11:b=TRUE;i=inherit;r12:b=TRUE;i=inherit;r13:b=TRUE;i=inherit;r18:b=TRUE;i=inherit;r20:b=TRUE;i=inherit,0,0,0,,MIXED_FORMATTING,formatting_mechanism=MIXED_FORMATTING
HFUT_FIG_DOC,7,P005,曲线图：建议用Origin做曲线图，用复制页面功能插入Word中，不能截图或生成图片插入。曲线图必须包含曲线、坐标轴、刻度、数值、量与相应单位，删除底纹、底色。,Normal,,first_line_indent=420 twips;21.000 pt,line_spacing=320 twips;16.000 pt;rule=exact,,19,,,r1:b=TRUE;i=inherit;r2:b=TRUE;i=inherit;r4:b=TRUE;i=inherit,0,0,0,,MIXED_FORMATTING,formatting_mechanism=MIXED_FORMATTING
HFUT_FIG_DOC,8,P006,流程图、框图：用Visio做图，复制到Word中，不能生成图片。,Normal,,first_line_indent=420 twips;21.000 pt,line_spacing=320 twips;16.000 pt;rule=exact,,8,,,r1:b=TRUE;i=inherit;r2:b=TRUE;i=inherit;r4:b=TRUE;i=inherit,0,0,0,,MIXED_FORMATTING,formatting_mechanism=MIXED_FORMATTING
HFUT_FIG_DOC,9,P007,其他类型图（图中有文字）：将图片插入Visio，其中的文字、数字、字母在Visio中添加、编辑，整图复制到Word中，不能生成图片。,Normal,,first_line_indent=420 twips;21.000 pt,line_spacing=320 twips;16.000 pt;rule=exact,,19,,,r1:b=TRUE;i=inherit;r2:b=TRUE;i=inherit;r3:b=TRUE;i=inherit;r7:b=TRUE;i=inherit;r10:b=TRUE;i=inherit,0,0,0,,MIXED_FORMATTING,formatting_mechanism=MIXED_FORMATTING
HFUT_FIG_DOC,10,P008,文图呼应，先文后图，如“……如图1所示”。,Normal,,first_line_indent=418 twips;20.900 pt,line_spacing=320 twips;16.000 pt;rule=exact,,8,方正书宋简体;宋体,,,0,0,0,,MIXED_FORMATTING,formatting_mechanism=MIXED_FORMATTING
HFUT_FIG_DOC,11,P009,附图全文连续编号，子图应编序号，有时还需有子图题。子图序号用（a）、(b)、(c)等，正文中描述时，形式如“图1a”。,Normal,,first_line_indent=418 twips;20.900 pt,line_spacing=320 twips;16.000 pt;rule=exact,,11,方正书宋简体;宋体,,,0,0,0,,MIXED_FORMATTING,formatting_mechanism=MIXED_FORMATTING
HFUT_FIG_DOC,12,P010,2 不同类型插图示例,Normal,,,line_spacing=360 twips;18.000 pt;rule=auto,,3,黑体;SimHei,14,,0,0,0,,MIXED_FORMATTING,formatting_mechanism=MIXED_FORMATTING
HFUT_FIG_DOC,13,P011,例1 流程图(Visio图),Normal,,,line_spacing=320 twips;16.000 pt;rule=exact,,8,黑体;SimHei,,r1:b=TRUE;i=inherit;r2:b=TRUE;i=inherit;r3:b=TRUE;i=inherit;r4:b=TRUE;i=inherit,0,0,0,,MIXED_FORMATTING,formatting_mechanism=MIXED_FORMATTING
HFUT_FIG_DOC,14,P012,基于随机森林的控制图模式识别模型如图1所示。,Normal,,first_line_indent=420 twips;21.000 pt,line_spacing=320 twips;16.000 pt;rule=exact,,4,,,,0,0,0,,MIXED_FORMATTING,formatting_mechanism=MIXED_FORMATTING
HFUT_FIG_DOC,15,EMPTY_PARAGRAPH_015,,Normal(implicit),,,,,0,,,,0,0,0,,NAMED_STYLE_FORMATTING,formatting_mechanism=NAMED_STYLE_FORMATTING
HFUT_FIG_DOC,16,EMPTY_PARAGRAPH_016,,Normal,center,,line_spacing=240 twips;12.000 pt;rule=exact,,1,,,,0,0,0,,MIXED_FORMATTING,formatting_mechanism=MIXED_FORMATTING
HFUT_FIG_DOC,17,EMPTY_PARAGRAPH_017,,Normal,center,,,,1,,,,1,0,0,,MIXED_FORMATTING,formatting_mechanism=MIXED_FORMATTING
HFUT_FIG_DOC,18,P013,图1 基于随机森林的控制图模式识别模型(6号黑体，居中),Normal,center,,,,7,黑体;SimHei,7.5;9,r1:b=TRUE;i=inherit;r2:b=TRUE;i=inherit;r3:b=TRUE;i=inherit;r4:b=TRUE;i=inherit,0,0,0,,MIXED_FORMATTING,formatting_mechanism=MIXED_FORMATTING
HFUT_FIG_DOC,19,EMPTY_PARAGRAPH_019,,Normal,center,,line_spacing=240 twips;12.000 pt;rule=exact,,1,,9,,0,0,0,,MIXED_FORMATTING,formatting_mechanism=MIXED_FORMATTING
HFUT_FIG_DOC,20,EMPTY_PARAGRAPH_020,,Normal(implicit),,,,,0,,,,0,0,0,,NAMED_STYLE_FORMATTING,formatting_mechanism=NAMED_STYLE_FORMATTING
HFUT_FIG_DOC,21,P014,例2 曲线图（Origin图）,Normal,,,line_spacing=320 twips;16.000 pt;rule=exact,,7,黑体;SimHei,,r1:b=TRUE;i=inherit;r2:b=TRUE;i=inherit;r3:b=TRUE;i=inherit;r4:b=TRUE;i=inherit,0,0,0,,MIXED_FORMATTING,formatting_mechanism=MIXED_FORMATTING
HFUT_FIG_DOC,22,P015,坐标图中，一定要注明坐标轴物理量名称和国际标准单位，标值线朝向里侧，变量名用斜体，单位用正体，分隔符为“/”，如应力“/MPa”。组合单位应加括号，如密度/（kg/m3），注意特殊情况，角度/(°)必须加括号。,Normal,,first_line_indent=418 twips;20.900 pt,line_spacing=320 twips;16.000 pt;rule=exact,,18,,,r2:b=TRUE;i=inherit;r3:b=TRUE;i=inherit;r4:b=TRUE;i=inherit,0,0,1,,MIXED_FORMATTING,formatting_mechanism=MIXED_FORMATTING
HFUT_FIG_DOC,23,P016,柱状图注意给出标目，如“实验组别”、“制备过程”等。,Normal,,first_line_indent=420 twips;21.000 pt,line_spacing=320 twips;16.000 pt;rule=exact,,2,Times New Roman,,,0,0,0,,MIXED_FORMATTING,formatting_mechanism=MIXED_FORMATTING
HFUT_FIG_DOC,24,P017,发动机转矩和油耗率如图2所示。溶颗粒制备过程中活菌量的变化如图3所示。,Normal,,first_line_indent=420 twips;21.000 pt,line_spacing=320 twips;16.000 pt;rule=exact,,6,宋体;SimSun,,,0,0,0,,MIXED_FORMATTING,formatting_mechanism=MIXED_FORMATTING
HFUT_FIG_DOC,25,EMPTY_PARAGRAPH_025,,Normal,,first_line_indent=420 twips;21.000 pt,line_spacing=240 twips;12.000 pt;rule=exact,,1,宋体;SimSun,,,0,0,0,,MIXED_FORMATTING,formatting_mechanism=MIXED_FORMATTING
HFUT_FIG_DOC,26,P018,图2 发动机转矩和油耗率,Normal,center,,,,5,黑体;SimHei,7.5,r2:b=TRUE;i=inherit;r3:b=TRUE;i=inherit;r4:b=TRUE;i=inherit;r5:b=TRUE;i=inherit,1,0,0,,MIXED_FORMATTING,formatting_mechanism=MIXED_FORMATTING
HFUT_FIG_DOC,27,EMPTY_PARAGRAPH_027,,Normal,center,,line_spacing=240 twips;12.000 pt;rule=exact,,1,黑体;SimHei,7.5,r1:b=TRUE;i=inherit,0,0,0,,MIXED_FORMATTING,formatting_mechanism=MIXED_FORMATTING
HFUT_FIG_DOC,28,EMPTY_PARAGRAPH_028,,Normal,center,,,,1,,,,1,0,0,,MIXED_FORMATTING,formatting_mechanism=MIXED_FORMATTING
HFUT_FIG_DOC,29,P019,图3 溶颗粒制备过程中活菌量的变化,Normal,center,,,,4,黑体;SimHei,7.5,r1:b=TRUE;i=inherit;r2:b=TRUE;i=inherit;r3:b=TRUE;i=inherit;r4:b=TRUE;i=inherit,0,0,0,,MIXED_FORMATTING,formatting_mechanism=MIXED_FORMATTING
HFUT_FIG_DOC,30,EMPTY_PARAGRAPH_030,,Normal,center,,line_spacing=240 twips;12.000 pt;rule=exact,,1,黑体;SimHei,7.5,r1:b=TRUE;i=inherit,0,0,0,,MIXED_FORMATTING,formatting_mechanism=MIXED_FORMATTING
HFUT_FIG_DOC,31,P020,例3 部件介绍图,Normal,,,line_spacing=320 twips;16.000 pt;rule=exact,,3,黑体;SimHei,,r1:b=TRUE;i=inherit;r2:b=TRUE;i=inherit;r3:b=TRUE;i=inherit,0,0,0,,MIXED_FORMATTING,formatting_mechanism=MIXED_FORMATTING
HFUT_FIG_DOC,32,P021,ATM爆炸图如图4所示。图中数字按顺时针或逆时针顺序给出；指线不加箭头。,Normal,,first_line_indent=418 twips;20.900 pt,line_spacing=320 twips;16.000 pt;rule=exact,,5,,,r5:b=TRUE;i=inherit,0,0,0,,MIXED_FORMATTING,formatting_mechanism=MIXED_FORMATTING
HFUT_FIG_DOC,33,EMPTY_PARAGRAPH_033,,Normal,,first_line_indent=418 twips;20.900 pt,line_spacing=240 twips;12.000 pt;rule=exact,,1,,,,0,0,0,,MIXED_FORMATTING,formatting_mechanism=MIXED_FORMATTING
HFUT_FIG_DOC,34,EMPTY_PARAGRAPH_034,,Normal,center,,,,1,,,,1,0,0,,MIXED_FORMATTING,formatting_mechanism=MIXED_FORMATTING
HFUT_FIG_DOC,35,P022,图4 ATM爆炸图（Visio作图，数字顺时针顺序）,Normal,center,,line_spacing=280 twips;14.000 pt;rule=exact,,8,黑体;SimHei,7.5,r1:b=TRUE;i=inherit;r2:b=TRUE;i=inherit;r3:b=TRUE;i=inherit;r4:b=TRUE;i=inherit;r5:b=TRUE;i=inherit,0,0,0,,MIXED_FORMATTING,formatting_mechanism=MIXED_FORMATTING
HFUT_FIG_DOC,36,EMPTY_PARAGRAPH_036,,Normal,center,,,,1,黑体;SimHei,7.5,r1:b=TRUE;i=inherit,0,0,0,,MIXED_FORMATTING,formatting_mechanism=MIXED_FORMATTING
HFUT_FIG_DOC,37,P023,例4 含变量的示例图,Normal,,,line_spacing=320 twips;16.000 pt;rule=exact,,3,黑体;SimHei,,r1:b=TRUE;i=inherit;r2:b=TRUE;i=inherit;r3:b=TRUE;i=inherit,0,0,0,,MIXED_FORMATTING,formatting_mechanism=MIXED_FORMATTING
HFUT_FIG_DOC,38,P024,图中含有相关变量时，正斜体要区分，标量矢量也需要区分。一般采用Visio软件在图中添加文字或变量等。图中变量为矢量、向量、矩阵时变量字母需加粗，下标中的说明性字母用正体。三自由度模型如图5所示。,Normal,,first_line_indent=420 twips;21.000 pt,line_spacing=320 twips;16.000 pt;rule=exact,,10,宋体;SimSun,,r4:b=TRUE;i=inherit;r5:b=TRUE;i=inherit;r6:b=TRUE;i=inherit;r7:b=TRUE;i=inherit,0,0,0,,MIXED_FORMATTING,formatting_mechanism=MIXED_FORMATTING
HFUT_FIG_DOC,39,EMPTY_PARAGRAPH_039,,Normal,,first_line_indent=420 twips;21.000 pt,line_spacing=240 twips;12.000 pt;rule=exact,,1,,,,0,0,0,,MIXED_FORMATTING,formatting_mechanism=MIXED_FORMATTING
HFUT_FIG_DOC,40,P025,图5 三自由度模型（Visio作图）,Normal,center,,,,7,黑体;SimHei,7.5,r2:b=TRUE;i=inherit;r3:b=TRUE;i=inherit;r4:b=TRUE;i=inherit,1,0,0,,MIXED_FORMATTING,formatting_mechanism=MIXED_FORMATTING
HFUT_FIG_DOC,41,EMPTY_PARAGRAPH_041,,Normal,center,,line_spacing=240 twips;12.000 pt;rule=exact,,1,黑体;SimHei,7.5,r1:b=TRUE;i=inherit,0,0,0,,MIXED_FORMATTING,formatting_mechanism=MIXED_FORMATTING
HFUT_FIG_DOC,42,P026,例5 尺寸标注图,Normal,,,line_spacing=320 twips;16.000 pt;rule=exact,,3,黑体;SimHei,,r1:b=TRUE;i=inherit;r2:b=TRUE;i=inherit;r3:b=TRUE;i=inherit,0,0,0,,MIXED_FORMATTING,formatting_mechanism=MIXED_FORMATTING
HFUT_FIG_DOC,43,P027,构造图、装配图中的尺寸数据应标注单位，共同单位放在图的右下角或左下角，写作“单位：××”。,Normal,,first_line_indent=420 twips;21.000 pt,line_spacing=320 twips;16.000 pt;rule=exact,,4,,,r2:b=TRUE;i=inherit;r3:b=TRUE;i=inherit;r4:b=TRUE;i=inherit,0,0,0,,MIXED_FORMATTING,formatting_mechanism=MIXED_FORMATTING
HFUT_FIG_DOC,44,P028,耳片孔试样形状与尺寸如图6所示。,Normal,,first_line_indent=420 twips;21.000 pt,line_spacing=320 twips;16.000 pt;rule=exact,,3,,,,0,0,0,,MIXED_FORMATTING,formatting_mechanism=MIXED_FORMATTING
HFUT_FIG_DOC,45,EMPTY_PARAGRAPH_045,,Normal,center,,line_spacing=240 twips;12.000 pt;rule=exact,,1,黑体;SimHei,,r1:b=TRUE;i=inherit,0,0,0,,MIXED_FORMATTING,formatting_mechanism=MIXED_FORMATTING
HFUT_FIG_DOC,46,P029,图6 耳片孔试样形状与尺寸（右下角“单位：mm”）,Normal,center,,,,7,黑体;SimHei,7.5,r2:b=TRUE;i=inherit;r3:b=TRUE;i=inherit;r4:b=TRUE;i=inherit,1,0,0,,MIXED_FORMATTING,formatting_mechanism=MIXED_FORMATTING
HFUT_FIG_DOC,47,EMPTY_PARAGRAPH_047,,Normal,center,,,,1,黑体;SimHei,7.5,r1:b=TRUE;i=inherit,0,0,0,,MIXED_FORMATTING,formatting_mechanism=MIXED_FORMATTING
HFUT_FIG_DOC,48,P030,例6共用横轴图,Normal,,,line_spacing=320 twips;16.000 pt;rule=exact,,3,黑体;SimHei,,r1:b=TRUE;i=inherit;r2:b=TRUE;i=inherit;r3:b=TRUE;i=inherit,0,0,0,,MIXED_FORMATTING,formatting_mechanism=MIXED_FORMATTING
HFUT_FIG_DOC,49,P031,工况超声信号小波包分量如图7所示。,Normal,,first_line_indent=420 twips;21.000 pt,line_spacing=320 twips;16.000 pt;rule=exact,,3,,,,0,0,0,,MIXED_FORMATTING,formatting_mechanism=MIXED_FORMATTING
HFUT_FIG_DOC,50,EMPTY_PARAGRAPH_050,,Normal,,first_line_indent=422 twips;21.100 pt,line_spacing=240 twips;12.000 pt;rule=exact,,1,黑体;SimHei,,r1:b=TRUE;i=inherit,0,0,0,,MIXED_FORMATTING,formatting_mechanism=MIXED_FORMATTING
HFUT_FIG_DOC,51,EMPTY_PARAGRAPH_051,,Normal,center,,,,1,,,,1,0,0,,MIXED_FORMATTING,formatting_mechanism=MIXED_FORMATTING
HFUT_FIG_DOC,52,P032,图7 工况超声信号小波包分量,Normal,center,,,,4,黑体;SimHei,7.5,r1:b=TRUE;i=inherit;r2:b=TRUE;i=inherit;r3:b=TRUE;i=inherit;r4:b=TRUE;i=inherit,0,0,0,,MIXED_FORMATTING,formatting_mechanism=MIXED_FORMATTING
HFUT_FIG_DOC,53,P033,例7 共用竖轴图,Normal,,,line_spacing=320 twips;16.000 pt;rule=exact,,3,黑体;SimHei,,r1:b=TRUE;i=inherit;r2:b=TRUE;i=inherit;r3:b=TRUE;i=inherit,0,0,0,,MIXED_FORMATTING,formatting_mechanism=MIXED_FORMATTING
HFUT_FIG_DOC,54,P034,MHPCS800降解OG的循环使用如图8所示。,Normal,,first_line_indent=420 twips;21.000 pt,line_spacing=320 twips;16.000 pt;rule=exact,,7,,,,0,0,0,,MIXED_FORMATTING,formatting_mechanism=MIXED_FORMATTING
HFUT_FIG_DOC,55,EMPTY_PARAGRAPH_055,,Normal,,first_line_indent=420 twips;21.000 pt,line_spacing=240 twips;12.000 pt;rule=exact,,1,,,,0,0,0,,MIXED_FORMATTING,formatting_mechanism=MIXED_FORMATTING
HFUT_FIG_DOC,56,EMPTY_PARAGRAPH_056,,Normal,center,,,,1,,,,1,0,0,,MIXED_FORMATTING,formatting_mechanism=MIXED_FORMATTING
HFUT_FIG_DOC,57,P035,图8 MHPCS800降解OG的循环使用,Normal,center,,,,8,黑体;SimHei,7.5,r1:b=TRUE;i=inherit;r2:b=TRUE;i=inherit;r3:b=TRUE;i=inherit;r4:b=TRUE;i=inherit;r5:b=TRUE;i=inherit;r6:b=TRUE;i=inherit;r7:b=TRUE;i=inherit;r8:b=TRUE;i=inherit,0,0,0,,MIXED_FORMATTING,formatting_mechanism=MIXED_FORMATTING
HFUT_FIG_DOC,58,EMPTY_PARAGRAPH_058,,Normal,center,,line_spacing=240 twips;12.000 pt;rule=exact,,1,黑体;SimHei,7.5,r1:b=TRUE;i=inherit,0,0,0,,MIXED_FORMATTING,formatting_mechanism=MIXED_FORMATTING
HFUT_FIG_DOC,59,P036,例8 仿真云图,Normal,,,line_spacing=320 twips;16.000 pt;rule=exact,,4,黑体;SimHei,,r1:b=TRUE;i=inherit;r2:b=TRUE;i=inherit;r3:b=TRUE;i=inherit;r4:b=TRUE;i=inherit,0,0,0,,MIXED_FORMATTING,formatting_mechanism=MIXED_FORMATTING
HFUT_FIG_DOC,60,P037,仿真软件生成的图片，仿真形成的反映数值大小彩色柱上方应注明相关参数名称，参数有单位时需注明单位。CH4分布云图和温度分布云图如图9所示。,Normal,,first_line_indent=420 twips;21.000 pt,,,8,,,r2:b=TRUE;i=inherit,0,0,0,,MIXED_FORMATTING,formatting_mechanism=MIXED_FORMATTING
HFUT_FIG_DOC,61,EMPTY_PARAGRAPH_061,,Normal,,,line_spacing=240 twips;12.000 pt;rule=exact,,1,黑体;SimHei,,r1:b=TRUE;i=inherit,0,0,0,,MIXED_FORMATTING,formatting_mechanism=MIXED_FORMATTING
HFUT_FIG_DOC,62,EMPTY_PARAGRAPH_062,,Normal,center,,,,1,,,,1,0,0,,MIXED_FORMATTING,formatting_mechanism=MIXED_FORMATTING
HFUT_FIG_DOC,63,P038,（a）CH4分布云图,Normal,center,,,,6,,7.5,,0,0,0,,MIXED_FORMATTING,formatting_mechanism=MIXED_FORMATTING
HFUT_FIG_DOC,64,EMPTY_PARAGRAPH_064,,Normal,center,,,,1,,,,1,0,0,,MIXED_FORMATTING,formatting_mechanism=MIXED_FORMATTING
HFUT_FIG_DOC,65,P039,（b）温度分布云图,Normal,center,,,,4,,7.5,,0,0,0,,MIXED_FORMATTING,formatting_mechanism=MIXED_FORMATTING
HFUT_FIG_DOC,66,P040,图9 CH4分布云图和温度分布云图,Normal,center,,,,5,黑体;SimHei,7.5,r1:b=TRUE;i=inherit;r2:b=TRUE;i=inherit;r3:b=TRUE;i=inherit;r4:b=TRUE;i=inherit;r5:b=TRUE;i=inherit,0,0,0,,MIXED_FORMATTING,formatting_mechanism=MIXED_FORMATTING
HFUT_FIG_DOC,67,EMPTY_PARAGRAPH_067,,Normal,,,line_spacing=240 twips;12.000 pt;rule=exact,,1,黑体;SimHei,7.5,r1:b=TRUE;i=inherit,0,0,0,,MIXED_FORMATTING,formatting_mechanism=MIXED_FORMATTING
HFUT_FIG_DOC,68,P041,例9 地质图要求,Normal,,,line_spacing=320 twips;16.000 pt;rule=exact,,4,黑体;SimHei,,r1:b=TRUE;i=inherit;r2:b=TRUE;i=inherit;r3:b=TRUE;i=inherit;r4:b=TRUE;i=inherit,0,0,0,,MIXED_FORMATTING,formatting_mechanism=MIXED_FORMATTING
HFUT_FIG_DOC,69,P042,1）文章中所有地图内容，既可用表格又可用地图表示时，建议一律使用表格表示。,Normal,,first_line_indent=418 twips;20.900 pt,,,5,,,r4:b=TRUE;i=inherit,0,0,0,,MIXED_FORMATTING,formatting_mechanism=MIXED_FORMATTING
HFUT_FIG_DOC,70,P043,2）可改简易图（示意图）的图件，请在成图时完成修改，即只保留与论文研究相关的有用信息（如台站、测点等），去掉容易引起争议的国界线、省界线等。,Normal,,first_line_indent=418 twips;20.900 pt,,,4,,,r3:b=TRUE;i=inherit,0,0,0,,MIXED_FORMATTING,formatting_mechanism=MIXED_FORMATTING
HFUT_FIG_DOC,71,P044,3）如果必须采用地图表示，删除地图会影响论文学术质量和内容完整性的，请从国家测绘地理信息局标准地图服务网站（http://bzdt.ch.mnr.gov.cn/）或地方地图官方网站下载相关地理底图，在不改变底图情况下，添加需要的信息。凡涉及国界线、全国地图中边界线要正确，要有台湾岛、海南岛、钓鱼岛、赤尾屿、南海诸岛等重要岛屿。,Normal,,first_line_indent=418 twips;20.900 pt,,,6,,,r3:b=TRUE;i=inherit;r4:b=TRUE;i=inherit;r5:b=TRUE;i=inherit,0,0,0,,MIXED_FORMATTING,formatting_mechanism=MIXED_FORMATTING
HFUT_FIG_DOC,72,P045,4）对文章涉及的每一幅地图作者须标明“该图基于国家测绘地理信息局标准地图服务网站下载的审图号为×××的标准地图制作，底图无修改”或“该图基于××省标准地图服务网站下载的审图号为×××的标准地图制作，底图无修改”。,Normal,,first_line_indent=418 twips;20.900 pt,,,13,,,r3:b=TRUE;i=inherit;r4:b=TRUE;i=inherit;r5:b=TRUE;i=inherit;r7:b=TRUE;i=inherit;r8:b=TRUE;i=inherit;r9:b=TRUE;i=inherit;r10:b=TRUE;i=inherit;r11:b=TRUE;i=inherit;r12:b=TRUE;i=inherit,0,0,0,,MIXED_FORMATTING,formatting_mechanism=MIXED_FORMATTING
HFUT_FIG_DOC,73,P046,淮南市土壤类型及样点分布如图10（基于自然资源部网站下载的审图号为GS (2019)333的标准地图绘制，底图无修改）所示。,Normal,,first_line_indent=418 twips;20.900 pt,,,5,,,,0,0,0,,MIXED_FORMATTING,formatting_mechanism=MIXED_FORMATTING
HFUT_FIG_DOC,74,EMPTY_PARAGRAPH_074,,Normal,,,line_spacing=240 twips;12.000 pt;rule=exact,,1,黑体;SimHei,,r1:b=TRUE;i=inherit,0,0,0,,MIXED_FORMATTING,formatting_mechanism=MIXED_FORMATTING
HFUT_FIG_DOC,75,P047,图10 淮南市土壤类型及样点分布,Normal,center,,,,4,黑体;SimHei,7.5,,1,0,0,,MIXED_FORMATTING,formatting_mechanism=MIXED_FORMATTING
HFUT_FIG_DOC,76,EMPTY_PARAGRAPH_076,,Normal,,,line_spacing=240 twips;12.000 pt;rule=exact,,1,,7.5,,0,0,0,,MIXED_FORMATTING,formatting_mechanism=MIXED_FORMATTING
HFUT_FIG_DOC,77,P048,地质示意图需要给出指北和比例尺。,Normal,,first_line_indent=418 twips;20.900 pt,,,4,,,,0,0,0,,MIXED_FORMATTING,formatting_mechanism=MIXED_FORMATTING
HFUT_FIG_DOC,78,P049,大别山区域地质略图如图11所示。,Normal,,first_line_indent=418 twips;20.900 pt,,,4,,,,0,0,0,,MIXED_FORMATTING,formatting_mechanism=MIXED_FORMATTING
HFUT_FIG_DOC,79,EMPTY_PARAGRAPH_079,,Normal(implicit),,,,,0,,,,0,0,0,,NAMED_STYLE_FORMATTING,formatting_mechanism=NAMED_STYLE_FORMATTING
HFUT_FIG_DOC,80,EMPTY_PARAGRAPH_080,,Normal,,,line_spacing=240 twips;12.000 pt;rule=exact,,1,黑体;SimHei,,r1:b=TRUE;i=inherit,0,0,0,,MIXED_FORMATTING,formatting_mechanism=MIXED_FORMATTING
HFUT_FIG_DOC,81,EMPTY_PARAGRAPH_081,,Normal,center,,,,1,,,,1,0,0,,MIXED_FORMATTING,formatting_mechanism=MIXED_FORMATTING
HFUT_FIG_DOC,82,P050,图9 大别山区域地质略图,Normal,center,,,,3,黑体;SimHei,7.5,r1:b=TRUE;i=inherit;r2:b=TRUE;i=inherit;r3:b=TRUE;i=inherit,0,0,0,,MIXED_FORMATTING,formatting_mechanism=MIXED_FORMATTING
HFUT_TABLE_DOC,1,P001,本刊表格要求及示例,Heading1,center,,space_before_pt=15.6;space_after_pt=15.6;line_spacing=240 twips;12.000 pt;rule=auto,,1,黑体;SimHei,,,0,0,0,,MIXED_FORMATTING,formatting_mechanism=MIXED_FORMATTING
HFUT_TABLE_DOC,2,EMPTY_PARAGRAPH_002,,Normal(implicit),,,,,0,,,,0,0,0,,NAMED_STYLE_FORMATTING,formatting_mechanism=NAMED_STYLE_FORMATTING
HFUT_TABLE_DOC,3,P002,一 表格要求,Normal,,,line_spacing=360 twips;18.000 pt;rule=auto,,2,黑体;SimHei,14,,0,0,0,,MIXED_FORMATTING,formatting_mechanism=MIXED_FORMATTING
HFUT_TABLE_DOC,4,P003,表格的排版可以参考《学术出版规范表格》（CY/T 170—2019）和《学术论文编写规则》（GB/T 7713.2—2022）。,Normal,,first_line_indent=402 twips;20.100 pt,line_spacing=320 twips;16.000 pt;rule=exact,,11,Times New Roman;方正书宋简体;宋体,,,0,0,0,,MIXED_FORMATTING,formatting_mechanism=MIXED_FORMATTING
HFUT_TABLE_DOC,5,P004,文表呼应，先文后表，如“……见表1所列”。,Normal,,first_line_indent=420 twips;21.000 pt,line_spacing=320 twips;16.000 pt;rule=exact,,7,Times New Roman;方正书宋简体;宋体,,,0,0,0,,MIXED_FORMATTING,formatting_mechanism=MIXED_FORMATTING
HFUT_TABLE_DOC,6,P005,全文的表连续编号，表格一律采用三线表，上下线为1磅，次线为0.5磅。,Normal,,first_line_indent=404 twips;20.200 pt;left_indent=0 twips;0.000 pt,line_spacing=320 twips;16.000 pt;rule=exact,,11,Times New Roman;方正书宋简体;宋体,,,0,0,0,,MIXED_FORMATTING,formatting_mechanism=MIXED_FORMATTING;numId=2;ilvl=0
HFUT_TABLE_DOC,7,P006,表中汉字为六号宋体，字母、数字为六号Times New Roman。,Normal,,first_line_indent=420 twips;21.000 pt;left_indent=0 twips;0.000 pt,line_spacing=320 twips;16.000 pt;rule=exact,,9,Times New Roman;方正书宋简体;宋体,,,0,0,0,,MIXED_FORMATTING,formatting_mechanism=MIXED_FORMATTING;numId=2;ilvl=0
HFUT_TABLE_DOC,8,P007,某一栏目同时用量和单位表示时，应该采用“量的符号或名称/单位符号”，如cB/(mol/L)或B的浓度/(mol/L)、cp/[J/(kg·K)]或质量定压热容/[J/(kg·K)]。,Normal,,first_line_indent=420 twips;21.000 pt;left_indent=0 twips;0.000 pt,line_spacing=320 twips;16.000 pt;rule=exact,,28,Times New Roman;方正书宋简体;宋体,,r5:b=inherit;i=TRUE;r15:b=inherit;i=TRUE;r16:b=inherit;i=TRUE,0,0,0,,MIXED_FORMATTING,formatting_mechanism=MIXED_FORMATTING;numId=2;ilvl=0
HFUT_TABLE_DOC,9,P008,各栏必须有栏目名称并描述准确。,Normal,,first_line_indent=420 twips;21.000 pt;left_indent=0 twips;0.000 pt,line_spacing=320 twips;16.000 pt;rule=exact,,4,Times New Roman,,,0,0,0,,MIXED_FORMATTING,formatting_mechanism=MIXED_FORMATTING;numId=2;ilvl=0
HFUT_TABLE_DOC,10,P009,同一栏目（或量）下的数值小数数位相同（精度一致），位数不足时以0补齐。,Normal,,first_line_indent=420 twips;21.000 pt;left_indent=0 twips;0.000 pt,line_spacing=320 twips;16.000 pt;rule=exact,,7,Times New Roman,,,0,0,0,,MIXED_FORMATTING,formatting_mechanism=MIXED_FORMATTING;numId=2;ilvl=0
HFUT_TABLE_DOC,11,P010,表身中的“－”表示测量过而未发现，“0”表示实测结果为0，空白表示无此项或未测量。,Normal,,first_line_indent=420 twips;21.000 pt;left_indent=0 twips;0.000 pt,line_spacing=320 twips;16.000 pt;rule=exact,,17,Times New Roman;宋体;SimSun,,,0,0,0,,MIXED_FORMATTING,formatting_mechanism=MIXED_FORMATTING;numId=2;ilvl=0
HFUT_TABLE_DOC,12,P011,2 表格示例,Normal,,,line_spacing=360 twips;18.000 pt;rule=auto,,2,黑体;SimHei,14,,0,0,0,,MIXED_FORMATTING,formatting_mechanism=MIXED_FORMATTING
HFUT_TABLE_DOC,13,P012,例1 简单三线表,Normal,,,line_spacing=320 twips;16.000 pt;rule=exact,,4,Times New Roman;黑体;SimHei,,r1:b=TRUE;i=inherit;r2:b=TRUE;i=inherit;r3:b=TRUE;i=inherit;r4:b=TRUE;i=inherit,0,0,0,,MIXED_FORMATTING,formatting_mechanism=MIXED_FORMATTING
HFUT_TABLE_DOC,14,EMPTY_PARAGRAPH_014,,Normal,,,line_spacing=240 twips;12.000 pt;rule=exact,,1,Times New Roman,,,0,0,0,,MIXED_FORMATTING,formatting_mechanism=MIXED_FORMATTING
HFUT_TABLE_DOC,15,P013,表1 中文表名（表题6号黑体字）,Normal,center,first_line_indent=301 twips;15.050 pt,,,6,Times New Roman;黑体;SimHei,7.5,r1:b=TRUE;i=inherit;r2:b=TRUE;i=inherit;r3:b=TRUE;i=inherit;r4:b=TRUE;i=inherit;r5:b=TRUE;i=inherit;r6:b=TRUE;i=inherit,0,0,0,,MIXED_FORMATTING,formatting_mechanism=MIXED_FORMATTING
HFUT_TABLE_DOC,16,P014,方法（6号宋体）,Normal,center,hanging_indent=0 twips;0.000 pt;left_indent=-78 twips;-3.900 pt;right_indent=-107 twips;-5.350 pt,line_spacing=280 twips;14.000 pt;rule=exact,,4,Times New Roman;宋体;SimSun;方正书宋简体;宋体,7.5,,0,0,0,table=1;row=1;cell=1,MIXED_FORMATTING,formatting_mechanism=MIXED_FORMATTING
HFUT_TABLE_DOC,17,P015,位移/mm,Normal,center,hanging_indent=0 twips;0.000 pt;left_indent=-37 twips;-1.850 pt;right_indent=-51 twips;-2.550 pt,line_spacing=280 twips;14.000 pt;rule=exact,,2,Times New Roman;方正书宋简体;宋体,7.5,,0,0,0,table=1;row=1;cell=2,MIXED_FORMATTING,formatting_mechanism=MIXED_FORMATTING
HFUT_TABLE_DOC,18,P016,正弯矩/（kN·m）,Normal,center,hanging_indent=0 twips;0.000 pt;left_indent=-37 twips;-1.850 pt;right_indent=-51 twips;-2.550 pt,line_spacing=280 twips;14.000 pt;rule=exact,,7,Times New Roman;方正书宋简体;宋体,7.5,,0,0,0,table=1;row=1;cell=3,MIXED_FORMATTING,formatting_mechanism=MIXED_FORMATTING
HFUT_TABLE_DOC,19,P017,加速度/(m/s2),Normal,center,hanging_indent=0 twips;0.000 pt;left_indent=-37 twips;-1.850 pt;right_indent=-51 twips;-2.550 pt,line_spacing=240 twips;12.000 pt;rule=exact,,4,Times New Roman;方正书宋简体;宋体,6.5;7.5,,0,0,0,table=1;row=1;cell=4,MIXED_FORMATTING,formatting_mechanism=MIXED_FORMATTING
HFUT_TABLE_DOC,20,P018,等效计算,Normal,,hanging_indent=0 twips;0.000 pt;left_indent=-78 twips;-3.900 pt,line_spacing=280 twips;14.000 pt;rule=exact,,1,Times New Roman;方正书宋简体;宋体,7.5,,0,0,0,table=1;row=2;cell=1,MIXED_FORMATTING,formatting_mechanism=MIXED_FORMATTING
HFUT_TABLE_DOC,21,P019,12.7,Normal,center,hanging_indent=0 twips;0.000 pt;left_indent=-37 twips;-1.850 pt,line_spacing=280 twips;14.000 pt;rule=exact,,1,Times New Roman;方正书宋简体;宋体,7.5,,0,0,0,table=1;row=2;cell=2,MIXED_FORMATTING,formatting_mechanism=MIXED_FORMATTING
HFUT_TABLE_DOC,22,P020,102.4,Normal,center,hanging_indent=0 twips;0.000 pt;left_indent=-37 twips;-1.850 pt,line_spacing=280 twips;14.000 pt;rule=exact,,2,Times New Roman;方正书宋简体;宋体,7.5,,0,0,0,table=1;row=2;cell=3,MIXED_FORMATTING,formatting_mechanism=MIXED_FORMATTING
HFUT_TABLE_DOC,23,P021,6.78,Normal,center,hanging_indent=0 twips;0.000 pt;left_indent=-37 twips;-1.850 pt,line_spacing=240 twips;12.000 pt;rule=exact,,2,Times New Roman;方正书宋简体;宋体,7.5,,0,0,0,table=1;row=2;cell=4,MIXED_FORMATTING,formatting_mechanism=MIXED_FORMATTING
HFUT_TABLE_DOC,24,P022,实测,Normal,,hanging_indent=0 twips;0.000 pt;left_indent=-37 twips;-1.850 pt,line_spacing=280 twips;14.000 pt;rule=exact,,1,Times New Roman;方正书宋简体;宋体,7.5,,0,0,0,table=1;row=3;cell=1,MIXED_FORMATTING,formatting_mechanism=MIXED_FORMATTING
HFUT_TABLE_DOC,25,P023,10.6,Normal,center,hanging_indent=0 twips;0.000 pt;left_indent=-37 twips;-1.850 pt,line_spacing=280 twips;14.000 pt;rule=exact,,1,Times New Roman;方正书宋简体;宋体,7.5,,0,0,0,table=1;row=3;cell=2,MIXED_FORMATTING,formatting_mechanism=MIXED_FORMATTING
HFUT_TABLE_DOC,26,P024,105.6,Normal,center,hanging_indent=0 twips;0.000 pt;left_indent=-37 twips;-1.850 pt,line_spacing=280 twips;14.000 pt;rule=exact,,1,Times New Roman;方正书宋简体;宋体,7.5,,0,0,0,table=1;row=3;cell=3,MIXED_FORMATTING,formatting_mechanism=MIXED_FORMATTING
HFUT_TABLE_DOC,27,P025,6.84,Normal,center,hanging_indent=0 twips;0.000 pt;left_indent=-37 twips;-1.850 pt,line_spacing=240 twips;12.000 pt;rule=exact,,2,Times New Roman;方正书宋简体;宋体,7.5,,0,0,0,table=1;row=3;cell=4,MIXED_FORMATTING,formatting_mechanism=MIXED_FORMATTING
HFUT_TABLE_DOC,28,P026,例2 表头加辅助横线三线表(相同单位放右上角),Normal,,,line_spacing=320 twips;16.000 pt;rule=exact,,9,Times New Roman;黑体;SimHei,,r1:b=TRUE;i=inherit;r2:b=TRUE;i=inherit;r3:b=TRUE;i=inherit;r4:b=TRUE;i=inherit;r5:b=TRUE;i=inherit;r6:b=TRUE;i=inherit,0,0,0,,MIXED_FORMATTING,formatting_mechanism=MIXED_FORMATTING
HFUT_TABLE_DOC,29,EMPTY_PARAGRAPH_029,,Normal,,first_line_indent=420 twips;21.000 pt,line_spacing=240 twips;12.000 pt;rule=exact,,1,Times New Roman,,,0,0,0,,MIXED_FORMATTING,formatting_mechanism=MIXED_FORMATTING
HFUT_TABLE_DOC,30,P027,表2 XXXXX实验数据 单位：min,Normal,end,,line_spacing=240 twips;12.000 pt;rule=exact,,5,Times New Roman;黑体;SimHei,7.5,r1:b=TRUE;i=inherit;r2:b=TRUE;i=inherit;r3:b=TRUE;i=inherit,0,0,0,,MIXED_FORMATTING,formatting_mechanism=MIXED_FORMATTING
HFUT_TABLE_DOC,31,P028,j,Normal,center,first_line_indent=150 twips;7.500 pt,line_spacing=240 twips;12.000 pt;rule=exact,,1,Times New Roman,7.5,r1:b=inherit;i=TRUE,0,0,0,table=2;row=1;cell=1,MIXED_FORMATTING,formatting_mechanism=MIXED_FORMATTING
HFUT_TABLE_DOC,32,P029,非法拆解,Normal,center,,line_spacing=280 twips;14.000 pt;rule=exact,,2,Times New Roman,7.5,,0,0,0,table=2;row=1;cell=2,MIXED_FORMATTING,formatting_mechanism=MIXED_FORMATTING
HFUT_TABLE_DOC,33,P030,回收拆解,Normal,center,,line_spacing=280 twips;14.000 pt;rule=exact,,2,Times New Roman,7.5,,0,0,0,table=2;row=1;cell=3,MIXED_FORMATTING,formatting_mechanism=MIXED_FORMATTING
HFUT_TABLE_DOC,34,EMPTY_PARAGRAPH_034,,Normal,center,,line_spacing=240 twips;12.000 pt;rule=exact,,1,Times New Roman,7.5,,0,0,0,table=2;row=2;cell=1,MIXED_FORMATTING,formatting_mechanism=MIXED_FORMATTING
HFUT_TABLE_DOC,35,P031,T1,Normal,center,,line_spacing=280 twips;14.000 pt;rule=exact,,2,Times New Roman,7.5,r1:b=inherit;i=TRUE,0,0,0,table=2;row=2;cell=2,MIXED_FORMATTING,formatting_mechanism=MIXED_FORMATTING
HFUT_TABLE_DOC,36,P032,T2,Normal,center,,line_spacing=280 twips;14.000 pt;rule=exact,,2,Times New Roman,7.5,r1:b=inherit;i=TRUE,0,0,0,table=2;row=2;cell=3,MIXED_FORMATTING,formatting_mechanism=MIXED_FORMATTING
HFUT_TABLE_DOC,37,P033,T1,Normal,center,,line_spacing=280 twips;14.000 pt;rule=exact,,2,Times New Roman,7.5,r1:b=inherit;i=TRUE,0,0,0,table=2;row=2;cell=4,MIXED_FORMATTING,formatting_mechanism=MIXED_FORMATTING
HFUT_TABLE_DOC,38,P034,T2,Normal,center,,line_spacing=280 twips;14.000 pt;rule=exact,,2,Times New Roman,7.5,r1:b=inherit;i=TRUE,0,0,0,table=2;row=2;cell=5,MIXED_FORMATTING,formatting_mechanism=MIXED_FORMATTING
HFUT_TABLE_DOC,39,P035,1,Normal,center,,line_spacing=240 twips;12.000 pt;rule=exact,,1,Times New Roman,7.5,,0,0,0,table=2;row=3;cell=1,MIXED_FORMATTING,formatting_mechanism=MIXED_FORMATTING
HFUT_TABLE_DOC,40,P036,45.0,Normal,center,,line_spacing=280 twips;14.000 pt;rule=exact,,1,Times New Roman,7.5,,0,0,0,table=2;row=3;cell=2,MIXED_FORMATTING,formatting_mechanism=MIXED_FORMATTING
HFUT_TABLE_DOC,41,P037,6.0,Normal,center,,line_spacing=280 twips;14.000 pt;rule=exact,,1,Times New Roman,7.5,,0,0,0,table=2;row=3;cell=3,MIXED_FORMATTING,formatting_mechanism=MIXED_FORMATTING
HFUT_TABLE_DOC,42,P038,3.0,Normal,center,,line_spacing=280 twips;14.000 pt;rule=exact,,1,Times New Roman,7.5,,0,0,0,table=2;row=3;cell=4,MIXED_FORMATTING,formatting_mechanism=MIXED_FORMATTING
HFUT_TABLE_DOC,43,P039,18.0,Normal,center,,line_spacing=280 twips;14.000 pt;rule=exact,,1,Times New Roman,7.5,,0,0,0,table=2;row=3;cell=5,MIXED_FORMATTING,formatting_mechanism=MIXED_FORMATTING
HFUT_TABLE_DOC,44,P040,2,Normal,center,,line_spacing=240 twips;12.000 pt;rule=exact,,1,Times New Roman,7.5,,0,0,0,table=2;row=4;cell=1,MIXED_FORMATTING,formatting_mechanism=MIXED_FORMATTING
HFUT_TABLE_DOC,45,P041,43.5,Normal,center,,line_spacing=280 twips;14.000 pt;rule=exact,,1,Times New Roman,7.5,,0,0,0,table=2;row=4;cell=2,MIXED_FORMATTING,formatting_mechanism=MIXED_FORMATTING
HFUT_TABLE_DOC,46,P042,5.0,Normal,center,,line_spacing=280 twips;14.000 pt;rule=exact,,1,Times New Roman,7.5,,0,0,0,table=2;row=4;cell=3,MIXED_FORMATTING,formatting_mechanism=MIXED_FORMATTING
HFUT_TABLE_DOC,47,P043,2.7,Normal,center,,line_spacing=280 twips;14.000 pt;rule=exact,,1,Times New Roman,7.5,,0,0,0,table=2;row=4;cell=4,MIXED_FORMATTING,formatting_mechanism=MIXED_FORMATTING
HFUT_TABLE_DOC,48,P044,23.0,Normal,center,,line_spacing=280 twips;14.000 pt;rule=exact,,1,Times New Roman,7.5,,0,0,0,table=2;row=4;cell=5,MIXED_FORMATTING,formatting_mechanism=MIXED_FORMATTING
HFUT_TABLE_DOC,49,P045,3,Normal,center,,line_spacing=240 twips;12.000 pt;rule=exact,,1,Times New Roman,7.5,,0,0,0,table=2;row=5;cell=1,MIXED_FORMATTING,formatting_mechanism=MIXED_FORMATTING
HFUT_TABLE_DOC,50,P046,46.0,Normal,center,,line_spacing=280 twips;14.000 pt;rule=exact,,1,Times New Roman,7.5,,0,0,0,table=2;row=5;cell=2,MIXED_FORMATTING,formatting_mechanism=MIXED_FORMATTING
HFUT_TABLE_DOC,51,P047,5.0,Normal,center,,line_spacing=280 twips;14.000 pt;rule=exact,,1,Times New Roman,7.5,,0,0,0,table=2;row=5;cell=3,MIXED_FORMATTING,formatting_mechanism=MIXED_FORMATTING
HFUT_TABLE_DOC,52,P048,2.8,Normal,center,,line_spacing=280 twips;14.000 pt;rule=exact,,1,Times New Roman,7.5,,0,0,0,table=2;row=5;cell=4,MIXED_FORMATTING,formatting_mechanism=MIXED_FORMATTING
HFUT_TABLE_DOC,53,P049,22.0,Normal,center,,line_spacing=280 twips;14.000 pt;rule=exact,,1,Times New Roman,7.5,,0,0,0,table=2;row=5;cell=5,MIXED_FORMATTING,formatting_mechanism=MIXED_FORMATTING
HFUT_TABLE_DOC,54,EMPTY_PARAGRAPH_054,,Normal,,first_line_indent=420 twips;21.000 pt,line_spacing=240 twips;12.000 pt;rule=exact,,1,Times New Roman,,,0,0,0,,MIXED_FORMATTING,formatting_mechanism=MIXED_FORMATTING
HFUT_TABLE_DOC,55,P050,例3 表身加辅助横线三线表,Normal,,,line_spacing=320 twips;16.000 pt;rule=exact,,6,Times New Roman;黑体;SimHei,,r1:b=TRUE;i=inherit;r2:b=TRUE;i=inherit;r3:b=TRUE;i=inherit;r4:b=TRUE;i=inherit;r5:b=TRUE;i=inherit;r6:b=TRUE;i=inherit,0,0,0,,MIXED_FORMATTING,formatting_mechanism=MIXED_FORMATTING
HFUT_TABLE_DOC,56,EMPTY_PARAGRAPH_056,,Normal,,first_line_indent=420 twips;21.000 pt,line_spacing=240 twips;12.000 pt;rule=exact,,1,Times New Roman,,,0,0,0,,MIXED_FORMATTING,formatting_mechanism=MIXED_FORMATTING
HFUT_TABLE_DOC,57,P051,表3 A和B的成分及其质量浓度,Style16,,,line_spacing=240 twips;12.000 pt;rule=exact,,5,,,,0,0,0,,MIXED_FORMATTING,formatting_mechanism=MIXED_FORMATTING
HFUT_TABLE_DOC,58,P052,组分,Style17,both,,line_spacing=280 twips;14.000 pt;rule=exact,,1,,,,0,0,0,table=3;row=1;cell=1,MIXED_FORMATTING,formatting_mechanism=MIXED_FORMATTING
HFUT_TABLE_DOC,59,P053,成分,Style17,both,first_line_indent=225 twips;11.250 pt,line_spacing=280 twips;14.000 pt;rule=exact,,1,,,,0,0,0,table=3;row=1;cell=2,MIXED_FORMATTING,formatting_mechanism=MIXED_FORMATTING
HFUT_TABLE_DOC,60,P054,ρ/(g/L),Style17,,,line_spacing=280 twips;14.000 pt;rule=exact,,2,,,r1:b=inherit;i=TRUE,0,0,0,table=3;row=1;cell=3,MIXED_FORMATTING,formatting_mechanism=MIXED_FORMATTING
HFUT_TABLE_DOC,61,P055,A,Style17,start,first_line_indent=150 twips;7.500 pt,line_spacing=280 twips;14.000 pt;rule=exact,,1,,,,0,0,0,table=3;row=2;cell=1,MIXED_FORMATTING,formatting_mechanism=MIXED_FORMATTING
HFUT_TABLE_DOC,62,P056,EDTA,Style17,start,first_line_indent=150 twips;7.500 pt,line_spacing=280 twips;14.000 pt;rule=exact,,1,,,,0,0,0,table=3;row=2;cell=2,MIXED_FORMATTING,formatting_mechanism=MIXED_FORMATTING
HFUT_TABLE_DOC,63,P057,5.00,Style17,,,line_spacing=280 twips;14.000 pt;rule=exact,,2,Times New Roman,,,0,0,0,table=3;row=2;cell=3,MIXED_FORMATTING,formatting_mechanism=MIXED_FORMATTING
HFUT_TABLE_DOC,64,EMPTY_PARAGRAPH_064,,Style17,start,,line_spacing=280 twips;14.000 pt;rule=exact,,1,,,,0,0,0,table=3;row=3;cell=1,MIXED_FORMATTING,formatting_mechanism=MIXED_FORMATTING
HFUT_TABLE_DOC,65,P058,FeSO4,Style17,start,first_line_indent=150 twips;7.500 pt,line_spacing=280 twips;14.000 pt;rule=exact,,2,,,,0,0,0,table=3;row=3;cell=2,MIXED_FORMATTING,formatting_mechanism=MIXED_FORMATTING
HFUT_TABLE_DOC,66,P059,5.00,Style17,,,line_spacing=280 twips;14.000 pt;rule=exact,,2,Times New Roman,,,0,0,0,table=3;row=3;cell=3,MIXED_FORMATTING,formatting_mechanism=MIXED_FORMATTING
HFUT_TABLE_DOC,67,P060,B,Style17,start,first_line_indent=150 twips;7.500 pt,line_spacing=280 twips;14.000 pt;rule=exact,,1,,,,0,0,0,table=3;row=4;cell=1,MIXED_FORMATTING,formatting_mechanism=MIXED_FORMATTING
HFUT_TABLE_DOC,68,P061,EDTA,Style17,start,first_line_indent=150 twips;7.500 pt,line_spacing=280 twips;14.000 pt;rule=exact,,1,,,,0,0,0,table=3;row=4;cell=2,MIXED_FORMATTING,formatting_mechanism=MIXED_FORMATTING
HFUT_TABLE_DOC,69,P062,15.00,Style17,,,line_spacing=280 twips;14.000 pt;rule=exact,,1,,,,0,0,0,table=3;row=4;cell=3,MIXED_FORMATTING,formatting_mechanism=MIXED_FORMATTING
HFUT_TABLE_DOC,70,EMPTY_PARAGRAPH_070,,Style17,,,line_spacing=280 twips;14.000 pt;rule=exact,,1,,,,0,0,0,table=3;row=5;cell=1,MIXED_FORMATTING,formatting_mechanism=MIXED_FORMATTING
HFUT_TABLE_DOC,71,P063,ZnSO4·7H2O,Style17,start,first_line_indent=150 twips;7.500 pt,line_spacing=280 twips;14.000 pt;rule=exact,,5,,,,0,0,0,table=3;row=5;cell=2,MIXED_FORMATTING,formatting_mechanism=MIXED_FORMATTING
HFUT_TABLE_DOC,72,P064,0.43,Style17,,,line_spacing=280 twips;14.000 pt;rule=exact,,2,Times New Roman,,,0,0,0,table=3;row=5;cell=3,MIXED_FORMATTING,formatting_mechanism=MIXED_FORMATTING
HFUT_TABLE_DOC,73,EMPTY_PARAGRAPH_073,,Style17,,,line_spacing=280 twips;14.000 pt;rule=exact,,1,,,,0,0,0,table=3;row=6;cell=1,MIXED_FORMATTING,formatting_mechanism=MIXED_FORMATTING
HFUT_TABLE_DOC,74,P065,NiCl2·6H2O,Style17,start,first_line_indent=150 twips;7.500 pt,line_spacing=280 twips;14.000 pt;rule=exact,,5,,,,0,0,0,table=3;row=6;cell=2,MIXED_FORMATTING,formatting_mechanism=MIXED_FORMATTING
HFUT_TABLE_DOC,75,P066,0.19,Style17,,,line_spacing=280 twips;14.000 pt;rule=exact,,2,Times New Roman,,,0,0,0,table=3;row=6;cell=3,MIXED_FORMATTING,formatting_mechanism=MIXED_FORMATTING
HFUT_TABLE_DOC,76,EMPTY_PARAGRAPH_076,,Style17,,,line_spacing=280 twips;14.000 pt;rule=exact,,1,,,,0,0,0,table=3;row=7;cell=1,MIXED_FORMATTING,formatting_mechanism=MIXED_FORMATTING
HFUT_TABLE_DOC,77,P067,H3BO4,Style17,start,first_line_indent=150 twips;7.500 pt,line_spacing=280 twips;14.000 pt;rule=exact,,4,,,,0,0,0,table=3;row=7;cell=2,MIXED_FORMATTING,formatting_mechanism=MIXED_FORMATTING
HFUT_TABLE_DOC,78,P068,0.14,Style17,,,line_spacing=280 twips;14.000 pt;rule=exact,,2,Times New Roman,,,0,0,0,table=3;row=7;cell=3,MIXED_FORMATTING,formatting_mechanism=MIXED_FORMATTING
HFUT_TABLE_DOC,79,EMPTY_PARAGRAPH_079,,Normal,,,,,1,Times New Roman,,,0,0,0,,MIXED_FORMATTING,formatting_mechanism=MIXED_FORMATTING
HFUT_TABLE_DOC,80,P069,例4 竖表转栏,Normal,,,,,3,Times New Roman;黑体;SimHei,,r1:b=TRUE;i=inherit;r2:b=TRUE;i=inherit;r3:b=TRUE;i=inherit,0,0,0,,MIXED_FORMATTING,formatting_mechanism=MIXED_FORMATTING
HFUT_TABLE_DOC,81,EMPTY_PARAGRAPH_081,,Normal,,,line_spacing=240 twips;12.000 pt;rule=exact,,1,Times New Roman;黑体;SimHei,,r1:b=TRUE;i=inherit,0,0,0,,MIXED_FORMATTING,formatting_mechanism=MIXED_FORMATTING
HFUT_TABLE_DOC,82,P070,表4 XXX设计工况参数,Normal,center,first_line_indent=301 twips;15.050 pt,line_spacing=300 twips;15.000 pt;rule=auto,,4,黑体;SimHei,9,r1:b=TRUE;i=inherit;r2:b=TRUE;i=inherit;r3:b=TRUE;i=inherit;r4:b=TRUE;i=inherit,0,0,0,,MIXED_FORMATTING,formatting_mechanism=MIXED_FORMATTING
HFUT_TABLE_DOC,83,P071,参数,Normal,center,,line_spacing=280 twips;14.000 pt;rule=exact,,1,方正书宋简体;宋体,7.5,,0,0,0,table=4;row=1;cell=1,MIXED_FORMATTING,formatting_mechanism=MIXED_FORMATTING
HFUT_TABLE_DOC,84,P072,数值,Normal,center,,line_spacing=280 twips;14.000 pt;rule=exact,,1,方正书宋简体;宋体,7.5,,0,0,0,table=4;row=1;cell=2,MIXED_FORMATTING,formatting_mechanism=MIXED_FORMATTING
HFUT_TABLE_DOC,85,P073,参数,Normal,center,,line_spacing=280 twips;14.000 pt;rule=exact,,1,方正书宋简体;宋体,7.5,,0,0,0,table=4;row=1;cell=3,MIXED_FORMATTING,formatting_mechanism=MIXED_FORMATTING
HFUT_TABLE_DOC,86,P074,数值,Normal,center,,line_spacing=280 twips;14.000 pt;rule=exact,,1,方正书宋简体;宋体,7.5,,0,0,0,table=4;row=1;cell=4,MIXED_FORMATTING,formatting_mechanism=MIXED_FORMATTING
HFUT_TABLE_DOC,87,P075,蒸发温度/K,Normal,,,line_spacing=280 twips;14.000 pt;rule=exact,,2,Times New Roman;方正书宋简体;宋体,7.5,,0,0,0,table=4;row=2;cell=1,MIXED_FORMATTING,formatting_mechanism=MIXED_FORMATTING
HFUT_TABLE_DOC,88,P076,280.15,Normal,center,,line_spacing=280 twips;14.000 pt;rule=exact,,1,Times New Roman,7.5,,0,0,0,table=4;row=2;cell=2,MIXED_FORMATTING,formatting_mechanism=MIXED_FORMATTING
HFUT_TABLE_DOC,89,P077,吸气压力/MPa,Normal,,,line_spacing=280 twips;14.000 pt;rule=exact,,3,Times New Roman;方正书宋简体;宋体,7.5,,0,0,0,table=4;row=2;cell=3,MIXED_FORMATTING,formatting_mechanism=MIXED_FORMATTING
HFUT_TABLE_DOC,90,P078,0.3,Normal,center,,line_spacing=280 twips;14.000 pt;rule=exact,,1,Times New Roman,7.5,,0,0,0,table=4;row=2;cell=4,MIXED_FORMATTING,formatting_mechanism=MIXED_FORMATTING
HFUT_TABLE_DOC,91,P079,冷凝温度/K,Normal,,,line_spacing=280 twips;14.000 pt;rule=exact,,2,Times New Roman;方正书宋简体;宋体,7.5,,0,0,0,table=4;row=3;cell=1,MIXED_FORMATTING,formatting_mechanism=MIXED_FORMATTING
HFUT_TABLE_DOC,92,P080,328.15,Normal,center,,line_spacing=280 twips;14.000 pt;rule=exact,,1,Times New Roman,7.5,,0,0,0,table=4;row=3;cell=2,MIXED_FORMATTING,formatting_mechanism=MIXED_FORMATTING
HFUT_TABLE_DOC,93,P081,排气压力/MPa,Normal,,,line_spacing=280 twips;14.000 pt;rule=exact,,2,Times New Roman;方正书宋简体;宋体,7.5,,0,0,0,table=4;row=3;cell=3,MIXED_FORMATTING,formatting_mechanism=MIXED_FORMATTING
HFUT_TABLE_DOC,94,P082,1.5,Normal,center,,line_spacing=280 twips;14.000 pt;rule=exact,,1,Times New Roman,7.5,,0,0,0,table=4;row=3;cell=4,MIXED_FORMATTING,formatting_mechanism=MIXED_FORMATTING
HFUT_TABLE_DOC,95,P083,过冷度/K,Normal,,,line_spacing=280 twips;14.000 pt;rule=exact,,2,Times New Roman;方正书宋简体;宋体,7.5,,0,0,0,table=4;row=4;cell=1,MIXED_FORMATTING,formatting_mechanism=MIXED_FORMATTING
HFUT_TABLE_DOC,96,P084,8.00,Normal,center,,line_spacing=280 twips;14.000 pt;rule=exact,,1,Times New Roman,7.5,,0,0,0,table=4;row=4;cell=2,MIXED_FORMATTING,formatting_mechanism=MIXED_FORMATTING
HFUT_TABLE_DOC,97,P085,主轴转速/(r/min),Normal,,,line_spacing=280 twips;14.000 pt;rule=exact,,4,Times New Roman;宋体;SimSun,7.5,,0,0,0,table=4;row=4;cell=3,MIXED_FORMATTING,formatting_mechanism=MIXED_FORMATTING
HFUT_TABLE_DOC,98,P086,6 000,Normal,center,,line_spacing=280 twips;14.000 pt;rule=exact,,1,Times New Roman,7.5,,0,0,0,table=4;row=4;cell=4,MIXED_FORMATTING,formatting_mechanism=MIXED_FORMATTING
HFUT_TABLE_DOC,99,P087,过热度/K,Normal,,,line_spacing=280 twips;14.000 pt;rule=exact,,2,Times New Roman;宋体;SimSun,7.5,,0,0,0,table=4;row=5;cell=1,MIXED_FORMATTING,formatting_mechanism=MIXED_FORMATTING
HFUT_TABLE_DOC,100,P088,10.00,Normal,center,,line_spacing=280 twips;14.000 pt;rule=exact,,1,Times New Roman,7.5,,0,0,0,table=4;row=5;cell=2,MIXED_FORMATTING,formatting_mechanism=MIXED_FORMATTING
HFUT_TABLE_DOC,101,P089,容积系数,Normal,,,line_spacing=280 twips;14.000 pt;rule=exact,,1,Times New Roman;宋体;SimSun,7.5,,0,0,0,table=4;row=5;cell=3,MIXED_FORMATTING,formatting_mechanism=MIXED_FORMATTING
HFUT_TABLE_DOC,102,P090,0.8,Normal,center,,line_spacing=280 twips;14.000 pt;rule=exact,,1,Times New Roman,7.5,,0,0,0,table=4;row=5;cell=4,MIXED_FORMATTING,formatting_mechanism=MIXED_FORMATTING
HFUT_TABLE_DOC,103,EMPTY_PARAGRAPH_103,,Normal,,,line_spacing=240 twips;12.000 pt;rule=exact,,1,Times New Roman,,,0,0,0,,MIXED_FORMATTING,formatting_mechanism=MIXED_FORMATTING
HFUT_TABLE_DOC,104,P091,例5 横表分段,Normal,,,,,3,Times New Roman;黑体;SimHei,,r1:b=TRUE;i=inherit;r2:b=TRUE;i=inherit;r3:b=TRUE;i=inherit,0,0,0,,MIXED_FORMATTING,formatting_mechanism=MIXED_FORMATTING
HFUT_TABLE_DOC,105,EMPTY_PARAGRAPH_105,,Normal(implicit),,,,,0,,,,0,0,0,,NAMED_STYLE_FORMATTING,formatting_mechanism=NAMED_STYLE_FORMATTING
HFUT_TABLE_DOC,106,EMPTY_PARAGRAPH_106,,Normal,,first_line_indent=420 twips;21.000 pt,line_spacing=240 twips;12.000 pt;rule=exact,,1,Times New Roman;黑体;SimHei,,r1:b=TRUE;i=inherit,0,0,0,,MIXED_FORMATTING,formatting_mechanism=MIXED_FORMATTING
HFUT_TABLE_DOC,107,P092,表5 XXXXXXXXXXX,Normal,center,,line_spacing=240 twips;12.000 pt;rule=exact,,2,黑体;SimHei,7.5,r1:b=TRUE;i=inherit;r2:b=TRUE;i=inherit,0,0,0,,MIXED_FORMATTING,formatting_mechanism=MIXED_FORMATTING
HFUT_TABLE_DOC,108,P093,编号,Normal,start,first_line_indent=45 twips;2.250 pt,line_spacing=280 twips;14.000 pt;rule=exact,,1,Times New Roman;宋体;SimSun,7.5,,0,0,0,table=5;row=1;cell=1,MIXED_FORMATTING,formatting_mechanism=MIXED_FORMATTING
HFUT_TABLE_DOC,109,P094,1,Normal,center,,line_spacing=280 twips;14.000 pt;rule=exact,,1,Times New Roman,7.5,,0,0,0,table=5;row=1;cell=2,MIXED_FORMATTING,formatting_mechanism=MIXED_FORMATTING
HFUT_TABLE_DOC,110,P095,2,Normal,center,,line_spacing=280 twips;14.000 pt;rule=exact,,1,Times New Roman,7.5,,0,0,0,table=5;row=1;cell=3,MIXED_FORMATTING,formatting_mechanism=MIXED_FORMATTING
HFUT_TABLE_DOC,111,P096,3,Normal,center,,line_spacing=280 twips;14.000 pt;rule=exact,,1,Times New Roman,7.5,,0,0,0,table=5;row=1;cell=4,MIXED_FORMATTING,formatting_mechanism=MIXED_FORMATTING
HFUT_TABLE_DOC,112,P097,4,Normal,center,,line_spacing=280 twips;14.000 pt;rule=exact,,1,Times New Roman,7.5,,0,0,0,table=5;row=1;cell=5,MIXED_FORMATTING,formatting_mechanism=MIXED_FORMATTING
HFUT_TABLE_DOC,113,P098,5,Normal,center,,line_spacing=280 twips;14.000 pt;rule=exact,,1,Times New Roman,7.5,,0,0,0,table=5;row=1;cell=6,MIXED_FORMATTING,formatting_mechanism=MIXED_FORMATTING
HFUT_TABLE_DOC,114,P099,6,Normal,center,,line_spacing=280 twips;14.000 pt;rule=exact,,1,Times New Roman,7.5,,0,0,0,table=5;row=1;cell=7,MIXED_FORMATTING,formatting_mechanism=MIXED_FORMATTING
HFUT_TABLE_DOC,115,P100,7,Normal,center,,line_spacing=280 twips;14.000 pt;rule=exact,,1,Times New Roman,7.5,,0,0,0,table=5;row=1;cell=8,MIXED_FORMATTING,formatting_mechanism=MIXED_FORMATTING
HFUT_TABLE_DOC,116,P101,8,Normal,center,,line_spacing=280 twips;14.000 pt;rule=exact,,1,Times New Roman,7.5,,0,0,0,table=5;row=1;cell=9,MIXED_FORMATTING,formatting_mechanism=MIXED_FORMATTING
HFUT_TABLE_DOC,117,P102,t/s,Normal,start,first_line_indent=45 twips;2.250 pt,line_spacing=280 twips;14.000 pt;rule=exact,,2,Times New Roman,7.5,r1:b=inherit;i=TRUE,0,0,0,table=5;row=2;cell=1,MIXED_FORMATTING,formatting_mechanism=MIXED_FORMATTING
HFUT_TABLE_DOC,118,P103,7,Normal,center,,line_spacing=280 twips;14.000 pt;rule=exact,,1,Times New Roman,7.5,,0,0,0,table=5;row=2;cell=2,MIXED_FORMATTING,formatting_mechanism=MIXED_FORMATTING
HFUT_TABLE_DOC,119,P104,8,Normal,center,,line_spacing=280 twips;14.000 pt;rule=exact,,1,Times New Roman,7.5,,0,0,0,table=5;row=2;cell=3,MIXED_FORMATTING,formatting_mechanism=MIXED_FORMATTING
HFUT_TABLE_DOC,120,P105,7,Normal,center,,line_spacing=280 twips;14.000 pt;rule=exact,,1,Times New Roman,7.5,,0,0,0,table=5;row=2;cell=4,MIXED_FORMATTING,formatting_mechanism=MIXED_FORMATTING
HFUT_TABLE_DOC,121,P106,9,Normal,center,,line_spacing=280 twips;14.000 pt;rule=exact,,1,Times New Roman,7.5,,0,0,0,table=5;row=2;cell=5,MIXED_FORMATTING,formatting_mechanism=MIXED_FORMATTING
HFUT_TABLE_DOC,122,P107,5,Normal,center,,line_spacing=280 twips;14.000 pt;rule=exact,,1,Times New Roman,7.5,,0,0,0,table=5;row=2;cell=6,MIXED_FORMATTING,formatting_mechanism=MIXED_FORMATTING
HFUT_TABLE_DOC,123,P108,8,Normal,center,,line_spacing=280 twips;14.000 pt;rule=exact,,1,Times New Roman,7.5,,0,0,0,table=5;row=2;cell=7,MIXED_FORMATTING,formatting_mechanism=MIXED_FORMATTING
HFUT_TABLE_DOC,124,P109,8,Normal,center,,line_spacing=280 twips;14.000 pt;rule=exact,,1,Times New Roman,7.5,,0,0,0,table=5;row=2;cell=8,MIXED_FORMATTING,formatting_mechanism=MIXED_FORMATTING
HFUT_TABLE_DOC,125,P110,7,Normal,center,,line_spacing=280 twips;14.000 pt;rule=exact,,1,Times New Roman,7.5,,0,0,0,table=5;row=2;cell=9,MIXED_FORMATTING,formatting_mechanism=MIXED_FORMATTING
HFUT_TABLE_DOC,126,P111,θ/(°),Normal,start,first_line_indent=45 twips;2.250 pt,line_spacing=280 twips;14.000 pt;rule=exact,,4,Times New Roman,7.5,r1:b=inherit;i=TRUE,0,0,0,table=5;row=3;cell=1,MIXED_FORMATTING,formatting_mechanism=MIXED_FORMATTING
HFUT_TABLE_DOC,127,P112,27,Normal,center,,line_spacing=280 twips;14.000 pt;rule=exact,,1,Times New Roman,7.5,,0,0,0,table=5;row=3;cell=2,MIXED_FORMATTING,formatting_mechanism=MIXED_FORMATTING
HFUT_TABLE_DOC,128,P113,26,Normal,center,,line_spacing=280 twips;14.000 pt;rule=exact,,1,Times New Roman,7.5,,0,0,0,table=5;row=3;cell=3,MIXED_FORMATTING,formatting_mechanism=MIXED_FORMATTING
HFUT_TABLE_DOC,129,P114,26,Normal,center,,line_spacing=280 twips;14.000 pt;rule=exact,,1,Times New Roman,7.5,,0,0,0,table=5;row=3;cell=4,MIXED_FORMATTING,formatting_mechanism=MIXED_FORMATTING
HFUT_TABLE_DOC,130,P115,21,Normal,center,,line_spacing=280 twips;14.000 pt;rule=exact,,1,Times New Roman,7.5,,0,0,0,table=5;row=3;cell=5,MIXED_FORMATTING,formatting_mechanism=MIXED_FORMATTING
HFUT_TABLE_DOC,131,P116,12,Normal,center,,line_spacing=280 twips;14.000 pt;rule=exact,,1,Times New Roman,7.5,,0,0,0,table=5;row=3;cell=6,MIXED_FORMATTING,formatting_mechanism=MIXED_FORMATTING
HFUT_TABLE_DOC,132,P117,29,Normal,center,,line_spacing=280 twips;14.000 pt;rule=exact,,1,Times New Roman,7.5,,0,0,0,table=5;row=3;cell=7,MIXED_FORMATTING,formatting_mechanism=MIXED_FORMATTING
HFUT_TABLE_DOC,133,P118,58*,Normal,center,,line_spacing=280 twips;14.000 pt;rule=exact,,2,Times New Roman,7.5,,0,0,0,table=5;row=3;cell=8,MIXED_FORMATTING,formatting_mechanism=MIXED_FORMATTING
HFUT_TABLE_DOC,134,P119,56,Normal,center,,line_spacing=280 twips;14.000 pt;rule=exact,,1,Times New Roman,7.5,,0,0,0,table=5;row=3;cell=9,MIXED_FORMATTING,formatting_mechanism=MIXED_FORMATTING
HFUT_TABLE_DOC,135,P120,编号i,Normal,,first_line_indent=45 twips;2.250 pt,line_spacing=280 twips;14.000 pt;rule=exact,,2,Times New Roman;宋体;SimSun,7.5,r2:b=inherit;i=TRUE,0,0,0,table=5;row=4;cell=1,MIXED_FORMATTING,formatting_mechanism=MIXED_FORMATTING
HFUT_TABLE_DOC,136,P121,9,Normal,center,,line_spacing=280 twips;14.000 pt;rule=exact,,1,Times New Roman,7.5,,0,0,0,table=5;row=4;cell=2,MIXED_FORMATTING,formatting_mechanism=MIXED_FORMATTING
HFUT_TABLE_DOC,137,P122,10,Normal,center,,line_spacing=280 twips;14.000 pt;rule=exact,,1,Times New Roman,7.5,,0,0,0,table=5;row=4;cell=3,MIXED_FORMATTING,formatting_mechanism=MIXED_FORMATTING
HFUT_TABLE_DOC,138,P123,11,Normal,center,,line_spacing=280 twips;14.000 pt;rule=exact,,1,Times New Roman,7.5,,0,0,0,table=5;row=4;cell=4,MIXED_FORMATTING,formatting_mechanism=MIXED_FORMATTING
HFUT_TABLE_DOC,139,P124,12,Normal,center,,line_spacing=280 twips;14.000 pt;rule=exact,,1,Times New Roman,7.5,,0,0,0,table=5;row=4;cell=5,MIXED_FORMATTING,formatting_mechanism=MIXED_FORMATTING
HFUT_TABLE_DOC,140,P125,13,Normal,center,,line_spacing=280 twips;14.000 pt;rule=exact,,1,Times New Roman,7.5,,0,0,0,table=5;row=4;cell=6,MIXED_FORMATTING,formatting_mechanism=MIXED_FORMATTING
HFUT_TABLE_DOC,141,P126,14,Normal,center,,line_spacing=280 twips;14.000 pt;rule=exact,,1,Times New Roman,7.5,,0,0,0,table=5;row=4;cell=7,MIXED_FORMATTING,formatting_mechanism=MIXED_FORMATTING
HFUT_TABLE_DOC,142,P127,15,Normal,center,,line_spacing=280 twips;14.000 pt;rule=exact,,1,Times New Roman,7.5,,0,0,0,table=5;row=4;cell=8,MIXED_FORMATTING,formatting_mechanism=MIXED_FORMATTING
HFUT_TABLE_DOC,143,P128,16,Normal,center,,line_spacing=280 twips;14.000 pt;rule=exact,,1,Times New Roman,7.5,,0,0,0,table=5;row=4;cell=9,MIXED_FORMATTING,formatting_mechanism=MIXED_FORMATTING
HFUT_TABLE_DOC,144,P129,t/s,Normal,start,first_line_indent=45 twips;2.250 pt,line_spacing=280 twips;14.000 pt;rule=exact,,2,Times New Roman,7.5,r1:b=inherit;i=TRUE,0,0,0,table=5;row=5;cell=1,MIXED_FORMATTING,formatting_mechanism=MIXED_FORMATTING
HFUT_TABLE_DOC,145,P130,7,Normal,center,,line_spacing=280 twips;14.000 pt;rule=exact,,1,Times New Roman,7.5,,0,0,0,table=5;row=5;cell=2,MIXED_FORMATTING,formatting_mechanism=MIXED_FORMATTING
HFUT_TABLE_DOC,146,P131,5,Normal,center,,line_spacing=280 twips;14.000 pt;rule=exact,,1,Times New Roman,7.5,,0,0,0,table=5;row=5;cell=3,MIXED_FORMATTING,formatting_mechanism=MIXED_FORMATTING
HFUT_TABLE_DOC,147,P132,6,Normal,center,,line_spacing=280 twips;14.000 pt;rule=exact,,1,Times New Roman,7.5,,0,0,0,table=5;row=5;cell=4,MIXED_FORMATTING,formatting_mechanism=MIXED_FORMATTING
HFUT_TABLE_DOC,148,P133,7,Normal,center,,line_spacing=280 twips;14.000 pt;rule=exact,,1,Times New Roman,7.5,,0,0,0,table=5;row=5;cell=5,MIXED_FORMATTING,formatting_mechanism=MIXED_FORMATTING
HFUT_TABLE_DOC,149,P134,9,Normal,center,,line_spacing=280 twips;14.000 pt;rule=exact,,1,Times New Roman,7.5,,0,0,0,table=5;row=5;cell=6,MIXED_FORMATTING,formatting_mechanism=MIXED_FORMATTING
HFUT_TABLE_DOC,150,P135,7,Normal,center,,line_spacing=280 twips;14.000 pt;rule=exact,,1,Times New Roman,7.5,,0,0,0,table=5;row=5;cell=7,MIXED_FORMATTING,formatting_mechanism=MIXED_FORMATTING
HFUT_TABLE_DOC,151,P136,1,Normal,center,,line_spacing=280 twips;14.000 pt;rule=exact,,1,Times New Roman,7.5,,0,0,0,table=5;row=5;cell=8,MIXED_FORMATTING,formatting_mechanism=MIXED_FORMATTING
HFUT_TABLE_DOC,152,P137,5,Normal,center,,line_spacing=280 twips;14.000 pt;rule=exact,,1,Times New Roman,7.5,,0,0,0,table=5;row=5;cell=9,MIXED_FORMATTING,formatting_mechanism=MIXED_FORMATTING
HFUT_TABLE_DOC,153,P138,θ/(°),Normal,start,first_line_indent=45 twips;2.250 pt,line_spacing=280 twips;14.000 pt;rule=exact,,4,Times New Roman,7.5,r1:b=inherit;i=TRUE,0,0,0,table=5;row=6;cell=1,MIXED_FORMATTING,formatting_mechanism=MIXED_FORMATTING
HFUT_TABLE_DOC,154,P139,15,Normal,center,,line_spacing=280 twips;14.000 pt;rule=exact,,1,Times New Roman,7.5,,0,0,0,table=5;row=6;cell=2,MIXED_FORMATTING,formatting_mechanism=MIXED_FORMATTING
HFUT_TABLE_DOC,155,P140,22,Normal,center,,line_spacing=280 twips;14.000 pt;rule=exact,,1,Times New Roman,7.5,,0,0,0,table=5;row=6;cell=3,MIXED_FORMATTING,formatting_mechanism=MIXED_FORMATTING
HFUT_TABLE_DOC,156,P141,42,Normal,center,,line_spacing=280 twips;14.000 pt;rule=exact,,1,Times New Roman,7.5,,0,0,0,table=5;row=6;cell=4,MIXED_FORMATTING,formatting_mechanism=MIXED_FORMATTING
HFUT_TABLE_DOC,157,P142,15,Normal,center,,line_spacing=280 twips;14.000 pt;rule=exact,,1,Times New Roman,7.5,,0,0,0,table=5;row=6;cell=5,MIXED_FORMATTING,formatting_mechanism=MIXED_FORMATTING
HFUT_TABLE_DOC,158,P143,55,Normal,center,,line_spacing=280 twips;14.000 pt;rule=exact,,1,Times New Roman,7.5,,0,0,0,table=5;row=6;cell=6,MIXED_FORMATTING,formatting_mechanism=MIXED_FORMATTING
HFUT_TABLE_DOC,159,P144,40,Normal,center,,line_spacing=280 twips;14.000 pt;rule=exact,,1,Times New Roman,7.5,,0,0,0,table=5;row=6;cell=7,MIXED_FORMATTING,formatting_mechanism=MIXED_FORMATTING
HFUT_TABLE_DOC,160,EMPTY_PARAGRAPH_160,,Normal,center,,line_spacing=280 twips;14.000 pt;rule=exact,,1,Times New Roman,7.5,,0,0,0,table=5;row=6;cell=8,MIXED_FORMATTING,formatting_mechanism=MIXED_FORMATTING
HFUT_TABLE_DOC,161,P145,35,Normal,center,,line_spacing=280 twips;14.000 pt;rule=exact,,1,Times New Roman,7.5,,0,0,0,table=5;row=6;cell=9,MIXED_FORMATTING,formatting_mechanism=MIXED_FORMATTING
HFUT_TABLE_DOC,162,P146,注：*表示XXXX。,Normal,,,,,5,Times New Roman;宋体;SimSun,7.5,,0,0,0,,MIXED_FORMATTING,formatting_mechanism=MIXED_FORMATTING
HFUT_REF_DOC,1,P001,参考文献要求及示例,Heading1,center,,space_before_pt=15.9;space_after_pt=15.9;line_spacing=240 twips;12.000 pt;rule=auto,,2,黑体;SimHei,,,0,0,0,,MIXED_FORMATTING,formatting_mechanism=MIXED_FORMATTING
HFUT_REF_DOC,2,EMPTY_PARAGRAPH_002,,Normal,,hanging_indent=319 twips;15.950 pt;left_indent=319 twips;15.950 pt,line_spacing=280 twips;14.000 pt;rule=exact,,1,黑体;SimHei,7.5,r1:b=TRUE;i=inherit,0,0,0,,MIXED_FORMATTING,formatting_mechanism=MIXED_FORMATTING
HFUT_REF_DOC,3,EMPTY_PARAGRAPH_003,,Normal(implicit),,,,,0,,,,0,0,0,,NAMED_STYLE_FORMATTING,formatting_mechanism=NAMED_STYLE_FORMATTING
HFUT_REF_DOC,4,P002,参考文献的排版严格按照执行国家标准GB/T 7714—2025《信息与文献 参考文献著录规则）》。,Normal,,first_line_indent=438 twips;21.900 pt,line_spacing=320 twips;16.000 pt;rule=exact,,15,Times New Roman;宋体;SimSun;方正书宋简体;宋体,,,0,0,0,,MIXED_FORMATTING,formatting_mechanism=MIXED_FORMATTING
HFUT_REF_DOC,5,P003,本刊参考文献中汉字为六号宋体，字母、数字为六号Times New Roman，行距14磅。,Normal,,first_line_indent=438 twips;21.900 pt,line_spacing=320 twips;16.000 pt;rule=exact,,14,方正书宋简体;宋体,,,0,0,0,,MIXED_FORMATTING,formatting_mechanism=MIXED_FORMATTING
HFUT_REF_DOC,6,P004,不同类型的参考文献示例如下：,Normal,,first_line_indent=438 twips;21.900 pt,line_spacing=320 twips;16.000 pt;rule=exact,,1,方正书宋简体;宋体,,,0,0,0,,MIXED_FORMATTING,formatting_mechanism=MIXED_FORMATTING
HFUT_REF_DOC,7,P005,"一 期刊: [序号] 作者（英文期刊作者姓前名后, 姓应全部著录，首字母应大写，名可缩写为首字母；用汉语拼音著录个人责任者，名宜用全称）.题名[J].刊名（外文刊名尽量不用缩写, 全文统一），出版年，卷(期):起止页码（或文章编号）.",Normal,,hanging_indent=440 twips;22.000 pt;left_indent=440 twips;22.000 pt,line_spacing=320 twips;16.000 pt;rule=exact,,23,Times New Roman,,r1:b=TRUE;i=inherit;r2:b=TRUE;i=inherit;r3:b=TRUE;i=inherit;r4:b=TRUE;i=inherit;r5:b=TRUE;i=inherit;r6:b=TRUE;i=inherit;r7:b=TRUE;i=inherit;r8:b=TRUE;i=inherit;r9:b=TRUE;i=inherit;r11:b=TRUE;i=inherit;r12:b=TRUE;i=inherit;r13:b=TRUE;i=inherit;r14:b=TRUE;i=inherit;r15:b=TRUE;i=inherit;r16:b=TRUE;i=inherit;r17:b=TRUE;i=inherit;r18:b=TRUE;i=inherit;r19:b=TRUE;i=inherit;r20:b=TRUE;i=inherit;r21:b=TRUE;i=inherit;r22:b=TRUE;i=inherit;r23:b=TRUE;i=inherit,0,0,0,,MIXED_FORMATTING,formatting_mechanism=MIXED_FORMATTING
HFUT_REF_DOC,8,P006,"[1] 俞欣,刘晓平,张光伟,等.高架斜坡及车辆诱导效应对污染物传播与暴露风险研究[J].合肥工业大学学报(自然科学版)，2024,47(12):1595-1600.(六号宋体或Times New Roman)",Normal,,hanging_indent=345 twips;17.250 pt;left_indent=345 twips;17.250 pt,line_spacing=280 twips;14.000 pt;rule=exact,,22,宋体;SimSun;方正书宋简体;宋体,7.5,r20:b=TRUE;i=inherit;r21:b=TRUE;i=inherit;r22:b=TRUE;i=inherit,0,0,0,,MIXED_FORMATTING,formatting_mechanism=MIXED_FORMATTING
HFUT_REF_DOC,9,P007,"[2] Gutiérrez T J, Tovar J. Update of the concept of type 5 resistant starch (RS5): self-assembled starch V-type complexes [J]. Trends in Food Science & Technology, 2021, 109: 711-724. (六号Times New Roman)",Normal,,hanging_indent=318 twips;15.900 pt;left_indent=318 twips;15.900 pt,line_spacing=280 twips;14.000 pt;rule=exact,,11,宋体;SimSun,7.5,r9:b=TRUE;i=inherit;r10:b=TRUE;i=inherit;r11:b=TRUE;i=inherit,0,0,0,,MIXED_FORMATTING,formatting_mechanism=MIXED_FORMATTING
HFUT_REF_DOC,10,P008,"[3] 刘相阳,夏培斋,徐茜茜,等.再生细骨料水泥砂浆力学性能试验研究[J].混凝土,2020(7):106-108,113.",Normal,,hanging_indent=318 twips;15.900 pt;left_indent=318 twips;15.900 pt,line_spacing=280 twips;14.000 pt;rule=exact,,13,宋体;SimSun,7.5,,0,0,0,,MIXED_FORMATTING,formatting_mechanism=MIXED_FORMATTING
HFUT_REF_DOC,11,P009,"[4] 张群,程志宝,石志飞.惯性增强动力吸振器-浮置板轨道低频减振性能研究[J/OL].铁道学报,2024-05-09. https://kns.cnki.net/kcms/detail/11.2104.u.20240507.1737.002.html. (注:日期为在线出版日期)",Normal,,hanging_indent=318 twips;15.900 pt;left_indent=318 twips;15.900 pt,line_spacing=280 twips;14.000 pt;rule=exact,,26,,7.5,r22:b=TRUE;i=inherit;r23:b=TRUE;i=inherit;r24:b=TRUE;i=inherit;r25:b=TRUE;i=inherit;r26:b=TRUE;i=inherit,0,0,0,,MIXED_FORMATTING,formatting_mechanism=MIXED_FORMATTING
HFUT_REF_DOC,12,P010,"[5] 王利平,王福新,刘洪.过冷大水滴环境粒径分布模拟方法研究进展[J].航空学报,2024,45(增刊1):730570.",Normal,,hanging_indent=318 twips;15.900 pt;left_indent=318 twips;15.900 pt,line_spacing=280 twips;14.000 pt;rule=exact,,16,,7.5,,0,0,0,,MIXED_FORMATTING,formatting_mechanism=MIXED_FORMATTING
HFUT_REF_DOC,13,P011,"[6] Fei Yang, Li Weiqin, Zong Guangquan, et al. Cholecystolithotomy combined Armillarisin A versus cholecystectomy in cirrhotic portal hypertension patients with symptomatic cholelithiasis[J]. Chirurgia, 2017, 112(2): 143-151.",Normal,,hanging_indent=318 twips;15.900 pt;left_indent=318 twips;15.900 pt,line_spacing=280 twips;14.000 pt;rule=exact,,5,,7.5,r2:b=inherit;i=TRUE,0,0,0,,MIXED_FORMATTING,formatting_mechanism=MIXED_FORMATTING
HFUT_REF_DOC,14,EMPTY_PARAGRAPH_014,,Normal,,hanging_indent=319 twips;15.950 pt;left_indent=319 twips;15.950 pt,line_spacing=280 twips;14.000 pt;rule=exact,,1,宋体;SimSun,7.5,r1:b=TRUE;i=inherit,0,0,0,,MIXED_FORMATTING,formatting_mechanism=MIXED_FORMATTING
HFUT_REF_DOC,15,P012,"二 专著：[序号]作者（格式要求同期刊）.书名[M].版本（第一版不写）.出版地：出版者,出版年:析出文献页码(可以不标注).",Normal,,hanging_indent=314 twips;15.700 pt;left_indent=314 twips;15.700 pt,line_spacing=280 twips;14.000 pt;rule=exact,,23,Times New Roman;宋体;SimSun,,r1:b=TRUE;i=inherit;r2:b=TRUE;i=inherit;r3:b=TRUE;i=inherit;r4:b=TRUE;i=inherit;r5:b=TRUE;i=inherit;r6:b=TRUE;i=inherit;r7:b=TRUE;i=inherit;r8:b=TRUE;i=inherit;r9:b=TRUE;i=inherit;r10:b=TRUE;i=inherit;r11:b=TRUE;i=inherit;r12:b=TRUE;i=inherit;r13:b=TRUE;i=inherit;r14:b=TRUE;i=inherit;r15:b=TRUE;i=inherit;r16:b=TRUE;i=inherit;r17:b=TRUE;i=inherit;r18:b=TRUE;i=inherit;r19:b=TRUE;i=inherit;r20:b=TRUE;i=inherit;r21:b=TRUE;i=inherit;r22:b=TRUE;i=inherit;r23:b=TRUE;i=inherit,0,0,0,,MIXED_FORMATTING,formatting_mechanism=MIXED_FORMATTING
HFUT_REF_DOC,16,P013,"[7] 吴业正,李红旗,张华.制冷压缩机[M].3版.北京:机械工业出版社,2019:38-39.",Normal,,hanging_indent=318 twips;15.900 pt;left_indent=318 twips;15.900 pt,line_spacing=280 twips;14.000 pt;rule=exact,,15,宋体;SimSun,7.5,,0,0,0,,MIXED_FORMATTING,formatting_mechanism=MIXED_FORMATTING
HFUT_REF_DOC,17,P014,"[8] Kelly Rainer R, Turban E, Potter R E, et al. Introduction to information systems[M].3rd ed.[S.l.]: John Wiley & Sons,Inc.,",Normal,,hanging_indent=318 twips;15.900 pt;left_indent=318 twips;15.900 pt,line_spacing=280 twips;14.000 pt;rule=exact,,4,,7.5,,0,0,0,,MIXED_FORMATTING,formatting_mechanism=MIXED_FORMATTING
HFUT_REF_DOC,18,P015,2010.,Normal,,hanging_indent=80 twips;4.000 pt;left_indent=409 twips;20.450 pt,line_spacing=280 twips;14.000 pt;rule=exact,,1,,7.5,,0,0,0,,MIXED_FORMATTING,formatting_mechanism=MIXED_FORMATTING
HFUT_REF_DOC,19,P016,"[9] Baliga B T.功率半导体器件基础[M].韩郑生,陆江,宋李梅,等,译.北京:电子工业出版社,2013.",Normal,,hanging_indent=318 twips;15.900 pt;left_indent=318 twips;15.900 pt,line_spacing=280 twips;14.000 pt;rule=exact,,17,宋体;SimSun,7.5,,0,0,0,,MIXED_FORMATTING,formatting_mechanism=MIXED_FORMATTING
HFUT_REF_DOC,20,P017,"[10] Kinchy A. Seeds, science, and struggle: the global politics of transgenic crops[M]. Cambridge, Mass.: MIT Press, 2012:50.",Normal,,hanging_indent=318 twips;15.900 pt;left_indent=318 twips;15.900 pt,line_spacing=280 twips;14.000 pt;rule=exact,,6,,7.5,,0,0,0,,MIXED_FORMATTING,formatting_mechanism=MIXED_FORMATTING
HFUT_REF_DOC,21,EMPTY_PARAGRAPH_021,,Normal,,hanging_indent=440 twips;22.000 pt;left_indent=440 twips;22.000 pt,line_spacing=280 twips;14.000 pt;rule=exact,,1,宋体;SimSun,7.5,r1:b=TRUE;i=inherit,0,0,0,,MIXED_FORMATTING,formatting_mechanism=MIXED_FORMATTING
HFUT_REF_DOC,22,P018,"三 会议论文集：[序号]作者（格式要求同期刊）.题名[C]//编者.论文集名（会议名称）.出版地:出版者,出版年:起止页码.",Normal,,hanging_indent=314 twips;15.700 pt;left_indent=314 twips;15.700 pt,line_spacing=280 twips;14.000 pt;rule=exact,,25,Times New Roman;宋体;SimSun,,r1:b=TRUE;i=inherit;r2:b=TRUE;i=inherit;r3:b=TRUE;i=inherit;r4:b=TRUE;i=inherit;r5:b=TRUE;i=inherit;r6:b=TRUE;i=inherit;r7:b=TRUE;i=inherit;r8:b=TRUE;i=inherit;r9:b=TRUE;i=inherit;r10:b=TRUE;i=inherit;r11:b=TRUE;i=inherit;r12:b=TRUE;i=inherit;r13:b=TRUE;i=inherit;r14:b=TRUE;i=inherit;r15:b=TRUE;i=inherit;r16:b=TRUE;i=inherit;r17:b=TRUE;i=inherit;r18:b=TRUE;i=inherit;r19:b=TRUE;i=inherit;r20:b=TRUE;i=inherit;r21:b=TRUE;i=inherit;r22:b=TRUE;i=inherit;r23:b=TRUE;i=inherit;r24:b=TRUE;i=inherit;r25:b=TRUE;i=inherit,0,0,0,,MIXED_FORMATTING,formatting_mechanism=MIXED_FORMATTING
HFUT_REF_DOC,23,P019,"[11] Rajyalakshmi P, Sathappan S, Jyothi Rani M, et al. A novel image processing system to recognize and classify images using integrated advanced CNN and FPGA for IoT based applications [C]// 2022 4th International Conference on Inventive ",Normal,,hanging_indent=312 twips;15.600 pt;left_indent=312 twips;15.600 pt,line_spacing=280 twips;14.000 pt;rule=exact,,3,,7.5,,0,0,0,,MIXED_FORMATTING,formatting_mechanism=MIXED_FORMATTING
HFUT_REF_DOC,24,P020,"[12] Fourney M E. Advances in holographic photoelasticity [C]// GottenbergW G. Symposium on Applications of Holography in Mechanics, August23-25, 1971, University of Southern California, Los Angeles, California. New York: ASME, 1971: 17-38.",Normal,,hanging_indent=312 twips;15.600 pt;left_indent=312 twips;15.600 pt,line_spacing=280 twips;14.000 pt;rule=exact,,2,,7.5,,0,0,0,,MIXED_FORMATTING,formatting_mechanism=MIXED_FORMATTING
HFUT_REF_DOC,25,P021,"[13] 乔晓罡,李文静.从一些国家雨水利用情况谈我国的雨水利用[C]// “建设资源节约型、环境友好型社会”高层论坛论文集.陕西:西安地图出版社,2007:239-242.",Style15,,hanging_indent=312 twips;15.600 pt;left_indent=312 twips;15.600 pt,line_spacing=280 twips;14.000 pt;rule=exact,,16,宋体;SimSun,7.5,,0,0,0,,MIXED_FORMATTING,formatting_mechanism=MIXED_FORMATTING
HFUT_REF_DOC,26,P022,"[14] 肖希明,石庆功,刘奕.民国图书馆学教育的社会贡献[C]//纪念北京大学图书馆学教育100周年研讨会论文集.北京:北京大学信息管理系,2024:134-147.",Style15,,hanging_indent=312 twips;15.600 pt;left_indent=312 twips;15.600 pt,line_spacing=280 twips;14.000 pt;rule=exact,,20,,7.5,,0,0,0,,MIXED_FORMATTING,formatting_mechanism=MIXED_FORMATTING
HFUT_REF_DOC,27,EMPTY_PARAGRAPH_027,,Normal,,hanging_indent=314 twips;15.700 pt;left_indent=314 twips;15.700 pt,line_spacing=280 twips;14.000 pt;rule=exact,,1,宋体;SimSun,7.5,r1:b=TRUE;i=inherit,0,0,0,,MIXED_FORMATTING,formatting_mechanism=MIXED_FORMATTING
HFUT_REF_DOC,28,P023,四 学位论文：[序号] 作者（格式要求同期刊）.题名[D].保存地点:保存单位，授予年份：引文页码.,Normal,,hanging_indent=314 twips;15.700 pt;left_indent=314 twips;15.700 pt,line_spacing=280 twips;14.000 pt;rule=exact,,18,Times New Roman;宋体;SimSun,,r1:b=TRUE;i=inherit;r2:b=TRUE;i=inherit;r3:b=TRUE;i=inherit;r4:b=TRUE;i=inherit;r5:b=TRUE;i=inherit;r6:b=TRUE;i=inherit;r7:b=TRUE;i=inherit;r8:b=TRUE;i=inherit;r9:b=TRUE;i=inherit;r10:b=TRUE;i=inherit;r11:b=TRUE;i=inherit;r12:b=TRUE;i=inherit;r13:b=TRUE;i=inherit;r14:b=TRUE;i=inherit;r15:b=TRUE;i=inherit;r16:b=TRUE;i=inherit;r17:b=TRUE;i=inherit;r18:b=TRUE;i=inherit,0,0,0,,MIXED_FORMATTING,formatting_mechanism=MIXED_FORMATTING
HFUT_REF_DOC,29,P024,"[15] 王琦.融合星载GNSS-R和SAR数据的高时空分辨率土壤湿度反演方法研究[D].武汉:武汉大学,2022:87.",Normal,,hanging_indent=316 twips;15.800 pt;left_indent=316 twips;15.800 pt,line_spacing=280 twips;14.000 pt;rule=exact,,13,宋体;SimSun,7.5,,0,0,0,,MIXED_FORMATTING,formatting_mechanism=MIXED_FORMATTING
HFUT_REF_DOC,30,P025,"[16] Christou A. Improving knowledge graph understanding with contextual views [D]. Ohio: Wrigbt State University, 2024: 18.",Normal,,hanging_indent=316 twips;15.800 pt;left_indent=316 twips;15.800 pt,line_spacing=280 twips;14.000 pt;rule=exact,,1,,7.5,,0,0,0,,MIXED_FORMATTING,formatting_mechanism=MIXED_FORMATTING
HFUT_REF_DOC,31,EMPTY_PARAGRAPH_031,,Normal,,hanging_indent=316 twips;15.800 pt;left_indent=316 twips;15.800 pt,line_spacing=280 twips;14.000 pt;rule=exact,,1,,7.5,,0,0,0,,MIXED_FORMATTING,formatting_mechanism=MIXED_FORMATTING
HFUT_REF_DOC,32,P026,五 标准：[序号] 标准编号 标准名称[S].,Normal,,hanging_indent=314 twips;15.700 pt;left_indent=314 twips;15.700 pt,line_spacing=280 twips;14.000 pt;rule=exact,,11,Times New Roman;宋体;SimSun,,r1:b=TRUE;i=inherit;r2:b=TRUE;i=inherit;r3:b=TRUE;i=inherit;r4:b=TRUE;i=inherit;r5:b=TRUE;i=inherit;r6:b=TRUE;i=inherit;r7:b=TRUE;i=inherit;r8:b=TRUE;i=inherit;r9:b=TRUE;i=inherit;r10:b=TRUE;i=inherit;r11:b=TRUE;i=inherit,0,0,0,,MIXED_FORMATTING,formatting_mechanism=MIXED_FORMATTING
HFUT_REF_DOC,33,P027,[17] GB/T 22068—2018 汽车空调用电动压缩机总成[S].,Normal,,hanging_indent=396 twips;19.800 pt;left_indent=396 twips;19.800 pt,line_spacing=280 twips;14.000 pt;rule=exact,,3,宋体;SimSun,7.5,,0,0,0,,MIXED_FORMATTING,formatting_mechanism=MIXED_FORMATTING
HFUT_REF_DOC,34,P028,[18] IEC/IEEE 61636-1:2021 Software interface for maintenance information collection and analysis (SIMICA): exchanging test results and session information via the eXtensible Markup Language (XML)[S].,Normal,,hanging_indent=396 twips;19.800 pt;left_indent=396 twips;19.800 pt,line_spacing=280 twips;14.000 pt;rule=exact,,1,,7.5,,0,0,0,,MIXED_FORMATTING,formatting_mechanism=MIXED_FORMATTING
HFUT_REF_DOC,35,EMPTY_PARAGRAPH_035,,Normal,,hanging_indent=396 twips;19.800 pt;left_indent=396 twips;19.800 pt,line_spacing=280 twips;14.000 pt;rule=exact,,1,,7.5,,0,0,0,,MIXED_FORMATTING,formatting_mechanism=MIXED_FORMATTING
HFUT_REF_DOC,36,P029,六 预印本：[序号] 作者（格式要求同期刊）.题名[PP/OL].版本.出版平台(创建或修改日期)[引用日期].获取和访问路径.,Normal,,hanging_indent=314 twips;15.700 pt;left_indent=314 twips;15.700 pt,line_spacing=280 twips;14.000 pt;rule=exact,,27,Times New Roman;宋体;SimSun,,r1:b=TRUE;i=inherit;r2:b=TRUE;i=inherit;r3:b=TRUE;i=inherit;r4:b=TRUE;i=inherit;r5:b=TRUE;i=inherit;r6:b=TRUE;i=inherit;r7:b=TRUE;i=inherit;r8:b=TRUE;i=inherit;r9:b=TRUE;i=inherit;r10:b=TRUE;i=inherit;r11:b=TRUE;i=inherit;r12:b=TRUE;i=inherit;r13:b=TRUE;i=inherit;r14:b=TRUE;i=inherit;r15:b=TRUE;i=inherit;r16:b=TRUE;i=inherit;r17:b=TRUE;i=inherit;r18:b=TRUE;i=inherit;r19:b=TRUE;i=inherit;r20:b=TRUE;i=inherit;r21:b=TRUE;i=inherit;r22:b=TRUE;i=inherit;r23:b=TRUE;i=inherit;r24:b=TRUE;i=inherit;r25:b=TRUE;i=inherit;r26:b=TRUE;i=inherit;r27:b=TRUE;i=inherit,0,0,0,,MIXED_FORMATTING,formatting_mechanism=MIXED_FORMATTING
HFUT_REF_DOC,37,P030,"[19] Courbariaux M, Hubara I, Soudry D, et al. Binarized neural networks: training deep neural networks with weights and activations constrained to +1 or ﹣1[PP/OL].V3.arXiv (2016-03-17)[2025-06-24].http://doi.org/10.48550/arXiv.1602.02830.",Normal,,hanging_indent=396 twips;19.800 pt;left_indent=396 twips;19.800 pt,line_spacing=280 twips;14.000 pt;rule=exact,,33,宋体;SimSun,7.5,,0,0,0,,MIXED_FORMATTING,formatting_mechanism=MIXED_FORMATTING
HFUT_REF_DOC,38,EMPTY_PARAGRAPH_038,,Normal,,hanging_indent=314 twips;15.700 pt;left_indent=314 twips;15.700 pt,line_spacing=280 twips;14.000 pt;rule=exact,,1,宋体;SimSun,7.5,r1:b=TRUE;i=inherit,0,0,0,,MIXED_FORMATTING,formatting_mechanism=MIXED_FORMATTING
HFUT_REF_DOC,39,P031,七 网页、网站：[序号] 作者（格式要求同期刊）(有则必备).题名[EB/OL]. (创建或修改日期)[引用日期]. 获取和访问路径.,Normal,,hanging_indent=314 twips;15.700 pt;left_indent=314 twips;15.700 pt,line_spacing=280 twips;14.000 pt;rule=exact,,23,Times New Roman;宋体;SimSun,,r1:b=TRUE;i=inherit;r2:b=TRUE;i=inherit;r3:b=TRUE;i=inherit;r4:b=TRUE;i=inherit;r5:b=TRUE;i=inherit;r6:b=TRUE;i=inherit;r7:b=TRUE;i=inherit;r8:b=TRUE;i=inherit;r9:b=TRUE;i=inherit;r10:b=TRUE;i=inherit;r11:b=TRUE;i=inherit;r12:b=TRUE;i=inherit;r13:b=TRUE;i=inherit;r14:b=TRUE;i=inherit;r15:b=TRUE;i=inherit;r16:b=TRUE;i=inherit;r17:b=TRUE;i=inherit;r18:b=TRUE;i=inherit;r19:b=TRUE;i=inherit;r20:b=TRUE;i=inherit;r21:b=TRUE;i=inherit;r22:b=TRUE;i=inherit;r23:b=TRUE;i=inherit,0,0,0,,MIXED_FORMATTING,formatting_mechanism=MIXED_FORMATTING
HFUT_REF_DOC,40,P032,"[20] Antonio M, Pepper L. Historias de Portugal: livros caidos [EB/OL].(2019-07-13)[2025-01-02].https://arquivo.pt/wayback20190905210731/http://publico.pt/2019/07/13/sociedade/noticia/podcast-his-torias-portugal-cuidadores-1879731.",Normal,,hanging_indent=227 twips;11.350 pt;left_indent=227 twips;11.350 pt,line_spacing=280 twips;14.000 pt;rule=exact,,1,,7.5,,0,0,0,,MIXED_FORMATTING,formatting_mechanism=MIXED_FORMATTING
HFUT_REF_DOC,41,P033,[21] 中国国家博物馆[EB/OL].[2025-05-06]. https://www. chnmuseum.cn/.,Normal,,hanging_indent=227 twips;11.350 pt;left_indent=227 twips;11.350 pt,line_spacing=280 twips;14.000 pt;rule=exact,,13,,7.5,,0,0,0,,MIXED_FORMATTING,formatting_mechanism=MIXED_FORMATTING
HFUT_REF_DOC,42,EMPTY_PARAGRAPH_042,,Normal,,hanging_indent=227 twips;11.350 pt;left_indent=227 twips;11.350 pt,line_spacing=280 twips;14.000 pt;rule=exact,,1,,7.5,,0,0,0,,MIXED_FORMATTING,formatting_mechanism=MIXED_FORMATTING
HFUT_REF_DOC,43,P034,八 专利：[序号] 专利申请者或所有者（格式要求同期刊）. 专利题名：专利编号[P].公告日期或公开日期.,Normal,,hanging_indent=314 twips;15.700 pt;left_indent=314 twips;15.700 pt,line_spacing=280 twips;14.000 pt;rule=exact,,16,Times New Roman;宋体;SimSun,,r1:b=TRUE;i=inherit;r2:b=TRUE;i=inherit;r3:b=TRUE;i=inherit;r4:b=TRUE;i=inherit;r5:b=TRUE;i=inherit;r6:b=TRUE;i=inherit;r7:b=TRUE;i=inherit;r8:b=TRUE;i=inherit;r9:b=TRUE;i=inherit;r10:b=TRUE;i=inherit;r11:b=TRUE;i=inherit;r12:b=TRUE;i=inherit;r13:b=TRUE;i=inherit;r14:b=TRUE;i=inherit;r15:b=TRUE;i=inherit;r16:b=TRUE;i=inherit,0,0,0,,MIXED_FORMATTING,formatting_mechanism=MIXED_FORMATTING
HFUT_REF_DOC,44,P035,[22] 姜锡洲.一种温热外敷药制备方案: 88105607.3[P].1989-07-26.,Normal,,hanging_indent=318 twips;15.900 pt;left_indent=318 twips;15.900 pt,line_spacing=280 twips;14.000 pt;rule=exact,,8,Times New Roman;方正书宋简体;宋体,7.5,,0,0,0,,MIXED_FORMATTING,formatting_mechanism=MIXED_FORMATTING
HFUT_REF_DOC,45,EMPTY_PARAGRAPH_045,,Normal,,hanging_indent=314 twips;15.700 pt;left_indent=314 twips;15.700 pt,line_spacing=280 twips;14.000 pt;rule=exact,,1,宋体;SimSun,7.5,r1:b=TRUE;i=inherit,0,0,0,,MIXED_FORMATTING,formatting_mechanism=MIXED_FORMATTING
HFUT_REF_DOC,46,P036,九 报告：[序号] 作者(格式要求同期刊).报告题名:报告编号[R].出版地：出版者，出版年：引文页码.,Normal,,hanging_indent=314 twips;15.700 pt;left_indent=314 twips;15.700 pt,line_spacing=280 twips;14.000 pt;rule=exact,,17,Times New Roman;宋体;SimSun,,r1:b=TRUE;i=inherit;r2:b=TRUE;i=inherit;r3:b=TRUE;i=inherit;r4:b=TRUE;i=inherit;r5:b=TRUE;i=inherit;r6:b=TRUE;i=inherit;r7:b=TRUE;i=inherit;r8:b=TRUE;i=inherit;r9:b=TRUE;i=inherit;r10:b=TRUE;i=inherit;r11:b=TRUE;i=inherit;r12:b=TRUE;i=inherit;r13:b=TRUE;i=inherit;r14:b=TRUE;i=inherit;r15:b=TRUE;i=inherit;r16:b=TRUE;i=inherit;r17:b=TRUE;i=inherit,0,0,0,,MIXED_FORMATTING,formatting_mechanism=MIXED_FORMATTING
HFUT_REF_DOC,47,P037,"[23] U.S. Department of Transportation Federal Highway Administration. Guidelines for handing excavated acid- producing materials: PB 9I-194001[R]. Springfield: U.S. Department of Commerce National Information Service, 1990: 25.",Normal,,hanging_indent=318 twips;15.900 pt;left_indent=318 twips;15.900 pt,line_spacing=280 twips;14.000 pt;rule=exact,,8,方正书宋简体;宋体,7.5,,0,0,0,,MIXED_FORMATTING,formatting_mechanism=MIXED_FORMATTING
HFUT_REF_DOC,48,P038,[24] 中国互联网络信息中心.第29次中国互联网络发展状况统计报告[R/OL].2012-01-16. http://www.cnnic.net.cn/NMediaFile/ old_attach/P020120612484958777344.pdf.,Normal,,hanging_indent=318 twips;15.900 pt;left_indent=318 twips;15.900 pt,,,12,方正书宋简体;宋体,7.5,,0,0,0,,MIXED_FORMATTING,formatting_mechanism=MIXED_FORMATTING
HFUT_REF_DOC,49,EMPTY_PARAGRAPH_049,,Normal,,hanging_indent=318 twips;15.900 pt;left_indent=318 twips;15.900 pt,,,1,方正书宋简体;宋体,7.5,,0,0,0,,MIXED_FORMATTING,formatting_mechanism=MIXED_FORMATTING
HFUT_REF_DOC,50,P039,十 地图：[序号] 主要责任者.题名.比例尺[CM].版本.出版地:出版者，出版年.尺寸.获取和访问路径.,Normal,,hanging_indent=440 twips;22.000 pt;left_indent=440 twips;22.000 pt,,,24,Times New Roman;宋体;SimSun,,r1:b=TRUE;i=inherit;r2:b=TRUE;i=inherit;r3:b=TRUE;i=inherit;r4:b=TRUE;i=inherit;r5:b=TRUE;i=inherit;r6:b=TRUE;i=inherit;r7:b=TRUE;i=inherit;r8:b=TRUE;i=inherit;r9:b=TRUE;i=inherit;r10:b=TRUE;i=inherit;r11:b=TRUE;i=inherit;r12:b=TRUE;i=inherit;r13:b=TRUE;i=inherit;r14:b=TRUE;i=inherit;r15:b=TRUE;i=inherit;r16:b=TRUE;i=inherit;r17:b=TRUE;i=inherit;r18:b=TRUE;i=inherit;r19:b=TRUE;i=inherit;r20:b=TRUE;i=inherit;r21:b=TRUE;i=inherit;r22:b=TRUE;i=inherit;r23:b=TRUE;i=inherit;r24:b=TRUE;i=inherit,0,0,0,,MIXED_FORMATTING,formatting_mechanism=MIXED_FORMATTING
HFUT_REF_DOC,51,P040,"[25] 胡健民.东南极拉斯曼丘陵地区地质图.1:25 000[CM].北京:科学出版社,2021.128 cm×84 cm.",Normal,,hanging_indent=318 twips;15.900 pt;left_indent=318 twips;15.900 pt,,,11,方正书宋简体;宋体,7.5,,0,0,0,,MIXED_FORMATTING,formatting_mechanism=MIXED_FORMATTING
HFUT_REF_DOC,52,P041,[26] 国家测绘地理信息局. 一带一路经济走廊及其途经城市分布地势图[CM/OL].http://ydy.china.com.cn/2016-10/27/,Normal,,hanging_indent=318 twips;15.900 pt;left_indent=318 twips;15.900 pt,,,9,方正书宋简体;宋体,7.5,,0,0,0,,MIXED_FORMATTING,formatting_mechanism=MIXED_FORMATTING
HFUT_REF_DOC,53,P042,content_39582227.htm.,Normal,,first_line_indent=318 twips;15.900 pt,,,2,方正书宋简体;宋体,7.5,,0,0,0,,MIXED_FORMATTING,formatting_mechanism=MIXED_FORMATTING
