{
  "schema_version": 1,
  "run_index": 3,
  "status": "PASS",
  "raw_frame_count": 560,
  "warmup_frame_count": 50,
  "measured_frame_count": 510,
  "measured_pre_sink_duration_ms": 55870.98212000002,
  "protocol": {
    "pilot_frames": 100,
    "pilot_discard": 20,
    "formal_warmup": 50,
    "minimum_measured_frames": 500,
    "target_measured_duration_ms": 33000,
    "minimum_valid_duration_ms": 30000,
    "formal_run_count": 5,
    "inter_run_wait_seconds": 30,
    "corpus_size": 20,
    "gzip_level": 9,
    "gzip_mtime": 0,
    "percentile_method": "hyndman_fan_type_7",
    "sample_stddev": "n_minus_1",
    "outlier_policy": "keep_all_measured_samples"
  },
  "timing_statistics": {
    "source_ms": {
      "sample_count": 510,
      "mean": 0.3777553549019605,
      "minimum": 0.2659,
      "maximum": 8.886302,
      "P50": 0.35200050000000005,
      "P95": 0.47978499999999996,
      "P99": 0.6513999999999991,
      "sample_standard_deviation": 0.3846293229494032
    },
    "preprocess_ms": {
      "sample_count": 510,
      "mean": 1.6579712803921545,
      "minimum": 1.5269,
      "maximum": 10.122501,
      "P50": 1.5775,
      "P95": 2.0049149999999996,
      "P99": 2.2690859099999994,
      "sample_standard_deviation": 0.433524376876302
    },
    "inference_ms": {
      "sample_count": 510,
      "mean": 107.41927339215691,
      "minimum": 103.033914,
      "maximum": 144.398733,
      "P50": 105.886084,
      "P95": 115.34218419999999,
      "P99": 126.98976976,
      "sample_standard_deviation": 4.566095441924419
    },
    "postprocess_ms": {
      "sample_count": 510,
      "mean": 0.09582099215686275,
      "minimum": 0.0807,
      "maximum": 0.2373,
      "P50": 0.09345,
      "P95": 0.11667499999999989,
      "P99": 0.14848299999999998,
      "sample_standard_deviation": 0.01437460726816171
    },
    "pre_sink_total_ms": {
      "sample_count": 510,
      "mean": 109.55094533333337,
      "minimum": 105.240414,
      "maximum": 146.461333,
      "P50": 108.0257345,
      "P95": 117.96132499999997,
      "P99": 129.71043957999996,
      "sample_standard_deviation": 4.725734075319281
    }
  },
  "pre_sink_fps": 9.128173170548873,
  "backend_fps_equivalent": 9.309316367736795,
  "process_wall_clock_seconds": 61.62029257500035,
  "process_exit_code": 0,
  "raw_application_uncompressed_sha256": "72662ba9537b24fe92c258d11c4fc86aca3dc8ab5d2431d7eb738f52a7eb23b4",
  "raw_application_compressed_sha256": "42c5401e996e05b453e9f446d2e8366286140195c7ba63e2a5ca60242c9793c6",
  "timings_tsv_sha256": "ef2e733e190ca6057e5505be93a626092721cf28f1e412a2c518a8edd889819f",
  "command": null,
  "validity_checks": {
    "timing_schema": true,
    "all_timing_finite_nonnegative": true,
    "measured_count_minimum": true,
    "duration_minimum": true
  },
  "warnings": [],
  "outlier_policy": "keep_all_measured_samples"
}
