source_id,paragraph_id,paragraph_role,run_index,raw_text,normalized_text,font_ascii,font_hAnsi,font_eastAsia,font_cs,font_size_pt,bold,italic,color,highlight,superscript,subscript,underline,xml_space_preserve,preceding_whitespace,following_whitespace,instruction_or_specimen,visible_black_or_red,semantic_role,applies_to_manuscript,notes
HFUT_FMT_DOC,P001,MANUSCRIPT_FORMAT_INSTRUCTION,1,排版格式,排版格式,宋体;SimSun,宋体;SimSun,,宋体;SimSun,22.0,TRUE,FALSE,AUTO_OR_INHERITED,,FALSE,FALSE,,FALSE,,,BLACK_SPECIMEN_RUN,BLACK_OR_INHERITED,FORMAT_DOCUMENT_CONTENT,YES,LibreOffice-derived OOXML inspection of hash-verified legacy source; inherited properties remain explicit as such.
HFUT_FMT_DOC,P001,MANUSCRIPT_FORMAT_INSTRUCTION,2,及相关,及相关,宋体;SimSun,宋体;SimSun,,宋体;SimSun,22.0,TRUE,FALSE,AUTO_OR_INHERITED,,FALSE,FALSE,,FALSE,,,BLACK_SPECIMEN_RUN,BLACK_OR_INHERITED,FORMAT_DOCUMENT_CONTENT,YES,LibreOffice-derived OOXML inspection of hash-verified legacy source; inherited properties remain explicit as such.
HFUT_FMT_DOC,P001,MANUSCRIPT_FORMAT_INSTRUCTION,3,要求,要求,宋体;SimSun,宋体;SimSun,,宋体;SimSun,22.0,TRUE,FALSE,AUTO_OR_INHERITED,,FALSE,FALSE,,FALSE,,,BLACK_SPECIMEN_RUN,BLACK_OR_INHERITED,FORMAT_DOCUMENT_CONTENT,YES,LibreOffice-derived OOXML inspection of hash-verified legacy source; inherited properties remain explicit as such.
HFUT_FMT_DOC,P001,MANUSCRIPT_FORMAT_INSTRUCTION,4,（标题不超过,（标题不超过,黑体;SimHei,黑体;SimHei,黑体;SimHei,黑体;SimHei,14.0,TRUE,FALSE,FF0000,,FALSE,FALSE,,FALSE,,,RED_INSTRUCTION_RUN,RED,RED_INSTRUCTIONAL_ANNOTATION,NO,LibreOffice-derived OOXML inspection of hash-verified legacy source; inherited properties remain explicit as such.
HFUT_FMT_DOC,P001,MANUSCRIPT_FORMAT_INSTRUCTION,5,20,20,黑体;SimHei,黑体;SimHei,黑体;SimHei,黑体;SimHei,14.0,TRUE,FALSE,FF0000,,FALSE,FALSE,,FALSE,,,RED_INSTRUCTION_RUN,RED,RED_INSTRUCTIONAL_ANNOTATION,NO,LibreOffice-derived OOXML inspection of hash-verified legacy source; inherited properties remain explicit as such.
HFUT_FMT_DOC,P001,MANUSCRIPT_FORMAT_INSTRUCTION,6,字）,字）,黑体;SimHei,黑体;SimHei,黑体;SimHei,黑体;SimHei,14.0,TRUE,FALSE,FF0000,,FALSE,FALSE,,FALSE,,,RED_INSTRUCTION_RUN,RED,RED_INSTRUCTIONAL_ANNOTATION,NO,LibreOffice-derived OOXML inspection of hash-verified legacy source; inherited properties remain explicit as such.
HFUT_FMT_DOC,P002,MANUSCRIPT_FORMAT_INSTRUCTION,1,张光明,张光明,,,楷体_GB2312;楷体,,14.0,FALSE,FALSE,AUTO_OR_INHERITED,,FALSE,FALSE,,FALSE,,,BLACK_SPECIMEN_RUN,BLACK_OR_INHERITED,FORMAT_DOCUMENT_CONTENT,YES,LibreOffice-derived OOXML inspection of hash-verified legacy source; inherited properties remain explicit as such.
HFUT_FMT_DOC,P002,MANUSCRIPT_FORMAT_INSTRUCTION,2,1,1,,,楷体_GB2312;楷体,,14.0,FALSE,FALSE,AUTO_OR_INHERITED,,TRUE,FALSE,,FALSE,,,BLACK_SPECIMEN_RUN,BLACK_OR_INHERITED,FORMAT_DOCUMENT_CONTENT,YES,LibreOffice-derived OOXML inspection of hash-verified legacy source; inherited properties remain explicit as such.
HFUT_FMT_DOC,P002,MANUSCRIPT_FORMAT_INSTRUCTION,3,，,，,,,,,14.0,FALSE,FALSE,AUTO_OR_INHERITED,,FALSE,FALSE,,FALSE,,,BLACK_SPECIMEN_RUN,BLACK_OR_INHERITED,FORMAT_DOCUMENT_CONTENT,YES,LibreOffice-derived OOXML inspection of hash-verified legacy source; inherited properties remain explicit as such.
HFUT_FMT_DOC,P002,MANUSCRIPT_FORMAT_INSTRUCTION,4,李,李,,,楷体_GB2312;楷体,,14.0,FALSE,FALSE,AUTO_OR_INHERITED,,FALSE,FALSE,,FALSE,,,BLACK_SPECIMEN_RUN,BLACK_OR_INHERITED,FORMAT_DOCUMENT_CONTENT,YES,LibreOffice-derived OOXML inspection of hash-verified legacy source; inherited properties remain explicit as such.
HFUT_FMT_DOC,P002,MANUSCRIPT_FORMAT_INSTRUCTION,5,  ,,,,Times New Roman,,14.0,FALSE,FALSE,AUTO_OR_INHERITED,,FALSE,FALSE,,TRUE,  ,  ,BLACK_SPECIMEN_RUN,BLACK_OR_INHERITED,FORMAT_DOCUMENT_CONTENT,YES,LibreOffice-derived OOXML inspection of hash-verified legacy source; inherited properties remain explicit as such.
HFUT_FMT_DOC,P002,MANUSCRIPT_FORMAT_INSTRUCTION,6,四,四,,,楷体_GB2312;楷体,,14.0,FALSE,FALSE,AUTO_OR_INHERITED,,FALSE,FALSE,,FALSE,,,BLACK_SPECIMEN_RUN,BLACK_OR_INHERITED,FORMAT_DOCUMENT_CONTENT,YES,LibreOffice-derived OOXML inspection of hash-verified legacy source; inherited properties remain explicit as such.
HFUT_FMT_DOC,P002,MANUSCRIPT_FORMAT_INSTRUCTION,7,2,2,,,楷体_GB2312;楷体,,14.0,FALSE,FALSE,AUTO_OR_INHERITED,,TRUE,FALSE,,FALSE,,,BLACK_SPECIMEN_RUN,BLACK_OR_INHERITED,FORMAT_DOCUMENT_CONTENT,YES,LibreOffice-derived OOXML inspection of hash-verified legacy source; inherited properties remain explicit as such.
HFUT_FMT_DOC,P003,MANUSCRIPT_SPECIMEN_CONTENT,1,(1.,(1.,,,,,7.5,FALSE,FALSE,AUTO_OR_INHERITED,,FALSE,FALSE,,FALSE,,,BLACK_SPECIMEN_RUN,BLACK_OR_INHERITED,FORMAT_DOCUMENT_CONTENT,YES,LibreOffice-derived OOXML inspection of hash-verified legacy source; inherited properties remain explicit as such.
HFUT_FMT_DOC,P003,MANUSCRIPT_SPECIMEN_CONTENT,2,合肥工业大学,合肥工业大学,,,,,7.5,FALSE,FALSE,AUTO_OR_INHERITED,,FALSE,FALSE,,FALSE,,,BLACK_SPECIMEN_RUN,BLACK_OR_INHERITED,FORMAT_DOCUMENT_CONTENT,YES,LibreOffice-derived OOXML inspection of hash-verified legacy source; inherited properties remain explicit as such.
HFUT_FMT_DOC,P003,MANUSCRIPT_SPECIMEN_CONTENT,3, ,,,,Times New Roman,,7.5,FALSE,FALSE,AUTO_OR_INHERITED,,FALSE,FALSE,,TRUE, , ,BLACK_SPECIMEN_RUN,BLACK_OR_INHERITED,FORMAT_DOCUMENT_CONTENT,YES,LibreOffice-derived OOXML inspection of hash-verified legacy source; inherited properties remain explicit as such.
HFUT_FMT_DOC,P003,MANUSCRIPT_SPECIMEN_CONTENT,4,土木与水利工程学院，安徽,土木与水利工程学院，安徽,,,,,7.5,FALSE,FALSE,AUTO_OR_INHERITED,,FALSE,FALSE,,FALSE,,,BLACK_SPECIMEN_RUN,BLACK_OR_INHERITED,FORMAT_DOCUMENT_CONTENT,YES,LibreOffice-derived OOXML inspection of hash-verified legacy source; inherited properties remain explicit as such.
HFUT_FMT_DOC,P003,MANUSCRIPT_SPECIMEN_CONTENT,5, ,,,,Times New Roman,,7.5,FALSE,FALSE,AUTO_OR_INHERITED,,FALSE,FALSE,,TRUE, , ,BLACK_SPECIMEN_RUN,BLACK_OR_INHERITED,FORMAT_DOCUMENT_CONTENT,YES,LibreOffice-derived OOXML inspection of hash-verified legacy source; inherited properties remain explicit as such.
HFUT_FMT_DOC,P003,MANUSCRIPT_SPECIMEN_CONTENT,6,合肥,合肥,,,,,7.5,FALSE,FALSE,AUTO_OR_INHERITED,,FALSE,FALSE,,FALSE,,,BLACK_SPECIMEN_RUN,BLACK_OR_INHERITED,FORMAT_DOCUMENT_CONTENT,YES,LibreOffice-derived OOXML inspection of hash-verified legacy source; inherited properties remain explicit as such.
HFUT_FMT_DOC,P003,MANUSCRIPT_SPECIMEN_CONTENT,7, ,,,,Times New Roman,,7.5,FALSE,FALSE,AUTO_OR_INHERITED,,FALSE,FALSE,,TRUE, , ,BLACK_SPECIMEN_RUN,BLACK_OR_INHERITED,FORMAT_DOCUMENT_CONTENT,YES,LibreOffice-derived OOXML inspection of hash-verified legacy source; inherited properties remain explicit as such.
HFUT_FMT_DOC,P003,MANUSCRIPT_SPECIMEN_CONTENT,8,230009,230009,,,,,7.5,FALSE,FALSE,AUTO_OR_INHERITED,,FALSE,FALSE,,FALSE,,,BLACK_SPECIMEN_RUN,BLACK_OR_INHERITED,FORMAT_DOCUMENT_CONTENT,YES,LibreOffice-derived OOXML inspection of hash-verified legacy source; inherited properties remain explicit as such.
HFUT_FMT_DOC,P003,MANUSCRIPT_SPECIMEN_CONTENT,9,；,；,,,,,7.5,FALSE,FALSE,AUTO_OR_INHERITED,,FALSE,FALSE,,FALSE,,,BLACK_SPECIMEN_RUN,BLACK_OR_INHERITED,FORMAT_DOCUMENT_CONTENT,YES,LibreOffice-derived OOXML inspection of hash-verified legacy source; inherited properties remain explicit as such.
HFUT_FMT_DOC,P003,MANUSCRIPT_SPECIMEN_CONTENT,10,2.,2.,,,,,7.5,FALSE,FALSE,AUTO_OR_INHERITED,,FALSE,FALSE,,FALSE,,,BLACK_SPECIMEN_RUN,BLACK_OR_INHERITED,FORMAT_DOCUMENT_CONTENT,YES,LibreOffice-derived OOXML inspection of hash-verified legacy source; inherited properties remain explicit as such.
HFUT_FMT_DOC,P003,MANUSCRIPT_SPECIMEN_CONTENT,11,合肥工业大学,合肥工业大学,,,,,7.5,FALSE,FALSE,AUTO_OR_INHERITED,,FALSE,FALSE,,FALSE,,,BLACK_SPECIMEN_RUN,BLACK_OR_INHERITED,FORMAT_DOCUMENT_CONTENT,YES,LibreOffice-derived OOXML inspection of hash-verified legacy source; inherited properties remain explicit as such.
HFUT_FMT_DOC,P003,MANUSCRIPT_SPECIMEN_CONTENT,12, ,,,,Times New Roman,,7.5,FALSE,FALSE,AUTO_OR_INHERITED,,FALSE,FALSE,,TRUE, , ,BLACK_SPECIMEN_RUN,BLACK_OR_INHERITED,FORMAT_DOCUMENT_CONTENT,YES,LibreOffice-derived OOXML inspection of hash-verified legacy source; inherited properties remain explicit as such.
HFUT_FMT_DOC,P003,MANUSCRIPT_SPECIMEN_CONTENT,13,资源与环境工程学院，安徽,资源与环境工程学院，安徽,,,,,7.5,FALSE,FALSE,AUTO_OR_INHERITED,,FALSE,FALSE,,FALSE,,,BLACK_SPECIMEN_RUN,BLACK_OR_INHERITED,FORMAT_DOCUMENT_CONTENT,YES,LibreOffice-derived OOXML inspection of hash-verified legacy source; inherited properties remain explicit as such.
HFUT_FMT_DOC,P003,MANUSCRIPT_SPECIMEN_CONTENT,14, ,,,,Times New Roman,,7.5,FALSE,FALSE,AUTO_OR_INHERITED,,FALSE,FALSE,,TRUE, , ,BLACK_SPECIMEN_RUN,BLACK_OR_INHERITED,FORMAT_DOCUMENT_CONTENT,YES,LibreOffice-derived OOXML inspection of hash-verified legacy source; inherited properties remain explicit as such.
HFUT_FMT_DOC,P003,MANUSCRIPT_SPECIMEN_CONTENT,15,合肥,合肥,,,,,7.5,FALSE,FALSE,AUTO_OR_INHERITED,,FALSE,FALSE,,FALSE,,,BLACK_SPECIMEN_RUN,BLACK_OR_INHERITED,FORMAT_DOCUMENT_CONTENT,YES,LibreOffice-derived OOXML inspection of hash-verified legacy source; inherited properties remain explicit as such.
HFUT_FMT_DOC,P003,MANUSCRIPT_SPECIMEN_CONTENT,16,  ,,,,Times New Roman,,7.5,FALSE,FALSE,AUTO_OR_INHERITED,,FALSE,FALSE,,TRUE,  ,  ,BLACK_SPECIMEN_RUN,BLACK_OR_INHERITED,FORMAT_DOCUMENT_CONTENT,YES,LibreOffice-derived OOXML inspection of hash-verified legacy source; inherited properties remain explicit as such.
HFUT_FMT_DOC,P003,MANUSCRIPT_SPECIMEN_CONTENT,17,230009),230009),,,,,7.5,FALSE,FALSE,AUTO_OR_INHERITED,,FALSE,FALSE,,FALSE,,,BLACK_SPECIMEN_RUN,BLACK_OR_INHERITED,FORMAT_DOCUMENT_CONTENT,YES,LibreOffice-derived OOXML inspection of hash-verified legacy source; inherited properties remain explicit as such.
HFUT_FMT_DOC,P003,MANUSCRIPT_SPECIMEN_CONTENT,18,（给出二级单位，省、市、邮编）,（给出二级单位，省、市、邮编）,黑体;SimHei,黑体;SimHei,黑体;SimHei,,9.0,FALSE,FALSE,FF0000,,FALSE,FALSE,,FALSE,,,RED_INSTRUCTION_RUN,RED,RED_INSTRUCTIONAL_ANNOTATION,NO,LibreOffice-derived OOXML inspection of hash-verified legacy source; inherited properties remain explicit as such.
HFUT_FMT_DOC,P004,MANUSCRIPT_SPECIMEN_CONTENT,1,摘  要,摘 要,黑体;SimHei,黑体;SimHei,黑体;SimHei,黑体;SimHei,9.0,FALSE,FALSE,AUTO_OR_INHERITED,,FALSE,FALSE,,FALSE,,,BLACK_SPECIMEN_RUN,BLACK_OR_INHERITED,CN_ABSTRACT_LABEL,YES,LibreOffice-derived OOXML inspection of hash-verified legacy source; inherited properties remain explicit as such.
HFUT_FMT_DOC,P004,MANUSCRIPT_SPECIMEN_CONTENT,2,（,（,黑体;SimHei,黑体;SimHei,黑体;SimHei,黑体;SimHei,9.0,TRUE,FALSE,FF0000,,FALSE,FALSE,,FALSE,,,RED_INSTRUCTION_RUN,RED,RED_INSTRUCTIONAL_ANNOTATION,NO,LibreOffice-derived OOXML inspection of hash-verified legacy source; inherited properties remain explicit as such.
HFUT_FMT_DOC,P004,MANUSCRIPT_SPECIMEN_CONTENT,3,小,小,黑体;SimHei,黑体;SimHei,黑体;SimHei,黑体;SimHei,9.0,FALSE,FALSE,FF0000,,FALSE,FALSE,,FALSE,,,RED_INSTRUCTION_RUN,RED,RED_INSTRUCTIONAL_ANNOTATION,NO,LibreOffice-derived OOXML inspection of hash-verified legacy source; inherited properties remain explicit as such.
HFUT_FMT_DOC,P004,MANUSCRIPT_SPECIMEN_CONTENT,4,5,5,黑体;SimHei,黑体;SimHei,黑体;SimHei,黑体;SimHei,9.0,FALSE,FALSE,FF0000,,FALSE,FALSE,,FALSE,,,RED_INSTRUCTION_RUN,RED,RED_INSTRUCTIONAL_ANNOTATION,NO,LibreOffice-derived OOXML inspection of hash-verified legacy source; inherited properties remain explicit as such.
HFUT_FMT_DOC,P004,MANUSCRIPT_SPECIMEN_CONTENT,5,黑体,黑体,黑体;SimHei,黑体;SimHei,黑体;SimHei,黑体;SimHei,9.0,FALSE,FALSE,FF0000,,FALSE,FALSE,,FALSE,,,RED_INSTRUCTION_RUN,RED,RED_INSTRUCTIONAL_ANNOTATION,NO,LibreOffice-derived OOXML inspection of hash-verified legacy source; inherited properties remain explicit as such.
HFUT_FMT_DOC,P004,MANUSCRIPT_SPECIMEN_CONTENT,6,）,）,黑体;SimHei,黑体;SimHei,黑体;SimHei,黑体;SimHei,9.0,TRUE,FALSE,FF0000,,FALSE,FALSE,,FALSE,,,RED_INSTRUCTION_RUN,RED,RED_INSTRUCTIONAL_ANNOTATION,NO,LibreOffice-derived OOXML inspection of hash-verified legacy source; inherited properties remain explicit as such.
HFUT_FMT_DOC,P004,MANUSCRIPT_SPECIMEN_CONTENT,7,：,：,黑体;SimHei,黑体;SimHei,黑体;SimHei,黑体;SimHei,9.0,FALSE,FALSE,AUTO_OR_INHERITED,,FALSE,FALSE,,FALSE,,,BLACK_SPECIMEN_RUN,BLACK_OR_INHERITED,CN_ABSTRACT_LABEL,YES,LibreOffice-derived OOXML inspection of hash-verified legacy source; inherited properties remain explicit as such.
HFUT_FMT_DOC,P004,MANUSCRIPT_SPECIMEN_CONTENT,8,采用第三人称写法，阐明研究的目的、方法、结果,采用第三人称写法，阐明研究的目的、方法、结果,,,,,9.0,FALSE,FALSE,000000,,FALSE,FALSE,,FALSE,,,BLACK_SPECIMEN_RUN,BLACK_OR_INHERITED,CN_ABSTRACT_BODY,YES,LibreOffice-derived OOXML inspection of hash-verified legacy source; inherited properties remain explicit as such.
HFUT_FMT_DOC,P004,MANUSCRIPT_SPECIMEN_CONTENT,9,、,、,,,,,9.0,FALSE,FALSE,000000,,FALSE,FALSE,,FALSE,,,BLACK_SPECIMEN_RUN,BLACK_OR_INHERITED,CN_ABSTRACT_BODY,YES,LibreOffice-derived OOXML inspection of hash-verified legacy source; inherited properties remain explicit as such.
HFUT_FMT_DOC,P004,MANUSCRIPT_SPECIMEN_CONTENT,10,结论,结论,,,,,9.0,FALSE,FALSE,000000,,FALSE,FALSE,,FALSE,,,BLACK_SPECIMEN_RUN,BLACK_OR_INHERITED,CN_ABSTRACT_BODY,YES,LibreOffice-derived OOXML inspection of hash-verified legacy source; inherited properties remain explicit as such.
HFUT_FMT_DOC,P004,MANUSCRIPT_SPECIMEN_CONTENT,11,，以,，以,,,,,9.0,FALSE,FALSE,000000,,FALSE,FALSE,,FALSE,,,BLACK_SPECIMEN_RUN,BLACK_OR_INHERITED,CN_ABSTRACT_BODY,YES,LibreOffice-derived OOXML inspection of hash-verified legacy source; inherited properties remain explicit as such.
HFUT_FMT_DOC,P004,MANUSCRIPT_SPECIMEN_CONTENT,12,300,300,,,,,9.0,FALSE,FALSE,000000,,FALSE,FALSE,,FALSE,,,BLACK_SPECIMEN_RUN,BLACK_OR_INHERITED,CN_ABSTRACT_BODY,YES,LibreOffice-derived OOXML inspection of hash-verified legacy source; inherited properties remain explicit as such.
HFUT_FMT_DOC,P004,MANUSCRIPT_SPECIMEN_CONTENT,13,字左右为宜,字左右为宜,,,,,9.0,FALSE,FALSE,000000,,FALSE,FALSE,,FALSE,,,BLACK_SPECIMEN_RUN,BLACK_OR_INHERITED,CN_ABSTRACT_BODY,YES,LibreOffice-derived OOXML inspection of hash-verified legacy source; inherited properties remain explicit as such.
HFUT_FMT_DOC,P004,MANUSCRIPT_SPECIMEN_CONTENT,14,；,；,,,,,9.0,FALSE,FALSE,000000,,FALSE,FALSE,,FALSE,,,BLACK_SPECIMEN_RUN,BLACK_OR_INHERITED,CN_ABSTRACT_BODY,YES,LibreOffice-derived OOXML inspection of hash-verified legacy source; inherited properties remain explicit as such.
HFUT_FMT_DOC,P004,MANUSCRIPT_SPECIMEN_CONTENT,15,第一次出现缩略语需要提供中英文全称，如支持向量机（,第一次出现缩略语需要提供中英文全称，如支持向量机（,,,,,9.0,FALSE,FALSE,000000,,FALSE,FALSE,,FALSE,,,BLACK_SPECIMEN_RUN,BLACK_OR_INHERITED,CN_ABSTRACT_BODY,YES,LibreOffice-derived OOXML inspection of hash-verified legacy source; inherited properties remain explicit as such.
HFUT_FMT_DOC,P004,MANUSCRIPT_SPECIMEN_CONTENT,16,support vector machine,support vector machine,,,,,9.0,FALSE,FALSE,000000,,FALSE,FALSE,,FALSE,,,BLACK_SPECIMEN_RUN,BLACK_OR_INHERITED,CN_ABSTRACT_BODY,YES,LibreOffice-derived OOXML inspection of hash-verified legacy source; inherited properties remain explicit as such.
HFUT_FMT_DOC,P004,MANUSCRIPT_SPECIMEN_CONTENT,17,，,，,,,,,9.0,FALSE,FALSE,000000,,FALSE,FALSE,,FALSE,,,BLACK_SPECIMEN_RUN,BLACK_OR_INHERITED,CN_ABSTRACT_BODY,YES,LibreOffice-derived OOXML inspection of hash-verified legacy source; inherited properties remain explicit as such.
HFUT_FMT_DOC,P004,MANUSCRIPT_SPECIMEN_CONTENT,18,SVM,SVM,,,,,9.0,FALSE,FALSE,000000,,FALSE,FALSE,,FALSE,,,BLACK_SPECIMEN_RUN,BLACK_OR_INHERITED,CN_ABSTRACT_BODY,YES,LibreOffice-derived OOXML inspection of hash-verified legacy source; inherited properties remain explicit as such.
HFUT_FMT_DOC,P004,MANUSCRIPT_SPECIMEN_CONTENT,19,）；,）；,,,,,9.0,FALSE,FALSE,000000,,FALSE,FALSE,,FALSE,,,BLACK_SPECIMEN_RUN,BLACK_OR_INHERITED,CN_ABSTRACT_BODY,YES,LibreOffice-derived OOXML inspection of hash-verified legacy source; inherited properties remain explicit as such.
HFUT_FMT_DOC,P004,MANUSCRIPT_SPECIMEN_CONTENT,20,避免出现图,避免出现图,,,,,9.0,FALSE,FALSE,000000,,FALSE,FALSE,,FALSE,,,BLACK_SPECIMEN_RUN,BLACK_OR_INHERITED,CN_ABSTRACT_BODY,YES,LibreOffice-derived OOXML inspection of hash-verified legacy source; inherited properties remain explicit as such.
HFUT_FMT_DOC,P004,MANUSCRIPT_SPECIMEN_CONTENT,21,、,、,,,,,9.0,FALSE,FALSE,000000,,FALSE,FALSE,,FALSE,,,BLACK_SPECIMEN_RUN,BLACK_OR_INHERITED,CN_ABSTRACT_BODY,YES,LibreOffice-derived OOXML inspection of hash-verified legacy source; inherited properties remain explicit as such.
HFUT_FMT_DOC,P004,MANUSCRIPT_SPECIMEN_CONTENT,22,表,表,,,,,9.0,FALSE,FALSE,000000,,FALSE,FALSE,,FALSE,,,BLACK_SPECIMEN_RUN,BLACK_OR_INHERITED,CN_ABSTRACT_BODY,YES,LibreOffice-derived OOXML inspection of hash-verified legacy source; inherited properties remain explicit as such.
HFUT_FMT_DOC,P004,MANUSCRIPT_SPECIMEN_CONTENT,23,以及,以及,,,,,9.0,FALSE,FALSE,000000,,FALSE,FALSE,,FALSE,,,BLACK_SPECIMEN_RUN,BLACK_OR_INHERITED,CN_ABSTRACT_BODY,YES,LibreOffice-derived OOXML inspection of hash-verified legacy source; inherited properties remain explicit as such.
HFUT_FMT_DOC,P004,MANUSCRIPT_SPECIMEN_CONTENT,24,参考文献,参考文献,,,,,9.0,FALSE,FALSE,000000,,FALSE,FALSE,,FALSE,,,BLACK_SPECIMEN_RUN,BLACK_OR_INHERITED,CN_ABSTRACT_BODY,YES,LibreOffice-derived OOXML inspection of hash-verified legacy source; inherited properties remain explicit as such.
HFUT_FMT_DOC,P004,MANUSCRIPT_SPECIMEN_CONTENT,25,的序号。,的序号。,,,,,9.0,FALSE,FALSE,AUTO_OR_INHERITED,,FALSE,FALSE,,FALSE,,,BLACK_SPECIMEN_RUN,BLACK_OR_INHERITED,CN_ABSTRACT_BODY,YES,LibreOffice-derived OOXML inspection of hash-verified legacy source; inherited properties remain explicit as such.
HFUT_FMT_DOC,P004,MANUSCRIPT_SPECIMEN_CONTENT,26,（小,（小,黑体;SimHei,黑体;SimHei,黑体;SimHei,黑体;SimHei,9.0,FALSE,FALSE,FF0000,,FALSE,FALSE,,FALSE,,,RED_INSTRUCTION_RUN,RED,RED_INSTRUCTIONAL_ANNOTATION,NO,LibreOffice-derived OOXML inspection of hash-verified legacy source; inherited properties remain explicit as such.
HFUT_FMT_DOC,P004,MANUSCRIPT_SPECIMEN_CONTENT,27,5,5,黑体;SimHei,黑体;SimHei,黑体;SimHei,黑体;SimHei,9.0,FALSE,FALSE,FF0000,,FALSE,FALSE,,FALSE,,,RED_INSTRUCTION_RUN,RED,RED_INSTRUCTIONAL_ANNOTATION,NO,LibreOffice-derived OOXML inspection of hash-verified legacy source; inherited properties remain explicit as such.
HFUT_FMT_DOC,P004,MANUSCRIPT_SPECIMEN_CONTENT,28,宋,宋,黑体;SimHei,黑体;SimHei,黑体;SimHei,黑体;SimHei,9.0,FALSE,FALSE,FF0000,,FALSE,FALSE,,FALSE,,,RED_INSTRUCTION_RUN,RED,RED_INSTRUCTIONAL_ANNOTATION,NO,LibreOffice-derived OOXML inspection of hash-verified legacy source; inherited properties remain explicit as such.
HFUT_FMT_DOC,P004,MANUSCRIPT_SPECIMEN_CONTENT,29,",",",",黑体;SimHei,黑体;SimHei,黑体;SimHei,黑体;SimHei,9.0,FALSE,FALSE,FF0000,,FALSE,FALSE,,FALSE,,,RED_INSTRUCTION_RUN,RED,RED_INSTRUCTIONAL_ANNOTATION,NO,LibreOffice-derived OOXML inspection of hash-verified legacy source; inherited properties remain explicit as such.
HFUT_FMT_DOC,P004,MANUSCRIPT_SPECIMEN_CONTENT,30,行距,行距,黑体;SimHei,黑体;SimHei,黑体;SimHei,黑体;SimHei,9.0,FALSE,FALSE,FF0000,,FALSE,FALSE,,FALSE,,,RED_INSTRUCTION_RUN,RED,RED_INSTRUCTIONAL_ANNOTATION,NO,LibreOffice-derived OOXML inspection of hash-verified legacy source; inherited properties remain explicit as such.
HFUT_FMT_DOC,P004,MANUSCRIPT_SPECIMEN_CONTENT,31,14,14,黑体;SimHei,黑体;SimHei,黑体;SimHei,黑体;SimHei,9.0,FALSE,FALSE,FF0000,,FALSE,FALSE,,FALSE,,,RED_INSTRUCTION_RUN,RED,RED_INSTRUCTIONAL_ANNOTATION,NO,LibreOffice-derived OOXML inspection of hash-verified legacy source; inherited properties remain explicit as such.
HFUT_FMT_DOC,P004,MANUSCRIPT_SPECIMEN_CONTENT,32,磅）,磅）,黑体;SimHei,黑体;SimHei,黑体;SimHei,黑体;SimHei,9.0,FALSE,FALSE,FF0000,,FALSE,FALSE,,FALSE,,,RED_INSTRUCTION_RUN,RED,RED_INSTRUCTIONAL_ANNOTATION,NO,LibreOffice-derived OOXML inspection of hash-verified legacy source; inherited properties remain explicit as such.
HFUT_FMT_DOC,P005,MANUSCRIPT_SPECIMEN_CONTENT,1,关键词,关键词,黑体;SimHei,黑体;SimHei,黑体;SimHei,黑体;SimHei,9.0,FALSE,FALSE,AUTO_OR_INHERITED,,FALSE,FALSE,,FALSE,,,BLACK_SPECIMEN_RUN,BLACK_OR_INHERITED,CN_KEYWORDS_LABEL,YES,LibreOffice-derived OOXML inspection of hash-verified legacy source; inherited properties remain explicit as such.
HFUT_FMT_DOC,P005,MANUSCRIPT_SPECIMEN_CONTENT,2,（,（,黑体;SimHei,黑体;SimHei,黑体;SimHei,黑体;SimHei,9.0,TRUE,FALSE,FF0000,,FALSE,FALSE,,FALSE,,,RED_INSTRUCTION_RUN,RED,RED_INSTRUCTIONAL_ANNOTATION,NO,LibreOffice-derived OOXML inspection of hash-verified legacy source; inherited properties remain explicit as such.
HFUT_FMT_DOC,P005,MANUSCRIPT_SPECIMEN_CONTENT,3,小,小,黑体;SimHei,黑体;SimHei,黑体;SimHei,黑体;SimHei,9.0,FALSE,FALSE,FF0000,,FALSE,FALSE,,FALSE,,,RED_INSTRUCTION_RUN,RED,RED_INSTRUCTIONAL_ANNOTATION,NO,LibreOffice-derived OOXML inspection of hash-verified legacy source; inherited properties remain explicit as such.
HFUT_FMT_DOC,P005,MANUSCRIPT_SPECIMEN_CONTENT,4,5,5,黑体;SimHei,黑体;SimHei,黑体;SimHei,黑体;SimHei,9.0,FALSE,FALSE,FF0000,,FALSE,FALSE,,FALSE,,,RED_INSTRUCTION_RUN,RED,RED_INSTRUCTIONAL_ANNOTATION,NO,LibreOffice-derived OOXML inspection of hash-verified legacy source; inherited properties remain explicit as such.
HFUT_FMT_DOC,P005,MANUSCRIPT_SPECIMEN_CONTENT,5,黑体,黑体,黑体;SimHei,黑体;SimHei,黑体;SimHei,黑体;SimHei,9.0,FALSE,FALSE,FF0000,,FALSE,FALSE,,FALSE,,,RED_INSTRUCTION_RUN,RED,RED_INSTRUCTIONAL_ANNOTATION,NO,LibreOffice-derived OOXML inspection of hash-verified legacy source; inherited properties remain explicit as such.
HFUT_FMT_DOC,P005,MANUSCRIPT_SPECIMEN_CONTENT,6,）,）,黑体;SimHei,黑体;SimHei,黑体;SimHei,黑体;SimHei,9.0,TRUE,FALSE,FF0000,,FALSE,FALSE,,FALSE,,,RED_INSTRUCTION_RUN,RED,RED_INSTRUCTIONAL_ANNOTATION,NO,LibreOffice-derived OOXML inspection of hash-verified legacy source; inherited properties remain explicit as such.
HFUT_FMT_DOC,P005,MANUSCRIPT_SPECIMEN_CONTENT,7,：,：,黑体;SimHei,黑体;SimHei,黑体;SimHei,黑体;SimHei,9.0,FALSE,FALSE,AUTO_OR_INHERITED,,FALSE,FALSE,,FALSE,,,BLACK_SPECIMEN_RUN,BLACK_OR_INHERITED,CN_KEYWORDS_LABEL,YES,LibreOffice-derived OOXML inspection of hash-verified legacy source; inherited properties remain explicit as such.
HFUT_FMT_DOC,P005,MANUSCRIPT_SPECIMEN_CONTENT,8,缩略语；支持向量机（,缩略语；支持向量机（,,,,,9.0,FALSE,FALSE,000000,,FALSE,FALSE,,FALSE,,,BLACK_SPECIMEN_RUN,BLACK_OR_INHERITED,CN_KEYWORDS_BODY,YES,LibreOffice-derived OOXML inspection of hash-verified legacy source; inherited properties remain explicit as such.
HFUT_FMT_DOC,P005,MANUSCRIPT_SPECIMEN_CONTENT,9,SVM,SVM,,,,,9.0,FALSE,FALSE,000000,,FALSE,FALSE,,FALSE,,,BLACK_SPECIMEN_RUN,BLACK_OR_INHERITED,CN_KEYWORDS_BODY,YES,LibreOffice-derived OOXML inspection of hash-verified legacy source; inherited properties remain explicit as such.
HFUT_FMT_DOC,P005,MANUSCRIPT_SPECIMEN_CONTENT,10,）,）,,,,,9.0,FALSE,FALSE,000000,,FALSE,FALSE,,FALSE,,,BLACK_SPECIMEN_RUN,BLACK_OR_INHERITED,CN_KEYWORDS_BODY,YES,LibreOffice-derived OOXML inspection of hash-verified legacy source; inherited properties remain explicit as such.
HFUT_FMT_DOC,P005,MANUSCRIPT_SPECIMEN_CONTENT,11,（小,（小,黑体;SimHei,黑体;SimHei,黑体;SimHei,,9.0,FALSE,FALSE,FF0000,,FALSE,FALSE,,FALSE,,,RED_INSTRUCTION_RUN,RED,RED_INSTRUCTIONAL_ANNOTATION,NO,LibreOffice-derived OOXML inspection of hash-verified legacy source; inherited properties remain explicit as such.
HFUT_FMT_DOC,P005,MANUSCRIPT_SPECIMEN_CONTENT,12,5,5,黑体;SimHei,黑体;SimHei,黑体;SimHei,,9.0,FALSE,FALSE,FF0000,,FALSE,FALSE,,FALSE,,,RED_INSTRUCTION_RUN,RED,RED_INSTRUCTIONAL_ANNOTATION,NO,LibreOffice-derived OOXML inspection of hash-verified legacy source; inherited properties remain explicit as such.
HFUT_FMT_DOC,P005,MANUSCRIPT_SPECIMEN_CONTENT,13,宋，,宋，,黑体;SimHei,黑体;SimHei,黑体;SimHei,,9.0,FALSE,FALSE,FF0000,,FALSE,FALSE,,FALSE,,,RED_INSTRUCTION_RUN,RED,RED_INSTRUCTIONAL_ANNOTATION,NO,LibreOffice-derived OOXML inspection of hash-verified legacy source; inherited properties remain explicit as such.
HFUT_FMT_DOC,P005,MANUSCRIPT_SPECIMEN_CONTENT,14,选词要规范,选词要规范,黑体;SimHei,黑体;SimHei,黑体;SimHei,黑体;SimHei,9.0,FALSE,FALSE,FF0000,,FALSE,FALSE,,FALSE,,,RED_INSTRUCTION_RUN,RED,RED_INSTRUCTIONAL_ANNOTATION,NO,LibreOffice-derived OOXML inspection of hash-verified legacy source; inherited properties remain explicit as such.
HFUT_FMT_DOC,P005,MANUSCRIPT_SPECIMEN_CONTENT,15,，避免泛词，如“评价”,，避免泛词，如“评价”,黑体;SimHei,黑体;SimHei,黑体;SimHei,黑体;SimHei,9.0,FALSE,FALSE,FF0000,,FALSE,FALSE,,FALSE,,,RED_INSTRUCTION_RUN,RED,RED_INSTRUCTIONAL_ANNOTATION,NO,LibreOffice-derived OOXML inspection of hash-verified legacy source; inherited properties remain explicit as such.
HFUT_FMT_DOC,P005,MANUSCRIPT_SPECIMEN_CONTENT,16,）,）,黑体;SimHei,黑体;SimHei,黑体;SimHei,,9.0,FALSE,FALSE,FF0000,,FALSE,FALSE,,FALSE,,,RED_INSTRUCTION_RUN,RED,RED_INSTRUCTIONAL_ANNOTATION,NO,LibreOffice-derived OOXML inspection of hash-verified legacy source; inherited properties remain explicit as such.
HFUT_FMT_DOC,P006,MANUSCRIPT_SPECIMEN_CONTENT,1,中图分类号：,中图分类号：,黑体;SimHei,黑体;SimHei,黑体;SimHei,黑体;SimHei,9.0,FALSE,FALSE,AUTO_OR_INHERITED,,FALSE,FALSE,,FALSE,,,BLACK_SPECIMEN_RUN,BLACK_OR_INHERITED,CLC_LABEL,YES,LibreOffice-derived OOXML inspection of hash-verified legacy source; inherited properties remain explicit as such.
HFUT_FMT_DOC,P006,MANUSCRIPT_SPECIMEN_CONTENT,2,TU 41,TU 41,,,方正书宋简体;宋体,,9.0,FALSE,FALSE,AUTO_OR_INHERITED,,FALSE,FALSE,,FALSE,,,BLACK_SPECIMEN_RUN,BLACK_OR_INHERITED,CLC_VALUE,YES,LibreOffice-derived OOXML inspection of hash-verified legacy source; inherited properties remain explicit as such.
HFUT_FMT_DOC,P006,MANUSCRIPT_SPECIMEN_CONTENT,3,1.01(,1.01(,,,方正书宋简体;宋体,,9.0,FALSE,FALSE,AUTO_OR_INHERITED,,FALSE,FALSE,,FALSE,,,BLACK_SPECIMEN_RUN,BLACK_OR_INHERITED,CLC_VALUE,YES,LibreOffice-derived OOXML inspection of hash-verified legacy source; inherited properties remain explicit as such.
HFUT_FMT_DOC,P006,MANUSCRIPT_SPECIMEN_CONTENT,4,必填，可,必填，可,,,方正书宋简体;宋体,,9.0,TRUE,FALSE,FF0000,,FALSE,FALSE,,FALSE,,,RED_INSTRUCTION_RUN,RED,RED_INSTRUCTIONAL_ANNOTATION,NO,LibreOffice-derived OOXML inspection of hash-verified legacy source; inherited properties remain explicit as such.
HFUT_FMT_DOC,P006,MANUSCRIPT_SPECIMEN_CONTENT,5,http://www.ztflh.com,http://www.ztflh.com,,,方正书宋简体;宋体,,9.0,TRUE,FALSE,FF0000,,FALSE,FALSE,,FALSE,,,RED_INSTRUCTION_RUN,RED,RED_INSTRUCTIONAL_ANNOTATION,NO,LibreOffice-derived OOXML inspection of hash-verified legacy source; inherited properties remain explicit as such.
HFUT_FMT_DOC,P006,MANUSCRIPT_SPECIMEN_CONTENT,6,查询,查询,,,方正书宋简体;宋体,,9.0,TRUE,FALSE,FF0000,,FALSE,FALSE,,FALSE,,,RED_INSTRUCTION_RUN,RED,RED_INSTRUCTIONAL_ANNOTATION,NO,LibreOffice-derived OOXML inspection of hash-verified legacy source; inherited properties remain explicit as such.
HFUT_FMT_DOC,P006,MANUSCRIPT_SPECIMEN_CONTENT,7,),),,,方正书宋简体;宋体,,9.0,FALSE,FALSE,AUTO_OR_INHERITED,,FALSE,FALSE,,FALSE,,,BLACK_SPECIMEN_RUN,BLACK_OR_INHERITED,INSTRUCTION_PUNCTUATION,YES,LibreOffice-derived OOXML inspection of hash-verified legacy source; inherited properties remain explicit as such.
HFUT_FMT_DOC,P006,MANUSCRIPT_SPECIMEN_CONTENT,8,   ,,,,方正书宋简体;宋体,,9.0,TRUE,FALSE,AUTO_OR_INHERITED,,FALSE,FALSE,,TRUE,   ,   ,BLACK_SPECIMEN_RUN,BLACK_OR_INHERITED,CLC_DOCUMENT_SEPARATOR,YES,LibreOffice-derived OOXML inspection of hash-verified legacy source; inherited properties remain explicit as such.
HFUT_FMT_DOC,P006,MANUSCRIPT_SPECIMEN_CONTENT,9,文献标识码：,文献标识码：,黑体;SimHei,黑体;SimHei,黑体;SimHei,黑体;SimHei,9.0,TRUE,FALSE,AUTO_OR_INHERITED,,FALSE,FALSE,,FALSE,,,BLACK_SPECIMEN_RUN,BLACK_OR_INHERITED,DOCUMENT_CODE_LABEL,YES,LibreOffice-derived OOXML inspection of hash-verified legacy source; inherited properties remain explicit as such.
HFUT_FMT_DOC,P006,MANUSCRIPT_SPECIMEN_CONTENT,10,A     ,A,,,方正书宋简体;宋体,,9.0,FALSE,FALSE,AUTO_OR_INHERITED,,FALSE,FALSE,,TRUE,,     ,BLACK_SPECIMEN_RUN,BLACK_OR_INHERITED,DOCUMENT_CODE_VALUE,YES,LibreOffice-derived OOXML inspection of hash-verified legacy source; inherited properties remain explicit as such.
HFUT_FMT_DOC,P007,MANUSCRIPT_SPECIMEN_CONTENT,1,Review suggestion to technical paper,Review suggestion to technical paper,,,,,14.0,TRUE,FALSE,AUTO_OR_INHERITED,,FALSE,FALSE,,FALSE,,,BLACK_SPECIMEN_RUN,BLACK_OR_INHERITED,FORMAT_DOCUMENT_CONTENT,YES,LibreOffice-derived OOXML inspection of hash-verified legacy source; inherited properties remain explicit as such.
HFUT_FMT_DOC,P007,MANUSCRIPT_SPECIMEN_CONTENT,2,（句首字母和专有名词大写）,（句首字母和专有名词大写）,黑体;SimHei,黑体;SimHei,黑体;SimHei,,INHERITED_OR_UNSET,TRUE,FALSE,FF0000,,FALSE,FALSE,,FALSE,,,RED_INSTRUCTION_RUN,RED,RED_INSTRUCTIONAL_ANNOTATION,NO,LibreOffice-derived OOXML inspection of hash-verified legacy source; inherited properties remain explicit as such.
HFUT_FMT_DOC,P008,MANUSCRIPT_SPECIMEN_CONTENT,1,ZHANG Guangm,ZHANG Guangm,,,,,INHERITED_OR_UNSET,TRUE,FALSE,AUTO_OR_INHERITED,,FALSE,FALSE,,FALSE,,,BLACK_SPECIMEN_RUN,BLACK_OR_INHERITED,FORMAT_DOCUMENT_CONTENT,YES,LibreOffice-derived OOXML inspection of hash-verified legacy source; inherited properties remain explicit as such.
HFUT_FMT_DOC,P008,MANUSCRIPT_SPECIMEN_CONTENT,2,ing,ing,,,,,INHERITED_OR_UNSET,TRUE,FALSE,AUTO_OR_INHERITED,,FALSE,FALSE,,FALSE,,,BLACK_SPECIMEN_RUN,BLACK_OR_INHERITED,FORMAT_DOCUMENT_CONTENT,YES,LibreOffice-derived OOXML inspection of hash-verified legacy source; inherited properties remain explicit as such.
HFUT_FMT_DOC,P008,MANUSCRIPT_SPECIMEN_CONTENT,3,1,1,,,,,INHERITED_OR_UNSET,TRUE,FALSE,AUTO_OR_INHERITED,,TRUE,FALSE,,FALSE,,,BLACK_SPECIMEN_RUN,BLACK_OR_INHERITED,FORMAT_DOCUMENT_CONTENT,YES,LibreOffice-derived OOXML inspection of hash-verified legacy source; inherited properties remain explicit as such.
HFUT_FMT_DOC,P008,MANUSCRIPT_SPECIMEN_CONTENT,4,，,，,,,,,INHERITED_OR_UNSET,TRUE,FALSE,AUTO_OR_INHERITED,,FALSE,FALSE,,FALSE,,,BLACK_SPECIMEN_RUN,BLACK_OR_INHERITED,FORMAT_DOCUMENT_CONTENT,YES,LibreOffice-derived OOXML inspection of hash-verified legacy source; inherited properties remain explicit as such.
HFUT_FMT_DOC,P008,MANUSCRIPT_SPECIMEN_CONTENT,5, ,,,,Times New Roman,,INHERITED_OR_UNSET,TRUE,FALSE,AUTO_OR_INHERITED,,FALSE,FALSE,,TRUE, , ,BLACK_SPECIMEN_RUN,BLACK_OR_INHERITED,FORMAT_DOCUMENT_CONTENT,YES,LibreOffice-derived OOXML inspection of hash-verified legacy source; inherited properties remain explicit as such.
HFUT_FMT_DOC,P008,MANUSCRIPT_SPECIMEN_CONTENT,6,LI Si,LI Si,,,,,INHERITED_OR_UNSET,TRUE,FALSE,AUTO_OR_INHERITED,,FALSE,FALSE,,FALSE,,,BLACK_SPECIMEN_RUN,BLACK_OR_INHERITED,FORMAT_DOCUMENT_CONTENT,YES,LibreOffice-derived OOXML inspection of hash-verified legacy source; inherited properties remain explicit as such.
HFUT_FMT_DOC,P008,MANUSCRIPT_SPECIMEN_CONTENT,7,2,2,,,,,INHERITED_OR_UNSET,TRUE,FALSE,AUTO_OR_INHERITED,,TRUE,FALSE,,FALSE,,,BLACK_SPECIMEN_RUN,BLACK_OR_INHERITED,FORMAT_DOCUMENT_CONTENT,YES,LibreOffice-derived OOXML inspection of hash-verified legacy source; inherited properties remain explicit as such.
HFUT_FMT_DOC,P008,MANUSCRIPT_SPECIMEN_CONTENT,8,(,(,,,,,INHERITED_OR_UNSET,TRUE,FALSE,FF0000,,FALSE,FALSE,,FALSE,,,RED_INSTRUCTION_RUN,RED,RED_INSTRUCTIONAL_ANNOTATION,NO,LibreOffice-derived OOXML inspection of hash-verified legacy source; inherited properties remain explicit as such.
HFUT_FMT_DOC,P008,MANUSCRIPT_SPECIMEN_CONTENT,9,姓全大写，名首字母大写,姓全大写，名首字母大写,,,,,INHERITED_OR_UNSET,TRUE,FALSE,FF0000,,FALSE,FALSE,,FALSE,,,RED_INSTRUCTION_RUN,RED,RED_INSTRUCTIONAL_ANNOTATION,NO,LibreOffice-derived OOXML inspection of hash-verified legacy source; inherited properties remain explicit as such.
HFUT_FMT_DOC,P008,MANUSCRIPT_SPECIMEN_CONTENT,10,),),,,,,INHERITED_OR_UNSET,TRUE,FALSE,FF0000,,FALSE,FALSE,,FALSE,,,RED_INSTRUCTION_RUN,RED,RED_INSTRUCTIONAL_ANNOTATION,NO,LibreOffice-derived OOXML inspection of hash-verified legacy source; inherited properties remain explicit as such.
HFUT_FMT_DOC,P009,MANUSCRIPT_SPECIMEN_CONTENT,1,(1.,(1.,,,,,7.5,FALSE,FALSE,AUTO_OR_INHERITED,,FALSE,FALSE,,FALSE,,,BLACK_SPECIMEN_RUN,BLACK_OR_INHERITED,FORMAT_DOCUMENT_CONTENT,YES,LibreOffice-derived OOXML inspection of hash-verified legacy source; inherited properties remain explicit as such.
HFUT_FMT_DOC,P009,MANUSCRIPT_SPECIMEN_CONTENT,2, School of Civil,School of Civil,,,,,7.5,FALSE,FALSE,AUTO_OR_INHERITED,,FALSE,FALSE,,TRUE, ,,BLACK_SPECIMEN_RUN,BLACK_OR_INHERITED,FORMAT_DOCUMENT_CONTENT,YES,LibreOffice-derived OOXML inspection of hash-verified legacy source; inherited properties remain explicit as such.
HFUT_FMT_DOC,P009,MANUSCRIPT_SPECIMEN_CONTENT,3, and Hydraulic,and Hydraulic,,,,,7.5,FALSE,FALSE,AUTO_OR_INHERITED,,FALSE,FALSE,,TRUE, ,,BLACK_SPECIMEN_RUN,BLACK_OR_INHERITED,FORMAT_DOCUMENT_CONTENT,YES,LibreOffice-derived OOXML inspection of hash-verified legacy source; inherited properties remain explicit as such.
HFUT_FMT_DOC,P009,MANUSCRIPT_SPECIMEN_CONTENT,4, Engineering,Engineering,,,,,7.5,FALSE,FALSE,AUTO_OR_INHERITED,,FALSE,FALSE,,TRUE, ,,BLACK_SPECIMEN_RUN,BLACK_OR_INHERITED,FORMAT_DOCUMENT_CONTENT,YES,LibreOffice-derived OOXML inspection of hash-verified legacy source; inherited properties remain explicit as such.
HFUT_FMT_DOC,P009,MANUSCRIPT_SPECIMEN_CONTENT,5,", ",",",,,,,7.5,FALSE,FALSE,AUTO_OR_INHERITED,,FALSE,FALSE,,TRUE,, ,BLACK_SPECIMEN_RUN,BLACK_OR_INHERITED,FORMAT_DOCUMENT_CONTENT,YES,LibreOffice-derived OOXML inspection of hash-verified legacy source; inherited properties remain explicit as such.
HFUT_FMT_DOC,P009,MANUSCRIPT_SPECIMEN_CONTENT,6,Hefei University of Technology,Hefei University of Technology,,,,,7.5,FALSE,FALSE,AUTO_OR_INHERITED,,FALSE,FALSE,,FALSE,,,BLACK_SPECIMEN_RUN,BLACK_OR_INHERITED,FORMAT_DOCUMENT_CONTENT,YES,LibreOffice-derived OOXML inspection of hash-verified legacy source; inherited properties remain explicit as such.
HFUT_FMT_DOC,P009,MANUSCRIPT_SPECIMEN_CONTENT,7,", ",",",,,,,7.5,FALSE,FALSE,AUTO_OR_INHERITED,,FALSE,FALSE,,TRUE,, ,BLACK_SPECIMEN_RUN,BLACK_OR_INHERITED,FORMAT_DOCUMENT_CONTENT,YES,LibreOffice-derived OOXML inspection of hash-verified legacy source; inherited properties remain explicit as such.
HFUT_FMT_DOC,P009,MANUSCRIPT_SPECIMEN_CONTENT,8,Hefei ,Hefei,,,,,7.5,FALSE,FALSE,AUTO_OR_INHERITED,,FALSE,FALSE,,TRUE,, ,BLACK_SPECIMEN_RUN,BLACK_OR_INHERITED,FORMAT_DOCUMENT_CONTENT,YES,LibreOffice-derived OOXML inspection of hash-verified legacy source; inherited properties remain explicit as such.
HFUT_FMT_DOC,P009,MANUSCRIPT_SPECIMEN_CONTENT,9,230009,230009,,,,,7.5,FALSE,FALSE,AUTO_OR_INHERITED,,FALSE,FALSE,,FALSE,,,BLACK_SPECIMEN_RUN,BLACK_OR_INHERITED,FORMAT_DOCUMENT_CONTENT,YES,LibreOffice-derived OOXML inspection of hash-verified legacy source; inherited properties remain explicit as such.
HFUT_FMT_DOC,P009,MANUSCRIPT_SPECIMEN_CONTENT,10,", ",",",,,,,7.5,FALSE,FALSE,AUTO_OR_INHERITED,,FALSE,FALSE,,TRUE,, ,BLACK_SPECIMEN_RUN,BLACK_OR_INHERITED,FORMAT_DOCUMENT_CONTENT,YES,LibreOffice-derived OOXML inspection of hash-verified legacy source; inherited properties remain explicit as such.
HFUT_FMT_DOC,P009,MANUSCRIPT_SPECIMEN_CONTENT,11,China,China,,,,,7.5,FALSE,FALSE,AUTO_OR_INHERITED,,FALSE,FALSE,,FALSE,,,BLACK_SPECIMEN_RUN,BLACK_OR_INHERITED,FORMAT_DOCUMENT_CONTENT,YES,LibreOffice-derived OOXML inspection of hash-verified legacy source; inherited properties remain explicit as such.
HFUT_FMT_DOC,P009,MANUSCRIPT_SPECIMEN_CONTENT,12,；,；,,,,,7.5,FALSE,FALSE,AUTO_OR_INHERITED,,FALSE,FALSE,,FALSE,,,BLACK_SPECIMEN_RUN,BLACK_OR_INHERITED,FORMAT_DOCUMENT_CONTENT,YES,LibreOffice-derived OOXML inspection of hash-verified legacy source; inherited properties remain explicit as such.
HFUT_FMT_DOC,P009,MANUSCRIPT_SPECIMEN_CONTENT,13,2.,2.,,,,,7.5,FALSE,FALSE,AUTO_OR_INHERITED,,FALSE,FALSE,,FALSE,,,BLACK_SPECIMEN_RUN,BLACK_OR_INHERITED,FORMAT_DOCUMENT_CONTENT,YES,LibreOffice-derived OOXML inspection of hash-verified legacy source; inherited properties remain explicit as such.
HFUT_FMT_DOC,P009,MANUSCRIPT_SPECIMEN_CONTENT,14, School of Resources and Environmental Engineering,School of Resources and Environmental Engineering,,,,,7.5,FALSE,FALSE,AUTO_OR_INHERITED,,FALSE,FALSE,,TRUE, ,,BLACK_SPECIMEN_RUN,BLACK_OR_INHERITED,FORMAT_DOCUMENT_CONTENT,YES,LibreOffice-derived OOXML inspection of hash-verified legacy source; inherited properties remain explicit as such.
HFUT_FMT_DOC,P009,MANUSCRIPT_SPECIMEN_CONTENT,15,", ",",",,,,,7.5,FALSE,FALSE,AUTO_OR_INHERITED,,FALSE,FALSE,,TRUE,, ,BLACK_SPECIMEN_RUN,BLACK_OR_INHERITED,FORMAT_DOCUMENT_CONTENT,YES,LibreOffice-derived OOXML inspection of hash-verified legacy source; inherited properties remain explicit as such.
HFUT_FMT_DOC,P009,MANUSCRIPT_SPECIMEN_CONTENT,16,Hefei University of Technology,Hefei University of Technology,,,,,7.5,FALSE,FALSE,AUTO_OR_INHERITED,,FALSE,FALSE,,FALSE,,,BLACK_SPECIMEN_RUN,BLACK_OR_INHERITED,FORMAT_DOCUMENT_CONTENT,YES,LibreOffice-derived OOXML inspection of hash-verified legacy source; inherited properties remain explicit as such.
HFUT_FMT_DOC,P009,MANUSCRIPT_SPECIMEN_CONTENT,17,，,，,,,,,7.5,FALSE,FALSE,AUTO_OR_INHERITED,,FALSE,FALSE,,FALSE,,,BLACK_SPECIMEN_RUN,BLACK_OR_INHERITED,FORMAT_DOCUMENT_CONTENT,YES,LibreOffice-derived OOXML inspection of hash-verified legacy source; inherited properties remain explicit as such.
HFUT_FMT_DOC,P009,MANUSCRIPT_SPECIMEN_CONTENT,18,Hefei ,Hefei,,,,,7.5,FALSE,FALSE,AUTO_OR_INHERITED,,FALSE,FALSE,,TRUE,, ,BLACK_SPECIMEN_RUN,BLACK_OR_INHERITED,FORMAT_DOCUMENT_CONTENT,YES,LibreOffice-derived OOXML inspection of hash-verified legacy source; inherited properties remain explicit as such.
HFUT_FMT_DOC,P009,MANUSCRIPT_SPECIMEN_CONTENT,19,230009,230009,,,,,7.5,FALSE,FALSE,AUTO_OR_INHERITED,,FALSE,FALSE,,FALSE,,,BLACK_SPECIMEN_RUN,BLACK_OR_INHERITED,FORMAT_DOCUMENT_CONTENT,YES,LibreOffice-derived OOXML inspection of hash-verified legacy source; inherited properties remain explicit as such.
HFUT_FMT_DOC,P009,MANUSCRIPT_SPECIMEN_CONTENT,20,", ",",",,,,,7.5,FALSE,FALSE,AUTO_OR_INHERITED,,FALSE,FALSE,,TRUE,, ,BLACK_SPECIMEN_RUN,BLACK_OR_INHERITED,FORMAT_DOCUMENT_CONTENT,YES,LibreOffice-derived OOXML inspection of hash-verified legacy source; inherited properties remain explicit as such.
HFUT_FMT_DOC,P009,MANUSCRIPT_SPECIMEN_CONTENT,21,China,China,,,,,7.5,FALSE,FALSE,AUTO_OR_INHERITED,,FALSE,FALSE,,FALSE,,,BLACK_SPECIMEN_RUN,BLACK_OR_INHERITED,FORMAT_DOCUMENT_CONTENT,YES,LibreOffice-derived OOXML inspection of hash-verified legacy source; inherited properties remain explicit as such.
HFUT_FMT_DOC,P009,MANUSCRIPT_SPECIMEN_CONTENT,22,),),,,,,7.5,FALSE,FALSE,AUTO_OR_INHERITED,,FALSE,FALSE,,FALSE,,,BLACK_SPECIMEN_RUN,BLACK_OR_INHERITED,FORMAT_DOCUMENT_CONTENT,YES,LibreOffice-derived OOXML inspection of hash-verified legacy source; inherited properties remain explicit as such.
HFUT_FMT_DOC,P010,MANUSCRIPT_SPECIMEN_CONTENT,1,Abstract,Abstract,,,,,INHERITED_OR_UNSET,TRUE,FALSE,AUTO_OR_INHERITED,,FALSE,FALSE,,FALSE,,,BLACK_SPECIMEN_RUN,BLACK_OR_INHERITED,FORMAT_DOCUMENT_CONTENT,YES,LibreOffice-derived OOXML inspection of hash-verified legacy source; inherited properties remain explicit as such.
HFUT_FMT_DOC,P010,MANUSCRIPT_SPECIMEN_CONTENT,2,：,：,,,,,INHERITED_OR_UNSET,TRUE,FALSE,AUTO_OR_INHERITED,,FALSE,FALSE,,FALSE,,,BLACK_SPECIMEN_RUN,BLACK_OR_INHERITED,FORMAT_DOCUMENT_CONTENT,YES,LibreOffice-derived OOXML inspection of hash-verified legacy source; inherited properties remain explicit as such.
HFUT_FMT_DOC,P010,MANUSCRIPT_SPECIMEN_CONTENT,3,"Using third person writing, clarify the purpose, methods, results, and conclusions of the research, preferably in around 300 words","Using third person writing, clarify the purpose, methods, results, and conclusions of the research, preferably in around 300 words",,,,,INHERITED_OR_UNSET,FALSE,FALSE,AUTO_OR_INHERITED,,FALSE,FALSE,,FALSE,,,BLACK_SPECIMEN_RUN,BLACK_OR_INHERITED,FORMAT_DOCUMENT_CONTENT,YES,LibreOffice-derived OOXML inspection of hash-verified legacy source; inherited properties remain explicit as such.
HFUT_FMT_DOC,P010,MANUSCRIPT_SPECIMEN_CONTENT,4,.,.,,,,,INHERITED_OR_UNSET,FALSE,FALSE,AUTO_OR_INHERITED,,FALSE,FALSE,,FALSE,,,BLACK_SPECIMEN_RUN,BLACK_OR_INHERITED,FORMAT_DOCUMENT_CONTENT,YES,LibreOffice-derived OOXML inspection of hash-verified legacy source; inherited properties remain explicit as such.
HFUT_FMT_DOC,P010,MANUSCRIPT_SPECIMEN_CONTENT,5," The first appearance of abbreviations requires the full Chinese and English names, such as ","The first appearance of abbreviations requires the full Chinese and English names, such as",,,,,INHERITED_OR_UNSET,FALSE,FALSE,AUTO_OR_INHERITED,,FALSE,FALSE,,TRUE, , ,BLACK_SPECIMEN_RUN,BLACK_OR_INHERITED,FORMAT_DOCUMENT_CONTENT,YES,LibreOffice-derived OOXML inspection of hash-verified legacy source; inherited properties remain explicit as such.
HFUT_FMT_DOC,P010,MANUSCRIPT_SPECIMEN_CONTENT,6,s,s,,,,,INHERITED_OR_UNSET,FALSE,FALSE,AUTO_OR_INHERITED,,FALSE,FALSE,,FALSE,,,BLACK_SPECIMEN_RUN,BLACK_OR_INHERITED,FORMAT_DOCUMENT_CONTENT,YES,LibreOffice-derived OOXML inspection of hash-verified legacy source; inherited properties remain explicit as such.
HFUT_FMT_DOC,P010,MANUSCRIPT_SPECIMEN_CONTENT,7,upport ,upport,,,,,INHERITED_OR_UNSET,FALSE,FALSE,AUTO_OR_INHERITED,,FALSE,FALSE,,TRUE,, ,BLACK_SPECIMEN_RUN,BLACK_OR_INHERITED,FORMAT_DOCUMENT_CONTENT,YES,LibreOffice-derived OOXML inspection of hash-verified legacy source; inherited properties remain explicit as such.
HFUT_FMT_DOC,P010,MANUSCRIPT_SPECIMEN_CONTENT,8,v,v,,,,,INHERITED_OR_UNSET,FALSE,FALSE,AUTO_OR_INHERITED,,FALSE,FALSE,,FALSE,,,BLACK_SPECIMEN_RUN,BLACK_OR_INHERITED,FORMAT_DOCUMENT_CONTENT,YES,LibreOffice-derived OOXML inspection of hash-verified legacy source; inherited properties remain explicit as such.
HFUT_FMT_DOC,P010,MANUSCRIPT_SPECIMEN_CONTENT,9,ector ,ector,,,,,INHERITED_OR_UNSET,FALSE,FALSE,AUTO_OR_INHERITED,,FALSE,FALSE,,TRUE,, ,BLACK_SPECIMEN_RUN,BLACK_OR_INHERITED,FORMAT_DOCUMENT_CONTENT,YES,LibreOffice-derived OOXML inspection of hash-verified legacy source; inherited properties remain explicit as such.
HFUT_FMT_DOC,P010,MANUSCRIPT_SPECIMEN_CONTENT,10,m,m,,,,,INHERITED_OR_UNSET,FALSE,FALSE,AUTO_OR_INHERITED,,FALSE,FALSE,,FALSE,,,BLACK_SPECIMEN_RUN,BLACK_OR_INHERITED,FORMAT_DOCUMENT_CONTENT,YES,LibreOffice-derived OOXML inspection of hash-verified legacy source; inherited properties remain explicit as such.
HFUT_FMT_DOC,P010,MANUSCRIPT_SPECIMEN_CONTENT,11,achine (SVM),achine (SVM),,,,,INHERITED_OR_UNSET,FALSE,FALSE,AUTO_OR_INHERITED,,FALSE,FALSE,,FALSE,,,BLACK_SPECIMEN_RUN,BLACK_OR_INHERITED,FORMAT_DOCUMENT_CONTENT,YES,LibreOffice-derived OOXML inspection of hash-verified legacy source; inherited properties remain explicit as such.
HFUT_FMT_DOC,P010,MANUSCRIPT_SPECIMEN_CONTENT,12,.,.,,,,,INHERITED_OR_UNSET,FALSE,FALSE,AUTO_OR_INHERITED,,FALSE,FALSE,,FALSE,,,BLACK_SPECIMEN_RUN,BLACK_OR_INHERITED,FORMAT_DOCUMENT_CONTENT,YES,LibreOffice-derived OOXML inspection of hash-verified legacy source; inherited properties remain explicit as such.
HFUT_FMT_DOC,P010,MANUSCRIPT_SPECIMEN_CONTENT,13," Avoid numbering figures, tables, and references.","Avoid numbering figures, tables, and references.",,,,,INHERITED_OR_UNSET,FALSE,FALSE,AUTO_OR_INHERITED,,FALSE,FALSE,,TRUE, ,,BLACK_SPECIMEN_RUN,BLACK_OR_INHERITED,FORMAT_DOCUMENT_CONTENT,YES,LibreOffice-derived OOXML inspection of hash-verified legacy source; inherited properties remain explicit as such.
HFUT_FMT_DOC,P010,MANUSCRIPT_SPECIMEN_CONTENT,14,（,（,黑体;SimHei,黑体;SimHei,黑体;SimHei,,9.0,FALSE,FALSE,FF0000,,FALSE,FALSE,,FALSE,,,RED_INSTRUCTION_RUN,RED,RED_INSTRUCTIONAL_ANNOTATION,NO,LibreOffice-derived OOXML inspection of hash-verified legacy source; inherited properties remain explicit as such.
HFUT_FMT_DOC,P010,MANUSCRIPT_SPECIMEN_CONTENT,15,5,5,,,方正书宋简体;宋体,,9.0,TRUE,FALSE,FF0000,,FALSE,FALSE,,FALSE,,,RED_INSTRUCTION_RUN,RED,RED_INSTRUCTIONAL_ANNOTATION,NO,LibreOffice-derived OOXML inspection of hash-verified legacy source; inherited properties remain explicit as such.
HFUT_FMT_DOC,P010,MANUSCRIPT_SPECIMEN_CONTENT,16,号,号,,,方正书宋简体;宋体,,9.0,TRUE,FALSE,FF0000,,FALSE,FALSE,,FALSE,,,RED_INSTRUCTION_RUN,RED,RED_INSTRUCTIONAL_ANNOTATION,NO,LibreOffice-derived OOXML inspection of hash-verified legacy source; inherited properties remain explicit as such.
HFUT_FMT_DOC,P010,MANUSCRIPT_SPECIMEN_CONTENT,17,"Times New Roman,","Times New Roman,",,,方正书宋简体;宋体,,9.0,TRUE,FALSE,FF0000,,FALSE,FALSE,,FALSE,,,RED_INSTRUCTION_RUN,RED,RED_INSTRUCTIONAL_ANNOTATION,NO,LibreOffice-derived OOXML inspection of hash-verified legacy source; inherited properties remain explicit as such.
HFUT_FMT_DOC,P010,MANUSCRIPT_SPECIMEN_CONTENT,18,英文摘要应与中文摘要文意一致，符合摘要写作要求,英文摘要应与中文摘要文意一致，符合摘要写作要求,黑体;SimHei,黑体;SimHei,黑体;SimHei,,9.0,FALSE,FALSE,FF0000,,FALSE,FALSE,,FALSE,,,RED_INSTRUCTION_RUN,RED,RED_INSTRUCTIONAL_ANNOTATION,NO,LibreOffice-derived OOXML inspection of hash-verified legacy source; inherited properties remain explicit as such.
HFUT_FMT_DOC,P010,MANUSCRIPT_SPECIMEN_CONTENT,19,）,）,黑体;SimHei,黑体;SimHei,黑体;SimHei,,9.0,TRUE,FALSE,FF0000,,FALSE,FALSE,,FALSE,,,RED_INSTRUCTION_RUN,RED,RED_INSTRUCTIONAL_ANNOTATION,NO,LibreOffice-derived OOXML inspection of hash-verified legacy source; inherited properties remain explicit as such.
HFUT_FMT_DOC,P011,MANUSCRIPT_SPECIMEN_CONTENT,1,Key words,Key words,,,,,INHERITED_OR_UNSET,TRUE,FALSE,AUTO_OR_INHERITED,,FALSE,FALSE,,FALSE,,,BLACK_SPECIMEN_RUN,BLACK_OR_INHERITED,FORMAT_DOCUMENT_CONTENT,YES,LibreOffice-derived OOXML inspection of hash-verified legacy source; inherited properties remain explicit as such.
HFUT_FMT_DOC,P011,MANUSCRIPT_SPECIMEN_CONTENT,2,：,：,,,,,INHERITED_OR_UNSET,FALSE,FALSE,AUTO_OR_INHERITED,,FALSE,FALSE,,FALSE,,,BLACK_SPECIMEN_RUN,BLACK_OR_INHERITED,FORMAT_DOCUMENT_CONTENT,YES,LibreOffice-derived OOXML inspection of hash-verified legacy source; inherited properties remain explicit as such.
HFUT_FMT_DOC,P011,MANUSCRIPT_SPECIMEN_CONTENT,3,abbreviations,abbreviations,,,,,INHERITED_OR_UNSET,FALSE,FALSE,AUTO_OR_INHERITED,,FALSE,FALSE,,FALSE,,,BLACK_SPECIMEN_RUN,BLACK_OR_INHERITED,FORMAT_DOCUMENT_CONTENT,YES,LibreOffice-derived OOXML inspection of hash-verified legacy source; inherited properties remain explicit as such.
HFUT_FMT_DOC,P011,MANUSCRIPT_SPECIMEN_CONTENT,4,；,；,,,,,INHERITED_OR_UNSET,FALSE,FALSE,AUTO_OR_INHERITED,,FALSE,FALSE,,FALSE,,,BLACK_SPECIMEN_RUN,BLACK_OR_INHERITED,FORMAT_DOCUMENT_CONTENT,YES,LibreOffice-derived OOXML inspection of hash-verified legacy source; inherited properties remain explicit as such.
HFUT_FMT_DOC,P011,MANUSCRIPT_SPECIMEN_CONTENT,5,s,s,,,,,INHERITED_OR_UNSET,FALSE,FALSE,AUTO_OR_INHERITED,,FALSE,FALSE,,FALSE,,,BLACK_SPECIMEN_RUN,BLACK_OR_INHERITED,FORMAT_DOCUMENT_CONTENT,YES,LibreOffice-derived OOXML inspection of hash-verified legacy source; inherited properties remain explicit as such.
HFUT_FMT_DOC,P011,MANUSCRIPT_SPECIMEN_CONTENT,6,upport ,upport,,,,,INHERITED_OR_UNSET,FALSE,FALSE,AUTO_OR_INHERITED,,FALSE,FALSE,,TRUE,, ,BLACK_SPECIMEN_RUN,BLACK_OR_INHERITED,FORMAT_DOCUMENT_CONTENT,YES,LibreOffice-derived OOXML inspection of hash-verified legacy source; inherited properties remain explicit as such.
HFUT_FMT_DOC,P011,MANUSCRIPT_SPECIMEN_CONTENT,7,v,v,,,,,INHERITED_OR_UNSET,FALSE,FALSE,AUTO_OR_INHERITED,,FALSE,FALSE,,FALSE,,,BLACK_SPECIMEN_RUN,BLACK_OR_INHERITED,FORMAT_DOCUMENT_CONTENT,YES,LibreOffice-derived OOXML inspection of hash-verified legacy source; inherited properties remain explicit as such.
HFUT_FMT_DOC,P011,MANUSCRIPT_SPECIMEN_CONTENT,8,ector ,ector,,,,,INHERITED_OR_UNSET,FALSE,FALSE,AUTO_OR_INHERITED,,FALSE,FALSE,,TRUE,, ,BLACK_SPECIMEN_RUN,BLACK_OR_INHERITED,FORMAT_DOCUMENT_CONTENT,YES,LibreOffice-derived OOXML inspection of hash-verified legacy source; inherited properties remain explicit as such.
HFUT_FMT_DOC,P011,MANUSCRIPT_SPECIMEN_CONTENT,9,m,m,,,,,INHERITED_OR_UNSET,FALSE,FALSE,AUTO_OR_INHERITED,,FALSE,FALSE,,FALSE,,,BLACK_SPECIMEN_RUN,BLACK_OR_INHERITED,FORMAT_DOCUMENT_CONTENT,YES,LibreOffice-derived OOXML inspection of hash-verified legacy source; inherited properties remain explicit as such.
HFUT_FMT_DOC,P011,MANUSCRIPT_SPECIMEN_CONTENT,10,achine (SVM),achine (SVM),,,,,INHERITED_OR_UNSET,FALSE,FALSE,AUTO_OR_INHERITED,,FALSE,FALSE,,FALSE,,,BLACK_SPECIMEN_RUN,BLACK_OR_INHERITED,FORMAT_DOCUMENT_CONTENT,YES,LibreOffice-derived OOXML inspection of hash-verified legacy source; inherited properties remain explicit as such.
HFUT_FMT_DOC,P011,MANUSCRIPT_SPECIMEN_CONTENT,11,（,（,黑体;SimHei,黑体;SimHei,黑体;SimHei,,9.0,FALSE,FALSE,FF0000,,FALSE,FALSE,,FALSE,,,RED_INSTRUCTION_RUN,RED,RED_INSTRUCTIONAL_ANNOTATION,NO,LibreOffice-derived OOXML inspection of hash-verified legacy source; inherited properties remain explicit as such.
HFUT_FMT_DOC,P011,MANUSCRIPT_SPECIMEN_CONTENT,12,英文关键词与中文关键词,英文关键词与中文关键词,,,方正书宋简体;宋体,,9.0,TRUE,FALSE,FF0000,,FALSE,FALSE,,FALSE,,,RED_INSTRUCTION_RUN,RED,RED_INSTRUCTIONAL_ANNOTATION,NO,LibreOffice-derived OOXML inspection of hash-verified legacy source; inherited properties remain explicit as such.
HFUT_FMT_DOC,P011,MANUSCRIPT_SPECIMEN_CONTENT,13,词义、数量、顺序一致,词义、数量、顺序一致,,,,,9.0,TRUE,FALSE,FF0000,,FALSE,FALSE,,FALSE,,,RED_INSTRUCTION_RUN,RED,RED_INSTRUCTIONAL_ANNOTATION,NO,LibreOffice-derived OOXML inspection of hash-verified legacy source; inherited properties remain explicit as such.
HFUT_FMT_DOC,P011,MANUSCRIPT_SPECIMEN_CONTENT,14,）,）,黑体;SimHei,黑体;SimHei,黑体;SimHei,,9.0,FALSE,FALSE,FF0000,,FALSE,FALSE,,FALSE,,,RED_INSTRUCTION_RUN,RED,RED_INSTRUCTIONAL_ANNOTATION,NO,LibreOffice-derived OOXML inspection of hash-verified legacy source; inherited properties remain explicit as such.
HFUT_FMT_DOC,P012,MANUSCRIPT_SPECIMEN_CONTENT,1,引,引,,,黑体;SimHei,,14.0,TRUE,FALSE,AUTO_OR_INHERITED,,FALSE,FALSE,,FALSE,,,BLACK_SPECIMEN_RUN,BLACK_OR_INHERITED,INTRODUCTION_SPECIMEN,YES,LibreOffice-derived OOXML inspection of hash-verified legacy source; inherited properties remain explicit as such.
HFUT_FMT_DOC,P012,MANUSCRIPT_SPECIMEN_CONTENT,2,  ,,,,Times New Roman,,14.0,TRUE,FALSE,AUTO_OR_INHERITED,,FALSE,FALSE,,TRUE,  ,  ,BLACK_SPECIMEN_RUN,BLACK_OR_INHERITED,INTRODUCTION_SPECIMEN,YES,LibreOffice-derived OOXML inspection of hash-verified legacy source; inherited properties remain explicit as such.
HFUT_FMT_DOC,P012,MANUSCRIPT_SPECIMEN_CONTENT,3,言,言,,,黑体;SimHei,,14.0,TRUE,FALSE,AUTO_OR_INHERITED,,FALSE,FALSE,,FALSE,,,BLACK_SPECIMEN_RUN,BLACK_OR_INHERITED,INTRODUCTION_SPECIMEN,YES,LibreOffice-derived OOXML inspection of hash-verified legacy source; inherited properties remain explicit as such.
HFUT_FMT_DOC,P012,MANUSCRIPT_SPECIMEN_CONTENT,4,（,（,,,黑体;SimHei,,14.0,FALSE,FALSE,FF0000,,FALSE,FALSE,,FALSE,,,RED_INSTRUCTION_RUN,RED,RED_INSTRUCTIONAL_ANNOTATION,NO,LibreOffice-derived OOXML inspection of hash-verified legacy source; inherited properties remain explicit as such.
HFUT_FMT_DOC,P012,MANUSCRIPT_SPECIMEN_CONTENT,5,四,四,,,黑体;SimHei,,14.0,FALSE,FALSE,FF0000,,FALSE,FALSE,,FALSE,,,RED_INSTRUCTION_RUN,RED,RED_INSTRUCTIONAL_ANNOTATION,NO,LibreOffice-derived OOXML inspection of hash-verified legacy source; inherited properties remain explicit as such.
HFUT_FMT_DOC,P012,MANUSCRIPT_SPECIMEN_CONTENT,6,号黑体，顶格左排）,号黑体，顶格左排）,,,黑体;SimHei,,14.0,FALSE,FALSE,FF0000,,FALSE,FALSE,,FALSE,,,RED_INSTRUCTION_RUN,RED,RED_INSTRUCTIONAL_ANNOTATION,NO,LibreOffice-derived OOXML inspection of hash-verified legacy source; inherited properties remain explicit as such.
HFUT_FMT_DOC,P013,MANUSCRIPT_FORMAT_INSTRUCTION,1,作者需严格按此论文排版格式与要求,作者需严格按此论文排版格式与要求,,,,宋体;SimSun,INHERITED_OR_UNSET,FALSE,FALSE,AUTO_OR_INHERITED,,FALSE,FALSE,,FALSE,,,BLACK_SPECIMEN_RUN,BLACK_OR_INHERITED,FORMAT_DOCUMENT_CONTENT,YES,LibreOffice-derived OOXML inspection of hash-verified legacy source; inherited properties remain explicit as such.
HFUT_FMT_DOC,P013,MANUSCRIPT_FORMAT_INSTRUCTION,2,线上投稿，两次修改后未达到本刊格式要求直接退稿处理。,线上投稿，两次修改后未达到本刊格式要求直接退稿处理。,,,,宋体;SimSun,INHERITED_OR_UNSET,FALSE,FALSE,AUTO_OR_INHERITED,,FALSE,FALSE,,FALSE,,,BLACK_SPECIMEN_RUN,BLACK_OR_INHERITED,FORMAT_DOCUMENT_CONTENT,YES,LibreOffice-derived OOXML inspection of hash-verified legacy source; inherited properties remain explicit as such.
HFUT_FMT_DOC,P013,MANUSCRIPT_FORMAT_INSTRUCTION,3,（五号宋体,（五号宋体,,,,,INHERITED_OR_UNSET,FALSE,FALSE,FF0000,,FALSE,FALSE,,FALSE,,,RED_INSTRUCTION_RUN,RED,RED_INSTRUCTIONAL_ANNOTATION,NO,LibreOffice-derived OOXML inspection of hash-verified legacy source; inherited properties remain explicit as such.
HFUT_FMT_DOC,P013,MANUSCRIPT_FORMAT_INSTRUCTION,4,/,/,,,,,INHERITED_OR_UNSET,FALSE,FALSE,FF0000,,FALSE,FALSE,,FALSE,,,RED_INSTRUCTION_RUN,RED,RED_INSTRUCTIONAL_ANNOTATION,NO,LibreOffice-derived OOXML inspection of hash-verified legacy source; inherited properties remain explicit as such.
HFUT_FMT_DOC,P013,MANUSCRIPT_FORMAT_INSTRUCTION,5,Times New Roman,Times New Roman,,,,,INHERITED_OR_UNSET,FALSE,FALSE,FF0000,,FALSE,FALSE,,FALSE,,,RED_INSTRUCTION_RUN,RED,RED_INSTRUCTIONAL_ANNOTATION,NO,LibreOffice-derived OOXML inspection of hash-verified legacy source; inherited properties remain explicit as such.
HFUT_FMT_DOC,P013,MANUSCRIPT_FORMAT_INSTRUCTION,6,）,）,,,,,INHERITED_OR_UNSET,FALSE,FALSE,FF0000,,FALSE,FALSE,,FALSE,,,RED_INSTRUCTION_RUN,RED,RED_INSTRUCTIONAL_ANNOTATION,NO,LibreOffice-derived OOXML inspection of hash-verified legacy source; inherited properties remain explicit as such.
HFUT_FMT_DOC,P014,MANUSCRIPT_FORMAT_INSTRUCTION,1,正文首次出现缩略语需提供中英文全称，如支持向量机（,正文首次出现缩略语需提供中英文全称，如支持向量机（,,,,,INHERITED_OR_UNSET,FALSE,FALSE,000000,,FALSE,FALSE,,FALSE,,,BLACK_SPECIMEN_RUN,BLACK_OR_INHERITED,FORMAT_DOCUMENT_CONTENT,YES,LibreOffice-derived OOXML inspection of hash-verified legacy source; inherited properties remain explicit as such.
HFUT_FMT_DOC,P014,MANUSCRIPT_FORMAT_INSTRUCTION,2,support vector machine,support vector machine,,,,,INHERITED_OR_UNSET,FALSE,FALSE,000000,,FALSE,FALSE,,FALSE,,,BLACK_SPECIMEN_RUN,BLACK_OR_INHERITED,FORMAT_DOCUMENT_CONTENT,YES,LibreOffice-derived OOXML inspection of hash-verified legacy source; inherited properties remain explicit as such.
HFUT_FMT_DOC,P014,MANUSCRIPT_FORMAT_INSTRUCTION,3,，,，,,,,,INHERITED_OR_UNSET,FALSE,FALSE,000000,,FALSE,FALSE,,FALSE,,,BLACK_SPECIMEN_RUN,BLACK_OR_INHERITED,FORMAT_DOCUMENT_CONTENT,YES,LibreOffice-derived OOXML inspection of hash-verified legacy source; inherited properties remain explicit as such.
HFUT_FMT_DOC,P014,MANUSCRIPT_FORMAT_INSTRUCTION,4,SVM,SVM,,,,,INHERITED_OR_UNSET,FALSE,FALSE,000000,,FALSE,FALSE,,FALSE,,,BLACK_SPECIMEN_RUN,BLACK_OR_INHERITED,FORMAT_DOCUMENT_CONTENT,YES,LibreOffice-derived OOXML inspection of hash-verified legacy source; inherited properties remain explicit as such.
HFUT_FMT_DOC,P014,MANUSCRIPT_FORMAT_INSTRUCTION,5,）。,）。,,,,,INHERITED_OR_UNSET,FALSE,FALSE,000000,,FALSE,FALSE,,FALSE,,,BLACK_SPECIMEN_RUN,BLACK_OR_INHERITED,FORMAT_DOCUMENT_CONTENT,YES,LibreOffice-derived OOXML inspection of hash-verified legacy source; inherited properties remain explicit as such.
HFUT_FMT_DOC,P015,MANUSCRIPT_SPECIMEN_CONTENT,1,1,1,,,黑体;SimHei,,14.0,TRUE,FALSE,AUTO_OR_INHERITED,,FALSE,FALSE,,FALSE,,,BLACK_SPECIMEN_RUN,BLACK_OR_INHERITED,H1_NUMBER,YES,LibreOffice-derived OOXML inspection of hash-verified legacy source; inherited properties remain explicit as such.
HFUT_FMT_DOC,P015,MANUSCRIPT_SPECIMEN_CONTENT,2,  ,,,,黑体;SimHei,,14.0,FALSE,FALSE,AUTO_OR_INHERITED,,FALSE,FALSE,,TRUE,  ,  ,BLACK_SPECIMEN_RUN,BLACK_OR_INHERITED,H1_SEPARATOR,YES,LibreOffice-derived OOXML inspection of hash-verified legacy source; inherited properties remain explicit as such.
HFUT_FMT_DOC,P015,MANUSCRIPT_SPECIMEN_CONTENT,3,一级标题,一级标题,,,黑体;SimHei,,14.0,FALSE,FALSE,AUTO_OR_INHERITED,,FALSE,FALSE,,FALSE,,,BLACK_SPECIMEN_RUN,BLACK_OR_INHERITED,H1_TITLE,YES,LibreOffice-derived OOXML inspection of hash-verified legacy source; inherited properties remain explicit as such.
HFUT_FMT_DOC,P015,MANUSCRIPT_SPECIMEN_CONTENT,4,（四号黑体）,（四号黑体）,,,黑体;SimHei,,14.0,FALSE,FALSE,FF0000,,FALSE,FALSE,,FALSE,,,RED_INSTRUCTION_RUN,RED,RED_INSTRUCTIONAL_ANNOTATION,NO,LibreOffice-derived OOXML inspection of hash-verified legacy source; inherited properties remain explicit as such.
HFUT_FMT_DOC,P016,MANUSCRIPT_SPECIMEN_CONTENT,1,1.1,1.1,,,,,INHERITED_OR_UNSET,TRUE,FALSE,AUTO_OR_INHERITED,,FALSE,FALSE,,FALSE,,,BLACK_SPECIMEN_RUN,BLACK_OR_INHERITED,H2_NUMBER,YES,LibreOffice-derived OOXML inspection of hash-verified legacy source; inherited properties remain explicit as such.
HFUT_FMT_DOC,P016,MANUSCRIPT_SPECIMEN_CONTENT,2,  ,,,,,,INHERITED_OR_UNSET,FALSE,FALSE,AUTO_OR_INHERITED,,FALSE,FALSE,,TRUE,  ,  ,BLACK_SPECIMEN_RUN,BLACK_OR_INHERITED,H2_SEPARATOR,YES,LibreOffice-derived OOXML inspection of hash-verified legacy source; inherited properties remain explicit as such.
HFUT_FMT_DOC,P016,MANUSCRIPT_SPECIMEN_CONTENT,3,二级标题,二级标题,黑体;SimHei,黑体;SimHei,黑体;SimHei,,INHERITED_OR_UNSET,FALSE,FALSE,AUTO_OR_INHERITED,,FALSE,FALSE,,FALSE,,,BLACK_SPECIMEN_RUN,BLACK_OR_INHERITED,H2_TITLE,YES,LibreOffice-derived OOXML inspection of hash-verified legacy source; inherited properties remain explicit as such.
HFUT_FMT_DOC,P016,MANUSCRIPT_SPECIMEN_CONTENT,4,（五号黑体）,（五号黑体）,黑体;SimHei,黑体;SimHei,黑体;SimHei,,INHERITED_OR_UNSET,FALSE,FALSE,FF0000,,FALSE,FALSE,,FALSE,,,RED_INSTRUCTION_RUN,RED,RED_INSTRUCTIONAL_ANNOTATION,NO,LibreOffice-derived OOXML inspection of hash-verified legacy source; inherited properties remain explicit as such.
HFUT_FMT_DOC,P017,MANUSCRIPT_SPECIMEN_CONTENT,1,1.1.1  ,1.1.1,,,,,INHERITED_OR_UNSET,FALSE,FALSE,AUTO_OR_INHERITED,,FALSE,FALSE,,TRUE,,  ,BLACK_SPECIMEN_RUN,BLACK_OR_INHERITED,H3_NUMBER,YES,LibreOffice-derived OOXML inspection of hash-verified legacy source; inherited properties remain explicit as such.
HFUT_FMT_DOC,P017,MANUSCRIPT_SPECIMEN_CONTENT,2,三级标题,三级标题,楷体,楷体,楷体,楷体,INHERITED_OR_UNSET,FALSE,FALSE,AUTO_OR_INHERITED,,FALSE,FALSE,,FALSE,,,BLACK_SPECIMEN_RUN,BLACK_OR_INHERITED,H3_TITLE,YES,LibreOffice-derived OOXML inspection of hash-verified legacy source; inherited properties remain explicit as such.
HFUT_FMT_DOC,P017,MANUSCRIPT_SPECIMEN_CONTENT,3,（五号楷体）,（五号楷体）,楷体,楷体,楷体,楷体,INHERITED_OR_UNSET,FALSE,FALSE,FF0000,,FALSE,FALSE,,FALSE,,,RED_INSTRUCTION_RUN,RED,RED_INSTRUCTIONAL_ANNOTATION,NO,LibreOffice-derived OOXML inspection of hash-verified legacy source; inherited properties remain explicit as such.
HFUT_FMT_DOC,P018,MANUSCRIPT_FORMAT_INSTRUCTION,1,（各级标题均不转行）,（各级标题均不转行）,黑体;SimHei,黑体;SimHei,黑体;SimHei,黑体;SimHei,INHERITED_OR_UNSET,FALSE,FALSE,FF0000,,FALSE,FALSE,,FALSE,,,RED_INSTRUCTION_RUN,RED,RED_INSTRUCTIONAL_ANNOTATION,NO,LibreOffice-derived OOXML inspection of hash-verified legacy source; inherited properties remain explicit as such.
HFUT_FMT_DOC,P019,EDITORIAL_PLACEHOLDER,1,……,……,宋体;SimSun,宋体;SimSun,,宋体;SimSun,INHERITED_OR_UNSET,FALSE,FALSE,000000,,FALSE,FALSE,,FALSE,,,BLACK_SPECIMEN_RUN,BLACK_OR_INHERITED,FORMAT_DOCUMENT_CONTENT,YES,LibreOffice-derived OOXML inspection of hash-verified legacy source; inherited properties remain explicit as such.
HFUT_FMT_DOC,P020,MANUSCRIPT_FORMAT_INSTRUCTION,1,1.1.,1.1.,,,,,INHERITED_OR_UNSET,FALSE,FALSE,AUTO_OR_INHERITED,,FALSE,FALSE,,FALSE,,,BLACK_SPECIMEN_RUN,BLACK_OR_INHERITED,FORMAT_DOCUMENT_CONTENT,YES,LibreOffice-derived OOXML inspection of hash-verified legacy source; inherited properties remain explicit as such.
HFUT_FMT_DOC,P020,MANUSCRIPT_FORMAT_INSTRUCTION,2,2,2,,,,,INHERITED_OR_UNSET,FALSE,FALSE,AUTO_OR_INHERITED,,FALSE,FALSE,,FALSE,,,BLACK_SPECIMEN_RUN,BLACK_OR_INHERITED,FORMAT_DOCUMENT_CONTENT,YES,LibreOffice-derived OOXML inspection of hash-verified legacy source; inherited properties remain explicit as such.
HFUT_FMT_DOC,P020,MANUSCRIPT_FORMAT_INSTRUCTION,3,  ,,,,,,INHERITED_OR_UNSET,FALSE,FALSE,AUTO_OR_INHERITED,,FALSE,FALSE,,TRUE,  ,  ,BLACK_SPECIMEN_RUN,BLACK_OR_INHERITED,FORMAT_DOCUMENT_CONTENT,YES,LibreOffice-derived OOXML inspection of hash-verified legacy source; inherited properties remain explicit as such.
HFUT_FMT_DOC,P020,MANUSCRIPT_FORMAT_INSTRUCTION,4,三级标题,三级标题,楷体,楷体,楷体,楷体,INHERITED_OR_UNSET,FALSE,FALSE,AUTO_OR_INHERITED,,FALSE,FALSE,,FALSE,,,BLACK_SPECIMEN_RUN,BLACK_OR_INHERITED,FORMAT_DOCUMENT_CONTENT,YES,LibreOffice-derived OOXML inspection of hash-verified legacy source; inherited properties remain explicit as such.
HFUT_FMT_DOC,P020,MANUSCRIPT_FORMAT_INSTRUCTION,5,（五号楷体）,（五号楷体）,楷体,楷体,楷体,楷体,INHERITED_OR_UNSET,FALSE,FALSE,FF0000,,FALSE,FALSE,,FALSE,,,RED_INSTRUCTION_RUN,RED,RED_INSTRUCTIONAL_ANNOTATION,NO,LibreOffice-derived OOXML inspection of hash-verified legacy source; inherited properties remain explicit as such.
HFUT_FMT_DOC,P021,EDITORIAL_PLACEHOLDER,1,……,……,宋体;SimSun,宋体;SimSun,,宋体;SimSun,INHERITED_OR_UNSET,FALSE,FALSE,000000,,FALSE,FALSE,,FALSE,,,BLACK_SPECIMEN_RUN,BLACK_OR_INHERITED,FORMAT_DOCUMENT_CONTENT,YES,LibreOffice-derived OOXML inspection of hash-verified legacy source; inherited properties remain explicit as such.
HFUT_FMT_DOC,P022,MANUSCRIPT_FORMAT_INSTRUCTION,1,1.2,1.2,,,,,INHERITED_OR_UNSET,TRUE,FALSE,AUTO_OR_INHERITED,,FALSE,FALSE,,FALSE,,,BLACK_SPECIMEN_RUN,BLACK_OR_INHERITED,FORMAT_DOCUMENT_CONTENT,YES,LibreOffice-derived OOXML inspection of hash-verified legacy source; inherited properties remain explicit as such.
HFUT_FMT_DOC,P022,MANUSCRIPT_FORMAT_INSTRUCTION,2,  ,,,,,,INHERITED_OR_UNSET,FALSE,FALSE,AUTO_OR_INHERITED,,FALSE,FALSE,,TRUE,  ,  ,BLACK_SPECIMEN_RUN,BLACK_OR_INHERITED,FORMAT_DOCUMENT_CONTENT,YES,LibreOffice-derived OOXML inspection of hash-verified legacy source; inherited properties remain explicit as such.
HFUT_FMT_DOC,P022,MANUSCRIPT_FORMAT_INSTRUCTION,3,二级标题,二级标题,黑体;SimHei,黑体;SimHei,黑体;SimHei,,INHERITED_OR_UNSET,FALSE,FALSE,AUTO_OR_INHERITED,,FALSE,FALSE,,FALSE,,,BLACK_SPECIMEN_RUN,BLACK_OR_INHERITED,FORMAT_DOCUMENT_CONTENT,YES,LibreOffice-derived OOXML inspection of hash-verified legacy source; inherited properties remain explicit as such.
HFUT_FMT_DOC,P022,MANUSCRIPT_FORMAT_INSTRUCTION,4,（五号黑体）,（五号黑体）,黑体;SimHei,黑体;SimHei,黑体;SimHei,,INHERITED_OR_UNSET,FALSE,FALSE,FF0000,,FALSE,FALSE,,FALSE,,,RED_INSTRUCTION_RUN,RED,RED_INSTRUCTIONAL_ANNOTATION,NO,LibreOffice-derived OOXML inspection of hash-verified legacy source; inherited properties remain explicit as such.
HFUT_FMT_DOC,P023,EDITORIAL_PLACEHOLDER,1,……,……,宋体;SimSun,宋体;SimSun,,宋体;SimSun,INHERITED_OR_UNSET,FALSE,FALSE,000000,,FALSE,FALSE,,FALSE,,,BLACK_SPECIMEN_RUN,BLACK_OR_INHERITED,FORMAT_DOCUMENT_CONTENT,YES,LibreOffice-derived OOXML inspection of hash-verified legacy source; inherited properties remain explicit as such.
HFUT_FMT_DOC,P024,FORMAT_DOCUMENT_OWN_HEADING,1,2,2,,,黑体;SimHei,,14.0,TRUE,FALSE,AUTO_OR_INHERITED,,FALSE,FALSE,,FALSE,,,BLACK_SPECIMEN_RUN,BLACK_OR_INHERITED,FORMAT_DOCUMENT_CONTENT,YES,LibreOffice-derived OOXML inspection of hash-verified legacy source; inherited properties remain explicit as such.
HFUT_FMT_DOC,P024,FORMAT_DOCUMENT_OWN_HEADING,2,  ,,,,黑体;SimHei,,14.0,TRUE,FALSE,AUTO_OR_INHERITED,,FALSE,FALSE,,TRUE,  ,  ,BLACK_SPECIMEN_RUN,BLACK_OR_INHERITED,FORMAT_DOCUMENT_CONTENT,YES,LibreOffice-derived OOXML inspection of hash-verified legacy source; inherited properties remain explicit as such.
HFUT_FMT_DOC,P024,FORMAT_DOCUMENT_OWN_HEADING,3,公式,公式,,,黑体;SimHei,,14.0,TRUE,FALSE,AUTO_OR_INHERITED,,FALSE,FALSE,,FALSE,,,BLACK_SPECIMEN_RUN,BLACK_OR_INHERITED,FORMAT_DOCUMENT_CONTENT,YES,LibreOffice-derived OOXML inspection of hash-verified legacy source; inherited properties remain explicit as such.
HFUT_FMT_DOC,P024,FORMAT_DOCUMENT_OWN_HEADING,4,要求,要求,,,黑体;SimHei,,14.0,TRUE,FALSE,AUTO_OR_INHERITED,,FALSE,FALSE,,FALSE,,,BLACK_SPECIMEN_RUN,BLACK_OR_INHERITED,FORMAT_DOCUMENT_CONTENT,YES,LibreOffice-derived OOXML inspection of hash-verified legacy source; inherited properties remain explicit as such.
HFUT_FMT_DOC,P025,MANUSCRIPT_FORMAT_INSTRUCTION,1,本刊公式要求参照下载中心里《,本刊公式要求参照下载中心里《,,,,,INHERITED_OR_UNSET,FALSE,FALSE,AUTO_OR_INHERITED,,FALSE,FALSE,,FALSE,,,BLACK_SPECIMEN_RUN,BLACK_OR_INHERITED,FORMAT_DOCUMENT_CONTENT,YES,LibreOffice-derived OOXML inspection of hash-verified legacy source; inherited properties remain explicit as such.
HFUT_FMT_DOC,P025,MANUSCRIPT_FORMAT_INSTRUCTION,2,学术论文编写规则,学术论文编写规则,,,,,INHERITED_OR_UNSET,TRUE,FALSE,000000,,FALSE,FALSE,,FALSE,,,BLACK_SPECIMEN_RUN,BLACK_OR_INHERITED,FORMAT_DOCUMENT_CONTENT,YES,LibreOffice-derived OOXML inspection of hash-verified legacy source; inherited properties remain explicit as such.
HFUT_FMT_DOC,P025,MANUSCRIPT_FORMAT_INSTRUCTION,3,》,》,,,,,INHERITED_OR_UNSET,FALSE,FALSE,AUTO_OR_INHERITED,,FALSE,FALSE,,FALSE,,,BLACK_SPECIMEN_RUN,BLACK_OR_INHERITED,FORMAT_DOCUMENT_CONTENT,YES,LibreOffice-derived OOXML inspection of hash-verified legacy source; inherited properties remain explicit as such.
HFUT_FMT_DOC,P025,MANUSCRIPT_FORMAT_INSTRUCTION,4,（,（,,,,,INHERITED_OR_UNSET,TRUE,FALSE,AUTO_OR_INHERITED,,FALSE,FALSE,,FALSE,,,BLACK_SPECIMEN_RUN,BLACK_OR_INHERITED,FORMAT_DOCUMENT_CONTENT,YES,LibreOffice-derived OOXML inspection of hash-verified legacy source; inherited properties remain explicit as such.
HFUT_FMT_DOC,P025,MANUSCRIPT_FORMAT_INSTRUCTION,5,GB/T 7713.2,GB/T 7713.2,,,,,INHERITED_OR_UNSET,TRUE,FALSE,AUTO_OR_INHERITED,,FALSE,FALSE,,FALSE,,,BLACK_SPECIMEN_RUN,BLACK_OR_INHERITED,FORMAT_DOCUMENT_CONTENT,YES,LibreOffice-derived OOXML inspection of hash-verified legacy source; inherited properties remain explicit as such.
HFUT_FMT_DOC,P025,MANUSCRIPT_FORMAT_INSTRUCTION,6,—,—,宋体;SimSun,宋体;SimSun,,宋体;SimSun,INHERITED_OR_UNSET,TRUE,FALSE,AUTO_OR_INHERITED,,FALSE,FALSE,,FALSE,,,BLACK_SPECIMEN_RUN,BLACK_OR_INHERITED,FORMAT_DOCUMENT_CONTENT,YES,LibreOffice-derived OOXML inspection of hash-verified legacy source; inherited properties remain explicit as such.
HFUT_FMT_DOC,P025,MANUSCRIPT_FORMAT_INSTRUCTION,7,2022,2022,,,,,INHERITED_OR_UNSET,TRUE,FALSE,AUTO_OR_INHERITED,,FALSE,FALSE,,FALSE,,,BLACK_SPECIMEN_RUN,BLACK_OR_INHERITED,FORMAT_DOCUMENT_CONTENT,YES,LibreOffice-derived OOXML inspection of hash-verified legacy source; inherited properties remain explicit as such.
HFUT_FMT_DOC,P025,MANUSCRIPT_FORMAT_INSTRUCTION,8,）和《物理科学和技术中使用的数学符号》（,）和《物理科学和技术中使用的数学符号》（,,,,,INHERITED_OR_UNSET,TRUE,FALSE,AUTO_OR_INHERITED,,FALSE,FALSE,,FALSE,,,BLACK_SPECIMEN_RUN,BLACK_OR_INHERITED,FORMAT_DOCUMENT_CONTENT,YES,LibreOffice-derived OOXML inspection of hash-verified legacy source; inherited properties remain explicit as such.
HFUT_FMT_DOC,P025,MANUSCRIPT_FORMAT_INSTRUCTION,9,GB 3102.11-93,GB 3102.11-93,,,,,INHERITED_OR_UNSET,TRUE,FALSE,AUTO_OR_INHERITED,,FALSE,FALSE,,FALSE,,,BLACK_SPECIMEN_RUN,BLACK_OR_INHERITED,FORMAT_DOCUMENT_CONTENT,YES,LibreOffice-derived OOXML inspection of hash-verified legacy source; inherited properties remain explicit as such.
HFUT_FMT_DOC,P025,MANUSCRIPT_FORMAT_INSTRUCTION,10,）,）,,,,,INHERITED_OR_UNSET,TRUE,FALSE,AUTO_OR_INHERITED,,FALSE,FALSE,,FALSE,,,BLACK_SPECIMEN_RUN,BLACK_OR_INHERITED,FORMAT_DOCUMENT_CONTENT,YES,LibreOffice-derived OOXML inspection of hash-verified legacy source; inherited properties remain explicit as such.
HFUT_FMT_DOC,P025,MANUSCRIPT_FORMAT_INSTRUCTION,11,。,。,,,,,INHERITED_OR_UNSET,FALSE,FALSE,AUTO_OR_INHERITED,,FALSE,FALSE,,FALSE,,,BLACK_SPECIMEN_RUN,BLACK_OR_INHERITED,FORMAT_DOCUMENT_CONTENT,YES,LibreOffice-derived OOXML inspection of hash-verified legacy source; inherited properties remain explicit as such.
HFUT_FMT_DOC,P026,MANUSCRIPT_FORMAT_INSTRUCTION,1,本刊公式必须用,本刊公式必须用,,,,宋体;SimSun,INHERITED_OR_UNSET,FALSE,FALSE,000000,,FALSE,FALSE,,FALSE,,,BLACK_SPECIMEN_RUN,BLACK_OR_INHERITED,FORMAT_DOCUMENT_CONTENT,YES,LibreOffice-derived OOXML inspection of hash-verified legacy source; inherited properties remain explicit as such.
HFUT_FMT_DOC,P026,MANUSCRIPT_FORMAT_INSTRUCTION,2,MathType,MathType,,,,,INHERITED_OR_UNSET,TRUE,FALSE,000000,,FALSE,FALSE,,FALSE,,,BLACK_SPECIMEN_RUN,BLACK_OR_INHERITED,FORMAT_DOCUMENT_CONTENT,YES,LibreOffice-derived OOXML inspection of hash-verified legacy source; inherited properties remain explicit as such.
HFUT_FMT_DOC,P026,MANUSCRIPT_FORMAT_INSTRUCTION,3,公式编辑器,公式编辑器,,,,,INHERITED_OR_UNSET,TRUE,FALSE,000000,,FALSE,FALSE,,FALSE,,,BLACK_SPECIMEN_RUN,BLACK_OR_INHERITED,FORMAT_DOCUMENT_CONTENT,YES,LibreOffice-derived OOXML inspection of hash-verified legacy source; inherited properties remain explicit as such.
HFUT_FMT_DOC,P026,MANUSCRIPT_FORMAT_INSTRUCTION,4,录入编辑，数学式必须以正确的数学形式表示。,录入编辑，数学式必须以正确的数学形式表示。,,,,宋体;SimSun,INHERITED_OR_UNSET,FALSE,FALSE,000000,,FALSE,FALSE,,FALSE,,,BLACK_SPECIMEN_RUN,BLACK_OR_INHERITED,FORMAT_DOCUMENT_CONTENT,YES,LibreOffice-derived OOXML inspection of hash-verified legacy source; inherited properties remain explicit as such.
HFUT_FMT_DOC,P027,MANUSCRIPT_FORMAT_INSTRUCTION,1,所有,所有,,,,,INHERITED_OR_UNSET,TRUE,FALSE,000000,,FALSE,FALSE,,FALSE,,,BLACK_SPECIMEN_RUN,BLACK_OR_INHERITED,FORMAT_DOCUMENT_CONTENT,YES,LibreOffice-derived OOXML inspection of hash-verified legacy source; inherited properties remain explicit as such.
HFUT_FMT_DOC,P027,MANUSCRIPT_FORMAT_INSTRUCTION,2,变量,变量,,,,,INHERITED_OR_UNSET,TRUE,FALSE,000000,,FALSE,FALSE,,FALSE,,,BLACK_SPECIMEN_RUN,BLACK_OR_INHERITED,FORMAT_DOCUMENT_CONTENT,YES,LibreOffice-derived OOXML inspection of hash-verified legacy source; inherited properties remain explicit as such.
HFUT_FMT_DOC,P027,MANUSCRIPT_FORMAT_INSTRUCTION,3,均斜体表示,均斜体表示,,,,,INHERITED_OR_UNSET,TRUE,FALSE,000000,,FALSE,FALSE,,FALSE,,,BLACK_SPECIMEN_RUN,BLACK_OR_INHERITED,FORMAT_DOCUMENT_CONTENT,YES,LibreOffice-derived OOXML inspection of hash-verified legacy source; inherited properties remain explicit as such.
HFUT_FMT_DOC,P027,MANUSCRIPT_FORMAT_INSTRUCTION,4,，角标,，角标,,,,,INHERITED_OR_UNSET,FALSE,FALSE,000000,,FALSE,FALSE,,FALSE,,,BLACK_SPECIMEN_RUN,BLACK_OR_INHERITED,FORMAT_DOCUMENT_CONTENT,YES,LibreOffice-derived OOXML inspection of hash-verified legacy source; inherited properties remain explicit as such.
HFUT_FMT_DOC,P027,MANUSCRIPT_FORMAT_INSTRUCTION,5,一般为正体，,一般为正体，,,,,,INHERITED_OR_UNSET,FALSE,FALSE,000000,,FALSE,FALSE,,FALSE,,,BLACK_SPECIMEN_RUN,BLACK_OR_INHERITED,FORMAT_DOCUMENT_CONTENT,YES,LibreOffice-derived OOXML inspection of hash-verified legacy source; inherited properties remain explicit as such.
HFUT_FMT_DOC,P027,MANUSCRIPT_FORMAT_INSTRUCTION,6,当,当,,,,,INHERITED_OR_UNSET,FALSE,FALSE,000000,,FALSE,FALSE,,FALSE,,,BLACK_SPECIMEN_RUN,BLACK_OR_INHERITED,FORMAT_DOCUMENT_CONTENT,YES,LibreOffice-derived OOXML inspection of hash-verified legacy source; inherited properties remain explicit as such.
HFUT_FMT_DOC,P027,MANUSCRIPT_FORMAT_INSTRUCTION,7,角标,角标,,,,,INHERITED_OR_UNSET,FALSE,FALSE,000000,,FALSE,FALSE,,FALSE,,,BLACK_SPECIMEN_RUN,BLACK_OR_INHERITED,FORMAT_DOCUMENT_CONTENT,YES,LibreOffice-derived OOXML inspection of hash-verified legacy source; inherited properties remain explicit as such.
HFUT_FMT_DOC,P027,MANUSCRIPT_FORMAT_INSTRUCTION,8,为变量时,为变量时,,,,,INHERITED_OR_UNSET,FALSE,FALSE,000000,,FALSE,FALSE,,FALSE,,,BLACK_SPECIMEN_RUN,BLACK_OR_INHERITED,FORMAT_DOCUMENT_CONTENT,YES,LibreOffice-derived OOXML inspection of hash-verified legacy source; inherited properties remain explicit as such.
HFUT_FMT_DOC,P027,MANUSCRIPT_FORMAT_INSTRUCTION,9,也,也,,,,,INHERITED_OR_UNSET,FALSE,FALSE,000000,,FALSE,FALSE,,FALSE,,,BLACK_SPECIMEN_RUN,BLACK_OR_INHERITED,FORMAT_DOCUMENT_CONTENT,YES,LibreOffice-derived OOXML inspection of hash-verified legacy source; inherited properties remain explicit as such.
HFUT_FMT_DOC,P027,MANUSCRIPT_FORMAT_INSTRUCTION,10,为,为,,,,,INHERITED_OR_UNSET,FALSE,FALSE,000000,,FALSE,FALSE,,FALSE,,,BLACK_SPECIMEN_RUN,BLACK_OR_INHERITED,FORMAT_DOCUMENT_CONTENT,YES,LibreOffice-derived OOXML inspection of hash-verified legacy source; inherited properties remain explicit as such.
HFUT_FMT_DOC,P027,MANUSCRIPT_FORMAT_INSTRUCTION,11,斜体,斜体,,,,,INHERITED_OR_UNSET,FALSE,FALSE,000000,,FALSE,FALSE,,FALSE,,,BLACK_SPECIMEN_RUN,BLACK_OR_INHERITED,FORMAT_DOCUMENT_CONTENT,YES,LibreOffice-derived OOXML inspection of hash-verified legacy source; inherited properties remain explicit as such.
HFUT_FMT_DOC,P027,MANUSCRIPT_FORMAT_INSTRUCTION,12,；,；,,,,宋体;SimSun,INHERITED_OR_UNSET,FALSE,FALSE,000000,,FALSE,FALSE,,FALSE,,,BLACK_SPECIMEN_RUN,BLACK_OR_INHERITED,FORMAT_DOCUMENT_CONTENT,YES,LibreOffice-derived OOXML inspection of hash-verified legacy source; inherited properties remain explicit as such.
HFUT_FMT_DOC,P028,MANUSCRIPT_FORMAT_INSTRUCTION,1,除函数名和特殊物理量之外，,除函数名和特殊物理量之外，,,,,宋体;SimSun,INHERITED_OR_UNSET,FALSE,FALSE,000000,,FALSE,FALSE,,FALSE,,,BLACK_SPECIMEN_RUN,BLACK_OR_INHERITED,FORMAT_DOCUMENT_CONTENT,YES,LibreOffice-derived OOXML inspection of hash-verified legacy source; inherited properties remain explicit as such.
HFUT_FMT_DOC,P028,MANUSCRIPT_FORMAT_INSTRUCTION,2,变量均用,变量均用,,,,宋体;SimSun,INHERITED_OR_UNSET,TRUE,FALSE,000000,,FALSE,FALSE,,FALSE,,,BLACK_SPECIMEN_RUN,BLACK_OR_INHERITED,FORMAT_DOCUMENT_CONTENT,YES,LibreOffice-derived OOXML inspection of hash-verified legacy source; inherited properties remain explicit as such.
HFUT_FMT_DOC,P028,MANUSCRIPT_FORMAT_INSTRUCTION,3,1,1,,,,宋体;SimSun,INHERITED_OR_UNSET,TRUE,FALSE,000000,,FALSE,FALSE,,FALSE,,,BLACK_SPECIMEN_RUN,BLACK_OR_INHERITED,FORMAT_DOCUMENT_CONTENT,YES,LibreOffice-derived OOXML inspection of hash-verified legacy source; inherited properties remain explicit as such.
HFUT_FMT_DOC,P028,MANUSCRIPT_FORMAT_INSTRUCTION,4,个字母表示,个字母表示,,,,宋体;SimSun,INHERITED_OR_UNSET,TRUE,FALSE,000000,,FALSE,FALSE,,FALSE,,,BLACK_SPECIMEN_RUN,BLACK_OR_INHERITED,FORMAT_DOCUMENT_CONTENT,YES,LibreOffice-derived OOXML inspection of hash-verified legacy source; inherited properties remain explicit as such.
HFUT_FMT_DOC,P028,MANUSCRIPT_FORMAT_INSTRUCTION,5,，可加下标以示区分或补充含义；,，可加下标以示区分或补充含义；,,,,宋体;SimSun,INHERITED_OR_UNSET,FALSE,FALSE,000000,,FALSE,FALSE,,FALSE,,,BLACK_SPECIMEN_RUN,BLACK_OR_INHERITED,FORMAT_DOCUMENT_CONTENT,YES,LibreOffice-derived OOXML inspection of hash-verified legacy source; inherited properties remain explicit as such.
HFUT_FMT_DOC,P028,MANUSCRIPT_FORMAT_INSTRUCTION,6,矩阵、向量、矢量必须用加黑,矩阵、向量、矢量必须用加黑,,,,,INHERITED_OR_UNSET,TRUE,FALSE,AUTO_OR_INHERITED,,FALSE,FALSE,,FALSE,,,BLACK_SPECIMEN_RUN,BLACK_OR_INHERITED,FORMAT_DOCUMENT_CONTENT,YES,LibreOffice-derived OOXML inspection of hash-verified legacy source; inherited properties remain explicit as such.
HFUT_FMT_DOC,P028,MANUSCRIPT_FORMAT_INSTRUCTION,7,(,(,,,,,INHERITED_OR_UNSET,TRUE,FALSE,AUTO_OR_INHERITED,,FALSE,FALSE,,FALSE,,,BLACK_SPECIMEN_RUN,BLACK_OR_INHERITED,FORMAT_DOCUMENT_CONTENT,YES,LibreOffice-derived OOXML inspection of hash-verified legacy source; inherited properties remain explicit as such.
HFUT_FMT_DOC,P028,MANUSCRIPT_FORMAT_INSTRUCTION,8,粗,粗,,,,,INHERITED_OR_UNSET,TRUE,FALSE,AUTO_OR_INHERITED,,FALSE,FALSE,,FALSE,,,BLACK_SPECIMEN_RUN,BLACK_OR_INHERITED,FORMAT_DOCUMENT_CONTENT,YES,LibreOffice-derived OOXML inspection of hash-verified legacy source; inherited properties remain explicit as such.
HFUT_FMT_DOC,P028,MANUSCRIPT_FORMAT_INSTRUCTION,9,),),,,,,INHERITED_OR_UNSET,TRUE,FALSE,AUTO_OR_INHERITED,,FALSE,FALSE,,FALSE,,,BLACK_SPECIMEN_RUN,BLACK_OR_INHERITED,FORMAT_DOCUMENT_CONTENT,YES,LibreOffice-derived OOXML inspection of hash-verified legacy source; inherited properties remain explicit as such.
HFUT_FMT_DOC,P028,MANUSCRIPT_FORMAT_INSTRUCTION,10,的斜体字母,的斜体字母,,,,,INHERITED_OR_UNSET,TRUE,FALSE,AUTO_OR_INHERITED,,FALSE,FALSE,,FALSE,,,BLACK_SPECIMEN_RUN,BLACK_OR_INHERITED,FORMAT_DOCUMENT_CONTENT,YES,LibreOffice-derived OOXML inspection of hash-verified legacy source; inherited properties remain explicit as such.
HFUT_FMT_DOC,P028,MANUSCRIPT_FORMAT_INSTRUCTION,11,表示,表示,,,,,INHERITED_OR_UNSET,FALSE,FALSE,AUTO_OR_INHERITED,,FALSE,FALSE,,FALSE,,,BLACK_SPECIMEN_RUN,BLACK_OR_INHERITED,FORMAT_DOCUMENT_CONTENT,YES,LibreOffice-derived OOXML inspection of hash-verified legacy source; inherited properties remain explicit as such.
HFUT_FMT_DOC,P028,MANUSCRIPT_FORMAT_INSTRUCTION,12,。,。,,,,宋体;SimSun,INHERITED_OR_UNSET,FALSE,FALSE,000000,,FALSE,FALSE,,FALSE,,,BLACK_SPECIMEN_RUN,BLACK_OR_INHERITED,FORMAT_DOCUMENT_CONTENT,YES,LibreOffice-derived OOXML inspection of hash-verified legacy source; inherited properties remain explicit as such.
HFUT_FMT_DOC,P029,MANUSCRIPT_FORMAT_INSTRUCTION,1,公式示例如下：,公式示例如下：,,,,宋体;SimSun,INHERITED_OR_UNSET,FALSE,FALSE,000000,,FALSE,FALSE,,FALSE,,,BLACK_SPECIMEN_RUN,BLACK_OR_INHERITED,FORMAT_DOCUMENT_CONTENT,YES,LibreOffice-derived OOXML inspection of hash-verified legacy source; inherited properties remain explicit as such.
HFUT_FMT_DOC,P030,MANUSCRIPT_FORMAT_INSTRUCTION,1,,,,,,,INHERITED_OR_UNSET,FALSE,FALSE,AUTO_OR_INHERITED,,FALSE,FALSE,,FALSE,,,BLACK_SPECIMEN_RUN,BLACK_OR_INHERITED,FORMAT_DOCUMENT_CONTENT,YES,LibreOffice-derived OOXML inspection of hash-verified legacy source; inherited properties remain explicit as such.
HFUT_FMT_DOC,P030,MANUSCRIPT_FORMAT_INSTRUCTION,2,   ,,,,Times New Roman,,INHERITED_OR_UNSET,FALSE,FALSE,AUTO_OR_INHERITED,,FALSE,FALSE,,TRUE,   ,   ,BLACK_SPECIMEN_RUN,BLACK_OR_INHERITED,FORMAT_DOCUMENT_CONTENT,YES,LibreOffice-derived OOXML inspection of hash-verified legacy source; inherited properties remain explicit as such.
HFUT_FMT_DOC,P030,MANUSCRIPT_FORMAT_INSTRUCTION,3,（,（,,,,,INHERITED_OR_UNSET,FALSE,FALSE,AUTO_OR_INHERITED,,FALSE,FALSE,,FALSE,,,BLACK_SPECIMEN_RUN,BLACK_OR_INHERITED,FORMAT_DOCUMENT_CONTENT,YES,LibreOffice-derived OOXML inspection of hash-verified legacy source; inherited properties remain explicit as such.
HFUT_FMT_DOC,P030,MANUSCRIPT_FORMAT_INSTRUCTION,4,1,1,,,,,INHERITED_OR_UNSET,FALSE,FALSE,AUTO_OR_INHERITED,,FALSE,FALSE,,FALSE,,,BLACK_SPECIMEN_RUN,BLACK_OR_INHERITED,FORMAT_DOCUMENT_CONTENT,YES,LibreOffice-derived OOXML inspection of hash-verified legacy source; inherited properties remain explicit as such.
HFUT_FMT_DOC,P030,MANUSCRIPT_FORMAT_INSTRUCTION,5,）,）,,,,,INHERITED_OR_UNSET,FALSE,FALSE,AUTO_OR_INHERITED,,FALSE,FALSE,,FALSE,,,BLACK_SPECIMEN_RUN,BLACK_OR_INHERITED,FORMAT_DOCUMENT_CONTENT,YES,LibreOffice-derived OOXML inspection of hash-verified legacy source; inherited properties remain explicit as such.
HFUT_FMT_DOC,P031,MANUSCRIPT_FORMAT_INSTRUCTION,1,,,,,,,INHERITED_OR_UNSET,FALSE,FALSE,AUTO_OR_INHERITED,,FALSE,FALSE,,FALSE,,,BLACK_SPECIMEN_RUN,BLACK_OR_INHERITED,FORMAT_DOCUMENT_CONTENT,YES,LibreOffice-derived OOXML inspection of hash-verified legacy source; inherited properties remain explicit as such.
HFUT_FMT_DOC,P031,MANUSCRIPT_FORMAT_INSTRUCTION,2,    ,,,,Times New Roman,,INHERITED_OR_UNSET,FALSE,FALSE,AUTO_OR_INHERITED,,FALSE,FALSE,,TRUE,    ,    ,BLACK_SPECIMEN_RUN,BLACK_OR_INHERITED,FORMAT_DOCUMENT_CONTENT,YES,LibreOffice-derived OOXML inspection of hash-verified legacy source; inherited properties remain explicit as such.
HFUT_FMT_DOC,P031,MANUSCRIPT_FORMAT_INSTRUCTION,3,  ,,,,Times New Roman,,INHERITED_OR_UNSET,FALSE,FALSE,AUTO_OR_INHERITED,,FALSE,FALSE,,TRUE,  ,  ,BLACK_SPECIMEN_RUN,BLACK_OR_INHERITED,FORMAT_DOCUMENT_CONTENT,YES,LibreOffice-derived OOXML inspection of hash-verified legacy source; inherited properties remain explicit as such.
HFUT_FMT_DOC,P031,MANUSCRIPT_FORMAT_INSTRUCTION,4,  ,,,,Times New Roman,,INHERITED_OR_UNSET,FALSE,FALSE,AUTO_OR_INHERITED,,FALSE,FALSE,,TRUE,  ,  ,BLACK_SPECIMEN_RUN,BLACK_OR_INHERITED,FORMAT_DOCUMENT_CONTENT,YES,LibreOffice-derived OOXML inspection of hash-verified legacy source; inherited properties remain explicit as such.
HFUT_FMT_DOC,P031,MANUSCRIPT_FORMAT_INSTRUCTION,5,（,（,,,,,INHERITED_OR_UNSET,FALSE,FALSE,AUTO_OR_INHERITED,,FALSE,FALSE,,FALSE,,,BLACK_SPECIMEN_RUN,BLACK_OR_INHERITED,FORMAT_DOCUMENT_CONTENT,YES,LibreOffice-derived OOXML inspection of hash-verified legacy source; inherited properties remain explicit as such.
HFUT_FMT_DOC,P031,MANUSCRIPT_FORMAT_INSTRUCTION,6,2,2,,,,,INHERITED_OR_UNSET,FALSE,FALSE,AUTO_OR_INHERITED,,FALSE,FALSE,,FALSE,,,BLACK_SPECIMEN_RUN,BLACK_OR_INHERITED,FORMAT_DOCUMENT_CONTENT,YES,LibreOffice-derived OOXML inspection of hash-verified legacy source; inherited properties remain explicit as such.
HFUT_FMT_DOC,P031,MANUSCRIPT_FORMAT_INSTRUCTION,7,）,）,,,,,INHERITED_OR_UNSET,FALSE,FALSE,AUTO_OR_INHERITED,,FALSE,FALSE,,FALSE,,,BLACK_SPECIMEN_RUN,BLACK_OR_INHERITED,FORMAT_DOCUMENT_CONTENT,YES,LibreOffice-derived OOXML inspection of hash-verified legacy source; inherited properties remain explicit as such.
HFUT_FMT_DOC,P032,MANUSCRIPT_FORMAT_INSTRUCTION,1,,,,,,,INHERITED_OR_UNSET,FALSE,FALSE,AUTO_OR_INHERITED,,FALSE,FALSE,,FALSE,,,BLACK_SPECIMEN_RUN,BLACK_OR_INHERITED,FORMAT_DOCUMENT_CONTENT,YES,LibreOffice-derived OOXML inspection of hash-verified legacy source; inherited properties remain explicit as such.
HFUT_FMT_DOC,P032,MANUSCRIPT_FORMAT_INSTRUCTION,2, ,,,,Times New Roman,,INHERITED_OR_UNSET,FALSE,FALSE,AUTO_OR_INHERITED,,FALSE,FALSE,,TRUE, , ,BLACK_SPECIMEN_RUN,BLACK_OR_INHERITED,FORMAT_DOCUMENT_CONTENT,YES,LibreOffice-derived OOXML inspection of hash-verified legacy source; inherited properties remain explicit as such.
HFUT_FMT_DOC,P032,MANUSCRIPT_FORMAT_INSTRUCTION,3,（,（,,,,,INHERITED_OR_UNSET,FALSE,FALSE,AUTO_OR_INHERITED,,FALSE,FALSE,,FALSE,,,BLACK_SPECIMEN_RUN,BLACK_OR_INHERITED,FORMAT_DOCUMENT_CONTENT,YES,LibreOffice-derived OOXML inspection of hash-verified legacy source; inherited properties remain explicit as such.
HFUT_FMT_DOC,P032,MANUSCRIPT_FORMAT_INSTRUCTION,4,3,3,,,,,INHERITED_OR_UNSET,FALSE,FALSE,AUTO_OR_INHERITED,,FALSE,FALSE,,FALSE,,,BLACK_SPECIMEN_RUN,BLACK_OR_INHERITED,FORMAT_DOCUMENT_CONTENT,YES,LibreOffice-derived OOXML inspection of hash-verified legacy source; inherited properties remain explicit as such.
HFUT_FMT_DOC,P032,MANUSCRIPT_FORMAT_INSTRUCTION,5,）,）,,,,,INHERITED_OR_UNSET,FALSE,FALSE,AUTO_OR_INHERITED,,FALSE,FALSE,,FALSE,,,BLACK_SPECIMEN_RUN,BLACK_OR_INHERITED,FORMAT_DOCUMENT_CONTENT,YES,LibreOffice-derived OOXML inspection of hash-verified legacy source; inherited properties remain explicit as such.
HFUT_FMT_DOC,P033,MANUSCRIPT_FORMAT_INSTRUCTION,1,（,（,,,,,INHERITED_OR_UNSET,FALSE,FALSE,FF0000,,FALSE,FALSE,,FALSE,,,RED_INSTRUCTION_RUN,RED,RED_INSTRUCTIONAL_ANNOTATION,NO,LibreOffice-derived OOXML inspection of hash-verified legacy source; inherited properties remain explicit as such.
HFUT_FMT_DOC,P033,MANUSCRIPT_FORMAT_INSTRUCTION,2,当,当,黑体;SimHei,黑体;SimHei,黑体;SimHei,黑体;SimHei,INHERITED_OR_UNSET,FALSE,FALSE,FF0000,,FALSE,FALSE,,FALSE,,,RED_INSTRUCTION_RUN,RED,RED_INSTRUCTIONAL_ANNOTATION,NO,LibreOffice-derived OOXML inspection of hash-verified legacy source; inherited properties remain explicit as such.
HFUT_FMT_DOC,P033,MANUSCRIPT_FORMAT_INSTRUCTION,3,变量为矢量、向量、,变量为矢量、向量、,黑体;SimHei,黑体;SimHei,黑体;SimHei,黑体;SimHei,INHERITED_OR_UNSET,FALSE,FALSE,FF0000,,FALSE,FALSE,,FALSE,,,RED_INSTRUCTION_RUN,RED,RED_INSTRUCTIONAL_ANNOTATION,NO,LibreOffice-derived OOXML inspection of hash-verified legacy source; inherited properties remain explicit as such.
HFUT_FMT_DOC,P033,MANUSCRIPT_FORMAT_INSTRUCTION,4,矩阵,矩阵,黑体;SimHei,黑体;SimHei,黑体;SimHei,黑体;SimHei,INHERITED_OR_UNSET,FALSE,FALSE,FF0000,,FALSE,FALSE,,FALSE,,,RED_INSTRUCTION_RUN,RED,RED_INSTRUCTIONAL_ANNOTATION,NO,LibreOffice-derived OOXML inspection of hash-verified legacy source; inherited properties remain explicit as such.
HFUT_FMT_DOC,P033,MANUSCRIPT_FORMAT_INSTRUCTION,5,时，斜体,时，斜体,黑体;SimHei,黑体;SimHei,黑体;SimHei,黑体;SimHei,INHERITED_OR_UNSET,FALSE,FALSE,FF0000,,FALSE,FALSE,,FALSE,,,RED_INSTRUCTION_RUN,RED,RED_INSTRUCTIONAL_ANNOTATION,NO,LibreOffice-derived OOXML inspection of hash-verified legacy source; inherited properties remain explicit as such.
HFUT_FMT_DOC,P033,MANUSCRIPT_FORMAT_INSTRUCTION,6,并,并,黑体;SimHei,黑体;SimHei,黑体;SimHei,黑体;SimHei,INHERITED_OR_UNSET,FALSE,FALSE,FF0000,,FALSE,FALSE,,FALSE,,,RED_INSTRUCTION_RUN,RED,RED_INSTRUCTIONAL_ANNOTATION,NO,LibreOffice-derived OOXML inspection of hash-verified legacy source; inherited properties remain explicit as such.
HFUT_FMT_DOC,P033,MANUSCRIPT_FORMAT_INSTRUCTION,7,加粗,加粗,黑体;SimHei,黑体;SimHei,黑体;SimHei,黑体;SimHei,INHERITED_OR_UNSET,FALSE,FALSE,FF0000,,FALSE,FALSE,,FALSE,,,RED_INSTRUCTION_RUN,RED,RED_INSTRUCTIONAL_ANNOTATION,NO,LibreOffice-derived OOXML inspection of hash-verified legacy source; inherited properties remain explicit as such.
HFUT_FMT_DOC,P033,MANUSCRIPT_FORMAT_INSTRUCTION,8,）,）,黑体;SimHei,黑体;SimHei,黑体;SimHei,黑体;SimHei,INHERITED_OR_UNSET,FALSE,FALSE,FF0000,,FALSE,FALSE,,FALSE,,,RED_INSTRUCTION_RUN,RED,RED_INSTRUCTIONAL_ANNOTATION,NO,LibreOffice-derived OOXML inspection of hash-verified legacy source; inherited properties remain explicit as such.
HFUT_FMT_DOC,P034,MANUSCRIPT_FORMAT_INSTRUCTION,1,,,,,,,INHERITED_OR_UNSET,FALSE,FALSE,AUTO_OR_INHERITED,,FALSE,FALSE,,FALSE,,,BLACK_SPECIMEN_RUN,BLACK_OR_INHERITED,FORMAT_DOCUMENT_CONTENT,YES,LibreOffice-derived OOXML inspection of hash-verified legacy source; inherited properties remain explicit as such.
HFUT_FMT_DOC,P034,MANUSCRIPT_FORMAT_INSTRUCTION,2,（,（,,,,,INHERITED_OR_UNSET,FALSE,FALSE,AUTO_OR_INHERITED,,FALSE,FALSE,,FALSE,,,BLACK_SPECIMEN_RUN,BLACK_OR_INHERITED,FORMAT_DOCUMENT_CONTENT,YES,LibreOffice-derived OOXML inspection of hash-verified legacy source; inherited properties remain explicit as such.
HFUT_FMT_DOC,P034,MANUSCRIPT_FORMAT_INSTRUCTION,3,4,4,,,,,INHERITED_OR_UNSET,FALSE,FALSE,AUTO_OR_INHERITED,,FALSE,FALSE,,FALSE,,,BLACK_SPECIMEN_RUN,BLACK_OR_INHERITED,FORMAT_DOCUMENT_CONTENT,YES,LibreOffice-derived OOXML inspection of hash-verified legacy source; inherited properties remain explicit as such.
HFUT_FMT_DOC,P034,MANUSCRIPT_FORMAT_INSTRUCTION,4,）,）,,,,,INHERITED_OR_UNSET,FALSE,FALSE,AUTO_OR_INHERITED,,FALSE,FALSE,,FALSE,,,BLACK_SPECIMEN_RUN,BLACK_OR_INHERITED,FORMAT_DOCUMENT_CONTENT,YES,LibreOffice-derived OOXML inspection of hash-verified legacy source; inherited properties remain explicit as such.
HFUT_FMT_DOC,P035,MANUSCRIPT_FORMAT_INSTRUCTION,1,其中：,其中：,宋体;SimSun,宋体;SimSun,,宋体;SimSun,INHERITED_OR_UNSET,FALSE,FALSE,AUTO_OR_INHERITED,,FALSE,FALSE,,FALSE,,,BLACK_SPECIMEN_RUN,BLACK_OR_INHERITED,FORMAT_DOCUMENT_CONTENT,YES,LibreOffice-derived OOXML inspection of hash-verified legacy source; inherited properties remain explicit as such.
HFUT_FMT_DOC,P035,MANUSCRIPT_FORMAT_INSTRUCTION,2,,,,,,,INHERITED_OR_UNSET,FALSE,FALSE,AUTO_OR_INHERITED,,FALSE,FALSE,,FALSE,,,BLACK_SPECIMEN_RUN,BLACK_OR_INHERITED,FORMAT_DOCUMENT_CONTENT,YES,LibreOffice-derived OOXML inspection of hash-verified legacy source; inherited properties remain explicit as such.
HFUT_FMT_DOC,P035,MANUSCRIPT_FORMAT_INSTRUCTION,3,为,为,宋体;SimSun,宋体;SimSun,,宋体;SimSun,INHERITED_OR_UNSET,FALSE,FALSE,AUTO_OR_INHERITED,,FALSE,FALSE,,FALSE,,,BLACK_SPECIMEN_RUN,BLACK_OR_INHERITED,FORMAT_DOCUMENT_CONTENT,YES,LibreOffice-derived OOXML inspection of hash-verified legacy source; inherited properties remain explicit as such.
HFUT_FMT_DOC,P035,MANUSCRIPT_FORMAT_INSTRUCTION,4,在,在,,,,宋体;SimSun,INHERITED_OR_UNSET,FALSE,FALSE,AUTO_OR_INHERITED,,FALSE,FALSE,,FALSE,,,BLACK_SPECIMEN_RUN,BLACK_OR_INHERITED,FORMAT_DOCUMENT_CONTENT,YES,LibreOffice-derived OOXML inspection of hash-verified legacy source; inherited properties remain explicit as such.
HFUT_FMT_DOC,P035,MANUSCRIPT_FORMAT_INSTRUCTION,5,t,t,,,,宋体;SimSun,INHERITED_OR_UNSET,FALSE,TRUE,AUTO_OR_INHERITED,,FALSE,FALSE,,FALSE,,,BLACK_SPECIMEN_RUN,BLACK_OR_INHERITED,FORMAT_DOCUMENT_CONTENT,YES,LibreOffice-derived OOXML inspection of hash-verified legacy source; inherited properties remain explicit as such.
HFUT_FMT_DOC,P035,MANUSCRIPT_FORMAT_INSTRUCTION,6,时刻度为,时刻度为,,,,宋体;SimSun,INHERITED_OR_UNSET,FALSE,FALSE,AUTO_OR_INHERITED,,FALSE,FALSE,,FALSE,,,BLACK_SPECIMEN_RUN,BLACK_OR_INHERITED,FORMAT_DOCUMENT_CONTENT,YES,LibreOffice-derived OOXML inspection of hash-verified legacy source; inherited properties remain explicit as such.
HFUT_FMT_DOC,P035,MANUSCRIPT_FORMAT_INSTRUCTION,7,,,,,,,INHERITED_OR_UNSET,FALSE,FALSE,AUTO_OR_INHERITED,,FALSE,FALSE,,FALSE,,,BLACK_SPECIMEN_RUN,BLACK_OR_INHERITED,FORMAT_DOCUMENT_CONTENT,YES,LibreOffice-derived OOXML inspection of hash-verified legacy source; inherited properties remain explicit as such.
HFUT_FMT_DOC,P035,MANUSCRIPT_FORMAT_INSTRUCTION,8,的节点中被感染节点的比例；,的节点中被感染节点的比例；,,,,宋体;SimSun,INHERITED_OR_UNSET,FALSE,FALSE,AUTO_OR_INHERITED,,FALSE,FALSE,,FALSE,,,BLACK_SPECIMEN_RUN,BLACK_OR_INHERITED,FORMAT_DOCUMENT_CONTENT,YES,LibreOffice-derived OOXML inspection of hash-verified legacy source; inherited properties remain explicit as such.
HFUT_FMT_DOC,P035,MANUSCRIPT_FORMAT_INSTRUCTION,9,,,,,,,INHERITED_OR_UNSET,FALSE,FALSE,AUTO_OR_INHERITED,,FALSE,FALSE,,FALSE,,,BLACK_SPECIMEN_RUN,BLACK_OR_INHERITED,FORMAT_DOCUMENT_CONTENT,YES,LibreOffice-derived OOXML inspection of hash-verified legacy source; inherited properties remain explicit as such.
HFUT_FMT_DOC,P035,MANUSCRIPT_FORMAT_INSTRUCTION,10,为,为,宋体;SimSun,宋体;SimSun,,宋体;SimSun,INHERITED_OR_UNSET,FALSE,FALSE,AUTO_OR_INHERITED,,FALSE,FALSE,,FALSE,,,BLACK_SPECIMEN_RUN,BLACK_OR_INHERITED,FORMAT_DOCUMENT_CONTENT,YES,LibreOffice-derived OOXML inspection of hash-verified legacy source; inherited properties remain explicit as such.
HFUT_FMT_DOC,P035,MANUSCRIPT_FORMAT_INSTRUCTION,11,度为,度为,,,,宋体;SimSun,INHERITED_OR_UNSET,FALSE,FALSE,AUTO_OR_INHERITED,,FALSE,FALSE,,FALSE,,,BLACK_SPECIMEN_RUN,BLACK_OR_INHERITED,FORMAT_DOCUMENT_CONTENT,YES,LibreOffice-derived OOXML inspection of hash-verified legacy source; inherited properties remain explicit as such.
HFUT_FMT_DOC,P035,MANUSCRIPT_FORMAT_INSTRUCTION,12,,,,,,,INHERITED_OR_UNSET,FALSE,FALSE,AUTO_OR_INHERITED,,FALSE,FALSE,,FALSE,,,BLACK_SPECIMEN_RUN,BLACK_OR_INHERITED,FORMAT_DOCUMENT_CONTENT,YES,LibreOffice-derived OOXML inspection of hash-verified legacy source; inherited properties remain explicit as such.
HFUT_FMT_DOC,P035,MANUSCRIPT_FORMAT_INSTRUCTION,13,的节点恢复概率,的节点恢复概率,,,,宋体;SimSun,INHERITED_OR_UNSET,FALSE,FALSE,AUTO_OR_INHERITED,,FALSE,FALSE,,FALSE,,,BLACK_SPECIMEN_RUN,BLACK_OR_INHERITED,FORMAT_DOCUMENT_CONTENT,YES,LibreOffice-derived OOXML inspection of hash-verified legacy source; inherited properties remain explicit as such.
HFUT_FMT_DOC,P035,MANUSCRIPT_FORMAT_INSTRUCTION,14,；,；,,,,宋体;SimSun,INHERITED_OR_UNSET,FALSE,FALSE,000000,,FALSE,FALSE,,FALSE,,,BLACK_SPECIMEN_RUN,BLACK_OR_INHERITED,FORMAT_DOCUMENT_CONTENT,YES,LibreOffice-derived OOXML inspection of hash-verified legacy source; inherited properties remain explicit as such.
HFUT_FMT_DOC,P035,MANUSCRIPT_FORMAT_INSTRUCTION,15,,,,,,,INHERITED_OR_UNSET,FALSE,FALSE,FF0000,,FALSE,FALSE,,FALSE,,,RED_INSTRUCTION_RUN,RED,RED_INSTRUCTIONAL_ANNOTATION,NO,LibreOffice-derived OOXML inspection of hash-verified legacy source; inherited properties remain explicit as such.
HFUT_FMT_DOC,P035,MANUSCRIPT_FORMAT_INSTRUCTION,16,为度为,为度为,宋体;SimSun,宋体;SimSun,,宋体;SimSun,INHERITED_OR_UNSET,FALSE,FALSE,000000,,FALSE,FALSE,,FALSE,,,BLACK_SPECIMEN_RUN,BLACK_OR_INHERITED,FORMAT_DOCUMENT_CONTENT,YES,LibreOffice-derived OOXML inspection of hash-verified legacy source; inherited properties remain explicit as such.
HFUT_FMT_DOC,P035,MANUSCRIPT_FORMAT_INSTRUCTION,17,,,,,,,INHERITED_OR_UNSET,FALSE,FALSE,AUTO_OR_INHERITED,,FALSE,FALSE,,FALSE,,,BLACK_SPECIMEN_RUN,BLACK_OR_INHERITED,FORMAT_DOCUMENT_CONTENT,YES,LibreOffice-derived OOXML inspection of hash-verified legacy source; inherited properties remain explicit as such.
HFUT_FMT_DOC,P035,MANUSCRIPT_FORMAT_INSTRUCTION,18,的节点的算法介数,的节点的算法介数,宋体;SimSun,宋体;SimSun,,宋体;SimSun,INHERITED_OR_UNSET,FALSE,FALSE,000000,,FALSE,FALSE,,FALSE,,,BLACK_SPECIMEN_RUN,BLACK_OR_INHERITED,FORMAT_DOCUMENT_CONTENT,YES,LibreOffice-derived OOXML inspection of hash-verified legacy source; inherited properties remain explicit as such.
HFUT_FMT_DOC,P035,MANUSCRIPT_FORMAT_INSTRUCTION,19,；,；,宋体;SimSun,宋体;SimSun,,宋体;SimSun,INHERITED_OR_UNSET,FALSE,FALSE,AUTO_OR_INHERITED,,FALSE,FALSE,,FALSE,,,BLACK_SPECIMEN_RUN,BLACK_OR_INHERITED,FORMAT_DOCUMENT_CONTENT,YES,LibreOffice-derived OOXML inspection of hash-verified legacy source; inherited properties remain explicit as such.
HFUT_FMT_DOC,P035,MANUSCRIPT_FORMAT_INSTRUCTION,20,,,,,,,INHERITED_OR_UNSET,FALSE,FALSE,AUTO_OR_INHERITED,,FALSE,FALSE,,FALSE,,,BLACK_SPECIMEN_RUN,BLACK_OR_INHERITED,FORMAT_DOCUMENT_CONTENT,YES,LibreOffice-derived OOXML inspection of hash-verified legacy source; inherited properties remain explicit as such.
HFUT_FMT_DOC,P035,MANUSCRIPT_FORMAT_INSTRUCTION,21,为,为,宋体;SimSun,宋体;SimSun,,宋体;SimSun,INHERITED_OR_UNSET,FALSE,FALSE,AUTO_OR_INHERITED,,FALSE,FALSE,,FALSE,,,BLACK_SPECIMEN_RUN,BLACK_OR_INHERITED,FORMAT_DOCUMENT_CONTENT,YES,LibreOffice-derived OOXML inspection of hash-verified legacy source; inherited properties remain explicit as such.
HFUT_FMT_DOC,P035,MANUSCRIPT_FORMAT_INSTRUCTION,22,t,t,,,,宋体;SimSun,INHERITED_OR_UNSET,FALSE,TRUE,AUTO_OR_INHERITED,,FALSE,FALSE,,FALSE,,,BLACK_SPECIMEN_RUN,BLACK_OR_INHERITED,FORMAT_DOCUMENT_CONTENT,YES,LibreOffice-derived OOXML inspection of hash-verified legacy source; inherited properties remain explicit as such.
HFUT_FMT_DOC,P035,MANUSCRIPT_FORMAT_INSTRUCTION,23,时刻,时刻,,,,宋体;SimSun,INHERITED_OR_UNSET,FALSE,FALSE,AUTO_OR_INHERITED,,FALSE,FALSE,,FALSE,,,BLACK_SPECIMEN_RUN,BLACK_OR_INHERITED,FORMAT_DOCUMENT_CONTENT,YES,LibreOffice-derived OOXML inspection of hash-verified legacy source; inherited properties remain explicit as such.
HFUT_FMT_DOC,P035,MANUSCRIPT_FORMAT_INSTRUCTION,24,感染节点发送信息包的比例。,感染节点发送信息包的比例。,宋体;SimSun,宋体;SimSun,,宋体;SimSun,INHERITED_OR_UNSET,FALSE,FALSE,AUTO_OR_INHERITED,,FALSE,FALSE,,FALSE,,,BLACK_SPECIMEN_RUN,BLACK_OR_INHERITED,FORMAT_DOCUMENT_CONTENT,YES,LibreOffice-derived OOXML inspection of hash-verified legacy source; inherited properties remain explicit as such.
HFUT_FMT_DOC,P035,MANUSCRIPT_FORMAT_INSTRUCTION,25,（,（,,,,,INHERITED_OR_UNSET,FALSE,FALSE,FF0000,,FALSE,FALSE,,FALSE,,,RED_INSTRUCTION_RUN,RED,RED_INSTRUCTIONAL_ANNOTATION,NO,LibreOffice-derived OOXML inspection of hash-verified legacy source; inherited properties remain explicit as such.
HFUT_FMT_DOC,P035,MANUSCRIPT_FORMAT_INSTRUCTION,26,由字母符号表示的变量，应随数学式对其含义进行解释。）,由字母符号表示的变量，应随数学式对其含义进行解释。）,黑体;SimHei,黑体;SimHei,黑体;SimHei,黑体;SimHei,INHERITED_OR_UNSET,FALSE,FALSE,FF0000,,FALSE,FALSE,,FALSE,,,RED_INSTRUCTION_RUN,RED,RED_INSTRUCTIONAL_ANNOTATION,NO,LibreOffice-derived OOXML inspection of hash-verified legacy source; inherited properties remain explicit as such.
HFUT_FMT_DOC,P036,MANUSCRIPT_FORMAT_INSTRUCTION,1,3,3,,,黑体;SimHei,,14.0,TRUE,FALSE,AUTO_OR_INHERITED,,FALSE,FALSE,,FALSE,,,BLACK_SPECIMEN_RUN,BLACK_OR_INHERITED,FORMAT_DOCUMENT_CONTENT,YES,LibreOffice-derived OOXML inspection of hash-verified legacy source; inherited properties remain explicit as such.
HFUT_FMT_DOC,P036,MANUSCRIPT_FORMAT_INSTRUCTION,2,  ,,,,黑体;SimHei,,14.0,TRUE,FALSE,AUTO_OR_INHERITED,,FALSE,FALSE,,TRUE,  ,  ,BLACK_SPECIMEN_RUN,BLACK_OR_INHERITED,FORMAT_DOCUMENT_CONTENT,YES,LibreOffice-derived OOXML inspection of hash-verified legacy source; inherited properties remain explicit as such.
HFUT_FMT_DOC,P036,MANUSCRIPT_FORMAT_INSTRUCTION,3,图表格式要求,图表格式要求,,,黑体;SimHei,,14.0,TRUE,FALSE,AUTO_OR_INHERITED,,FALSE,FALSE,,FALSE,,,BLACK_SPECIMEN_RUN,BLACK_OR_INHERITED,FORMAT_DOCUMENT_CONTENT,YES,LibreOffice-derived OOXML inspection of hash-verified legacy source; inherited properties remain explicit as such.
HFUT_FMT_DOC,P037,MANUSCRIPT_FORMAT_INSTRUCTION,1,3.1,3.1,,,,,INHERITED_OR_UNSET,TRUE,FALSE,AUTO_OR_INHERITED,,FALSE,FALSE,,FALSE,,,BLACK_SPECIMEN_RUN,BLACK_OR_INHERITED,FORMAT_DOCUMENT_CONTENT,YES,LibreOffice-derived OOXML inspection of hash-verified legacy source; inherited properties remain explicit as such.
HFUT_FMT_DOC,P037,MANUSCRIPT_FORMAT_INSTRUCTION,2,  ,,,,,,INHERITED_OR_UNSET,FALSE,FALSE,AUTO_OR_INHERITED,,FALSE,FALSE,,TRUE,  ,  ,BLACK_SPECIMEN_RUN,BLACK_OR_INHERITED,FORMAT_DOCUMENT_CONTENT,YES,LibreOffice-derived OOXML inspection of hash-verified legacy source; inherited properties remain explicit as such.
HFUT_FMT_DOC,P037,MANUSCRIPT_FORMAT_INSTRUCTION,3,插图格式要求,插图格式要求,黑体;SimHei,黑体;SimHei,黑体;SimHei,,INHERITED_OR_UNSET,FALSE,FALSE,AUTO_OR_INHERITED,,FALSE,FALSE,,FALSE,,,BLACK_SPECIMEN_RUN,BLACK_OR_INHERITED,FORMAT_DOCUMENT_CONTENT,YES,LibreOffice-derived OOXML inspection of hash-verified legacy source; inherited properties remain explicit as such.
HFUT_FMT_DOC,P038,MANUSCRIPT_FORMAT_INSTRUCTION,1,本刊插图具体要求参照下载中心里,本刊插图具体要求参照下载中心里,,,,,INHERITED_OR_UNSET,FALSE,FALSE,AUTO_OR_INHERITED,,FALSE,FALSE,,FALSE,,,BLACK_SPECIMEN_RUN,BLACK_OR_INHERITED,FORMAT_DOCUMENT_CONTENT,YES,LibreOffice-derived OOXML inspection of hash-verified legacy source; inherited properties remain explicit as such.
HFUT_FMT_DOC,P038,MANUSCRIPT_FORMAT_INSTRUCTION,2,本刊插图要求及示例,本刊插图要求及示例,,,,,INHERITED_OR_UNSET,TRUE,FALSE,AUTO_OR_INHERITED,,FALSE,FALSE,,FALSE,,,BLACK_SPECIMEN_RUN,BLACK_OR_INHERITED,FORMAT_DOCUMENT_CONTENT,YES,LibreOffice-derived OOXML inspection of hash-verified legacy source; inherited properties remain explicit as such.
HFUT_FMT_DOC,P038,MANUSCRIPT_FORMAT_INSTRUCTION,3,的附件,的附件,,,,,INHERITED_OR_UNSET,FALSE,FALSE,AUTO_OR_INHERITED,,FALSE,FALSE,,FALSE,,,BLACK_SPECIMEN_RUN,BLACK_OR_INHERITED,FORMAT_DOCUMENT_CONTENT,YES,LibreOffice-derived OOXML inspection of hash-verified legacy source; inherited properties remain explicit as such.
HFUT_FMT_DOC,P038,MANUSCRIPT_FORMAT_INSTRUCTION,4,。,。,,,,,INHERITED_OR_UNSET,FALSE,FALSE,AUTO_OR_INHERITED,,FALSE,FALSE,,FALSE,,,BLACK_SPECIMEN_RUN,BLACK_OR_INHERITED,FORMAT_DOCUMENT_CONTENT,YES,LibreOffice-derived OOXML inspection of hash-verified legacy source; inherited properties remain explicit as such.
HFUT_FMT_DOC,P039,MANUSCRIPT_FORMAT_INSTRUCTION,1,附图,附图,,,,,INHERITED_OR_UNSET,FALSE,FALSE,AUTO_OR_INHERITED,,FALSE,FALSE,,FALSE,,,BLACK_SPECIMEN_RUN,BLACK_OR_INHERITED,FORMAT_DOCUMENT_CONTENT,YES,LibreOffice-derived OOXML inspection of hash-verified legacy source; inherited properties remain explicit as such.
HFUT_FMT_DOC,P039,MANUSCRIPT_FORMAT_INSTRUCTION,2,连续编号，,连续编号，,,,方正书宋简体;宋体,,INHERITED_OR_UNSET,FALSE,FALSE,AUTO_OR_INHERITED,,FALSE,FALSE,,FALSE,,,BLACK_SPECIMEN_RUN,BLACK_OR_INHERITED,FORMAT_DOCUMENT_CONTENT,YES,LibreOffice-derived OOXML inspection of hash-verified legacy source; inherited properties remain explicit as such.
HFUT_FMT_DOC,P039,MANUSCRIPT_FORMAT_INSTRUCTION,3,先文后图，,先文后图，,,,,,INHERITED_OR_UNSET,FALSE,FALSE,AUTO_OR_INHERITED,,FALSE,FALSE,,FALSE,,,BLACK_SPECIMEN_RUN,BLACK_OR_INHERITED,FORMAT_DOCUMENT_CONTENT,YES,LibreOffice-derived OOXML inspection of hash-verified legacy source; inherited properties remain explicit as such.
HFUT_FMT_DOC,P039,MANUSCRIPT_FORMAT_INSTRUCTION,4,图中字号为,图中字号为,,,,宋体;SimSun,INHERITED_OR_UNSET,FALSE,FALSE,AUTO_OR_INHERITED,,FALSE,FALSE,,FALSE,,,BLACK_SPECIMEN_RUN,BLACK_OR_INHERITED,FORMAT_DOCUMENT_CONTENT,YES,LibreOffice-derived OOXML inspection of hash-verified legacy source; inherited properties remain explicit as such.
HFUT_FMT_DOC,P039,MANUSCRIPT_FORMAT_INSTRUCTION,5,6,6,,,,,INHERITED_OR_UNSET,FALSE,FALSE,AUTO_OR_INHERITED,,FALSE,FALSE,,FALSE,,,BLACK_SPECIMEN_RUN,BLACK_OR_INHERITED,FORMAT_DOCUMENT_CONTENT,YES,LibreOffice-derived OOXML inspection of hash-verified legacy source; inherited properties remain explicit as such.
HFUT_FMT_DOC,P039,MANUSCRIPT_FORMAT_INSTRUCTION,6,号宋体,号宋体,,,,宋体;SimSun,INHERITED_OR_UNSET,FALSE,FALSE,AUTO_OR_INHERITED,,FALSE,FALSE,,FALSE,,,BLACK_SPECIMEN_RUN,BLACK_OR_INHERITED,FORMAT_DOCUMENT_CONTENT,YES,LibreOffice-derived OOXML inspection of hash-verified legacy source; inherited properties remain explicit as such.
HFUT_FMT_DOC,P039,MANUSCRIPT_FORMAT_INSTRUCTION,7,，,，,,,,,INHERITED_OR_UNSET,FALSE,FALSE,AUTO_OR_INHERITED,,FALSE,FALSE,,FALSE,,,BLACK_SPECIMEN_RUN,BLACK_OR_INHERITED,FORMAT_DOCUMENT_CONTENT,YES,LibreOffice-derived OOXML inspection of hash-verified legacy source; inherited properties remain explicit as such.
HFUT_FMT_DOC,P039,MANUSCRIPT_FORMAT_INSTRUCTION,8,图上、下各空,图上、下各空,,,,,INHERITED_OR_UNSET,FALSE,FALSE,AUTO_OR_INHERITED,,FALSE,FALSE,,FALSE,,,BLACK_SPECIMEN_RUN,BLACK_OR_INHERITED,FORMAT_DOCUMENT_CONTENT,YES,LibreOffice-derived OOXML inspection of hash-verified legacy source; inherited properties remain explicit as such.
HFUT_FMT_DOC,P039,MANUSCRIPT_FORMAT_INSTRUCTION,9,1,1,,,,,INHERITED_OR_UNSET,FALSE,FALSE,AUTO_OR_INHERITED,,FALSE,FALSE,,FALSE,,,BLACK_SPECIMEN_RUN,BLACK_OR_INHERITED,FORMAT_DOCUMENT_CONTENT,YES,LibreOffice-derived OOXML inspection of hash-verified legacy source; inherited properties remain explicit as such.
HFUT_FMT_DOC,P039,MANUSCRIPT_FORMAT_INSTRUCTION,10,行。,行。,,,,,INHERITED_OR_UNSET,FALSE,FALSE,AUTO_OR_INHERITED,,FALSE,FALSE,,FALSE,,,BLACK_SPECIMEN_RUN,BLACK_OR_INHERITED,FORMAT_DOCUMENT_CONTENT,YES,LibreOffice-derived OOXML inspection of hash-verified legacy source; inherited properties remain explicit as such.
HFUT_FMT_DOC,P040,MANUSCRIPT_FORMAT_INSTRUCTION,1,1,1,,,楷体,,INHERITED_OR_UNSET,FALSE,FALSE,AUTO_OR_INHERITED,,FALSE,FALSE,,FALSE,,,BLACK_SPECIMEN_RUN,BLACK_OR_INHERITED,FORMAT_DOCUMENT_CONTENT,YES,LibreOffice-derived OOXML inspection of hash-verified legacy source; inherited properties remain explicit as such.
HFUT_FMT_DOC,P040,MANUSCRIPT_FORMAT_INSTRUCTION,2,）,）,,,楷体,,INHERITED_OR_UNSET,FALSE,FALSE,AUTO_OR_INHERITED,,FALSE,FALSE,,FALSE,,,BLACK_SPECIMEN_RUN,BLACK_OR_INHERITED,FORMAT_DOCUMENT_CONTENT,YES,LibreOffice-derived OOXML inspection of hash-verified legacy source; inherited properties remain explicit as such.
HFUT_FMT_DOC,P040,MANUSCRIPT_FORMAT_INSTRUCTION,3,曲线图,曲线图,,,,,INHERITED_OR_UNSET,FALSE,FALSE,000000,,FALSE,FALSE,,FALSE,,,BLACK_SPECIMEN_RUN,BLACK_OR_INHERITED,FORMAT_DOCUMENT_CONTENT,YES,LibreOffice-derived OOXML inspection of hash-verified legacy source; inherited properties remain explicit as such.
HFUT_FMT_DOC,P040,MANUSCRIPT_FORMAT_INSTRUCTION,4,。,。,,,,,INHERITED_OR_UNSET,FALSE,FALSE,000000,,FALSE,FALSE,,FALSE,,,BLACK_SPECIMEN_RUN,BLACK_OR_INHERITED,FORMAT_DOCUMENT_CONTENT,YES,LibreOffice-derived OOXML inspection of hash-verified legacy source; inherited properties remain explicit as such.
HFUT_FMT_DOC,P040,MANUSCRIPT_FORMAT_INSTRUCTION,5,建议采用,建议采用,,,,,INHERITED_OR_UNSET,FALSE,FALSE,000000,,FALSE,FALSE,,FALSE,,,BLACK_SPECIMEN_RUN,BLACK_OR_INHERITED,FORMAT_DOCUMENT_CONTENT,YES,LibreOffice-derived OOXML inspection of hash-verified legacy source; inherited properties remain explicit as such.
HFUT_FMT_DOC,P040,MANUSCRIPT_FORMAT_INSTRUCTION,6,Origin,Origin,,,,,INHERITED_OR_UNSET,FALSE,FALSE,000000,,FALSE,FALSE,,FALSE,,,BLACK_SPECIMEN_RUN,BLACK_OR_INHERITED,FORMAT_DOCUMENT_CONTENT,YES,LibreOffice-derived OOXML inspection of hash-verified legacy source; inherited properties remain explicit as such.
HFUT_FMT_DOC,P040,MANUSCRIPT_FORMAT_INSTRUCTION,7,软件,软件,,,,,INHERITED_OR_UNSET,FALSE,FALSE,000000,,FALSE,FALSE,,FALSE,,,BLACK_SPECIMEN_RUN,BLACK_OR_INHERITED,FORMAT_DOCUMENT_CONTENT,YES,LibreOffice-derived OOXML inspection of hash-verified legacy source; inherited properties remain explicit as such.
HFUT_FMT_DOC,P040,MANUSCRIPT_FORMAT_INSTRUCTION,8,绘制曲线图，用复制页面功能插入,绘制曲线图，用复制页面功能插入,,,,,INHERITED_OR_UNSET,FALSE,FALSE,000000,,FALSE,FALSE,,FALSE,,,BLACK_SPECIMEN_RUN,BLACK_OR_INHERITED,FORMAT_DOCUMENT_CONTENT,YES,LibreOffice-derived OOXML inspection of hash-verified legacy source; inherited properties remain explicit as such.
HFUT_FMT_DOC,P040,MANUSCRIPT_FORMAT_INSTRUCTION,9,Word,Word,,,,,INHERITED_OR_UNSET,FALSE,FALSE,000000,,FALSE,FALSE,,FALSE,,,BLACK_SPECIMEN_RUN,BLACK_OR_INHERITED,FORMAT_DOCUMENT_CONTENT,YES,LibreOffice-derived OOXML inspection of hash-verified legacy source; inherited properties remain explicit as such.
HFUT_FMT_DOC,P040,MANUSCRIPT_FORMAT_INSTRUCTION,10,中，不能,中，不能,,,,,INHERITED_OR_UNSET,FALSE,FALSE,000000,,FALSE,FALSE,,FALSE,,,BLACK_SPECIMEN_RUN,BLACK_OR_INHERITED,FORMAT_DOCUMENT_CONTENT,YES,LibreOffice-derived OOXML inspection of hash-verified legacy source; inherited properties remain explicit as such.
HFUT_FMT_DOC,P040,MANUSCRIPT_FORMAT_INSTRUCTION,11,截图,截图,,,,,INHERITED_OR_UNSET,FALSE,FALSE,000000,,FALSE,FALSE,,FALSE,,,BLACK_SPECIMEN_RUN,BLACK_OR_INHERITED,FORMAT_DOCUMENT_CONTENT,YES,LibreOffice-derived OOXML inspection of hash-verified legacy source; inherited properties remain explicit as such.
HFUT_FMT_DOC,P040,MANUSCRIPT_FORMAT_INSTRUCTION,12,或生成图片插入。曲线图要去掉底纹，只留曲线、坐标轴、刻度、量与单位。相关曲线图示例如图,或生成图片插入。曲线图要去掉底纹，只留曲线、坐标轴、刻度、量与单位。相关曲线图示例如图,,,,,INHERITED_OR_UNSET,FALSE,FALSE,000000,,FALSE,FALSE,,FALSE,,,BLACK_SPECIMEN_RUN,BLACK_OR_INHERITED,FORMAT_DOCUMENT_CONTENT,YES,LibreOffice-derived OOXML inspection of hash-verified legacy source; inherited properties remain explicit as such.
HFUT_FMT_DOC,P040,MANUSCRIPT_FORMAT_INSTRUCTION,13,1,1,,,,,INHERITED_OR_UNSET,FALSE,FALSE,000000,,FALSE,FALSE,,FALSE,,,BLACK_SPECIMEN_RUN,BLACK_OR_INHERITED,FORMAT_DOCUMENT_CONTENT,YES,LibreOffice-derived OOXML inspection of hash-verified legacy source; inherited properties remain explicit as such.
HFUT_FMT_DOC,P040,MANUSCRIPT_FORMAT_INSTRUCTION,14,所示。,所示。,,,,,INHERITED_OR_UNSET,FALSE,FALSE,000000,,FALSE,FALSE,,FALSE,,,BLACK_SPECIMEN_RUN,BLACK_OR_INHERITED,FORMAT_DOCUMENT_CONTENT,YES,LibreOffice-derived OOXML inspection of hash-verified legacy source; inherited properties remain explicit as such.
HFUT_FMT_DOC,P041,MANUSCRIPT_SPECIMEN_CONTENT,1,图,图,,,黑体;SimHei,,7.5,FALSE,FALSE,AUTO_OR_INHERITED,,FALSE,FALSE,,FALSE,,,BLACK_SPECIMEN_RUN,BLACK_OR_INHERITED,FORMAT_DOCUMENT_CONTENT,YES,LibreOffice-derived OOXML inspection of hash-verified legacy source; inherited properties remain explicit as such.
HFUT_FMT_DOC,P041,MANUSCRIPT_SPECIMEN_CONTENT,2,1 ,1,,,黑体;SimHei,,7.5,FALSE,FALSE,AUTO_OR_INHERITED,,FALSE,FALSE,,TRUE,, ,BLACK_SPECIMEN_RUN,BLACK_OR_INHERITED,FORMAT_DOCUMENT_CONTENT,YES,LibreOffice-derived OOXML inspection of hash-verified legacy source; inherited properties remain explicit as such.
HFUT_FMT_DOC,P041,MANUSCRIPT_SPECIMEN_CONTENT,3,曲线图示例,曲线图示例,,,黑体;SimHei,,7.5,FALSE,FALSE,AUTO_OR_INHERITED,,FALSE,FALSE,,FALSE,,,BLACK_SPECIMEN_RUN,BLACK_OR_INHERITED,FORMAT_DOCUMENT_CONTENT,YES,LibreOffice-derived OOXML inspection of hash-verified legacy source; inherited properties remain explicit as such.
HFUT_FMT_DOC,P041,MANUSCRIPT_SPECIMEN_CONTENT,4,（,（,黑体;SimHei,黑体;SimHei,黑体;SimHei,黑体;SimHei,7.5,TRUE,FALSE,FF0000,,FALSE,FALSE,,FALSE,,,RED_INSTRUCTION_RUN,RED,RED_INSTRUCTIONAL_ANNOTATION,NO,LibreOffice-derived OOXML inspection of hash-verified legacy source; inherited properties remain explicit as such.
HFUT_FMT_DOC,P041,MANUSCRIPT_SPECIMEN_CONTENT,5,六号黑体,六号黑体,黑体;SimHei,黑体;SimHei,黑体;SimHei,黑体;SimHei,7.5,FALSE,FALSE,FF0000,,FALSE,FALSE,,FALSE,,,RED_INSTRUCTION_RUN,RED,RED_INSTRUCTIONAL_ANNOTATION,NO,LibreOffice-derived OOXML inspection of hash-verified legacy source; inherited properties remain explicit as such.
HFUT_FMT_DOC,P041,MANUSCRIPT_SPECIMEN_CONTENT,6,）,）,黑体;SimHei,黑体;SimHei,黑体;SimHei,黑体;SimHei,7.5,TRUE,FALSE,FF0000,,FALSE,FALSE,,FALSE,,,RED_INSTRUCTION_RUN,RED,RED_INSTRUCTIONAL_ANNOTATION,NO,LibreOffice-derived OOXML inspection of hash-verified legacy source; inherited properties remain explicit as such.
HFUT_FMT_DOC,P042,MANUSCRIPT_FORMAT_INSTRUCTION,1,2,2,,,,,INHERITED_OR_UNSET,FALSE,FALSE,000000,,FALSE,FALSE,,FALSE,,,BLACK_SPECIMEN_RUN,BLACK_OR_INHERITED,FORMAT_DOCUMENT_CONTENT,YES,LibreOffice-derived OOXML inspection of hash-verified legacy source; inherited properties remain explicit as such.
HFUT_FMT_DOC,P042,MANUSCRIPT_FORMAT_INSTRUCTION,2,）,）,,,,,INHERITED_OR_UNSET,FALSE,FALSE,000000,,FALSE,FALSE,,FALSE,,,BLACK_SPECIMEN_RUN,BLACK_OR_INHERITED,FORMAT_DOCUMENT_CONTENT,YES,LibreOffice-derived OOXML inspection of hash-verified legacy source; inherited properties remain explicit as such.
HFUT_FMT_DOC,P042,MANUSCRIPT_FORMAT_INSTRUCTION,3,流程图、框图及在图中添加文字的图,流程图、框图及在图中添加文字的图,宋体;SimSun,宋体;SimSun,,宋体;SimSun,INHERITED_OR_UNSET,FALSE,FALSE,AUTO_OR_INHERITED,,FALSE,FALSE,,FALSE,,,BLACK_SPECIMEN_RUN,BLACK_OR_INHERITED,FORMAT_DOCUMENT_CONTENT,YES,LibreOffice-derived OOXML inspection of hash-verified legacy source; inherited properties remain explicit as such.
HFUT_FMT_DOC,P042,MANUSCRIPT_FORMAT_INSTRUCTION,4,。,。,宋体;SimSun,宋体;SimSun,,宋体;SimSun,INHERITED_OR_UNSET,FALSE,FALSE,AUTO_OR_INHERITED,,FALSE,FALSE,,FALSE,,,BLACK_SPECIMEN_RUN,BLACK_OR_INHERITED,FORMAT_DOCUMENT_CONTENT,YES,LibreOffice-derived OOXML inspection of hash-verified legacy source; inherited properties remain explicit as such.
HFUT_FMT_DOC,P043,MANUSCRIPT_FORMAT_INSTRUCTION,1,建议采用,建议采用,,,,,INHERITED_OR_UNSET,FALSE,FALSE,000000,,FALSE,FALSE,,FALSE,,,BLACK_SPECIMEN_RUN,BLACK_OR_INHERITED,FORMAT_DOCUMENT_CONTENT,YES,LibreOffice-derived OOXML inspection of hash-verified legacy source; inherited properties remain explicit as such.
HFUT_FMT_DOC,P043,MANUSCRIPT_FORMAT_INSTRUCTION,2,Visio,Visio,,,,,INHERITED_OR_UNSET,FALSE,FALSE,000000,,FALSE,FALSE,,FALSE,,,BLACK_SPECIMEN_RUN,BLACK_OR_INHERITED,FORMAT_DOCUMENT_CONTENT,YES,LibreOffice-derived OOXML inspection of hash-verified legacy source; inherited properties remain explicit as such.
HFUT_FMT_DOC,P043,MANUSCRIPT_FORMAT_INSTRUCTION,3,做图，复制到,做图，复制到,,,,,INHERITED_OR_UNSET,FALSE,FALSE,000000,,FALSE,FALSE,,FALSE,,,BLACK_SPECIMEN_RUN,BLACK_OR_INHERITED,FORMAT_DOCUMENT_CONTENT,YES,LibreOffice-derived OOXML inspection of hash-verified legacy source; inherited properties remain explicit as such.
HFUT_FMT_DOC,P043,MANUSCRIPT_FORMAT_INSTRUCTION,4,Word,Word,,,,,INHERITED_OR_UNSET,FALSE,FALSE,000000,,FALSE,FALSE,,FALSE,,,BLACK_SPECIMEN_RUN,BLACK_OR_INHERITED,FORMAT_DOCUMENT_CONTENT,YES,LibreOffice-derived OOXML inspection of hash-verified legacy source; inherited properties remain explicit as such.
HFUT_FMT_DOC,P043,MANUSCRIPT_FORMAT_INSTRUCTION,5,中；其他非,中；其他非,,,,,INHERITED_OR_UNSET,FALSE,FALSE,000000,,FALSE,FALSE,,FALSE,,,BLACK_SPECIMEN_RUN,BLACK_OR_INHERITED,FORMAT_DOCUMENT_CONTENT,YES,LibreOffice-derived OOXML inspection of hash-verified legacy source; inherited properties remain explicit as such.
HFUT_FMT_DOC,P043,MANUSCRIPT_FORMAT_INSTRUCTION,6,Origin,Origin,,,,,INHERITED_OR_UNSET,FALSE,FALSE,000000,,FALSE,FALSE,,FALSE,,,BLACK_SPECIMEN_RUN,BLACK_OR_INHERITED,FORMAT_DOCUMENT_CONTENT,YES,LibreOffice-derived OOXML inspection of hash-verified legacy source; inherited properties remain explicit as such.
HFUT_FMT_DOC,P043,MANUSCRIPT_FORMAT_INSTRUCTION,7,格式图片中的文字、数字、字母请在,格式图片中的文字、数字、字母请在,,,,,INHERITED_OR_UNSET,FALSE,FALSE,000000,,FALSE,FALSE,,FALSE,,,BLACK_SPECIMEN_RUN,BLACK_OR_INHERITED,FORMAT_DOCUMENT_CONTENT,YES,LibreOffice-derived OOXML inspection of hash-verified legacy source; inherited properties remain explicit as such.
HFUT_FMT_DOC,P043,MANUSCRIPT_FORMAT_INSTRUCTION,8,Visio,Visio,,,,,INHERITED_OR_UNSET,FALSE,FALSE,000000,,FALSE,FALSE,,FALSE,,,BLACK_SPECIMEN_RUN,BLACK_OR_INHERITED,FORMAT_DOCUMENT_CONTENT,YES,LibreOffice-derived OOXML inspection of hash-verified legacy source; inherited properties remain explicit as such.
HFUT_FMT_DOC,P043,MANUSCRIPT_FORMAT_INSTRUCTION,9,中编辑，复制到,中编辑，复制到,,,,,INHERITED_OR_UNSET,FALSE,FALSE,000000,,FALSE,FALSE,,FALSE,,,BLACK_SPECIMEN_RUN,BLACK_OR_INHERITED,FORMAT_DOCUMENT_CONTENT,YES,LibreOffice-derived OOXML inspection of hash-verified legacy source; inherited properties remain explicit as such.
HFUT_FMT_DOC,P043,MANUSCRIPT_FORMAT_INSTRUCTION,10,Word,Word,,,,,INHERITED_OR_UNSET,FALSE,FALSE,000000,,FALSE,FALSE,,FALSE,,,BLACK_SPECIMEN_RUN,BLACK_OR_INHERITED,FORMAT_DOCUMENT_CONTENT,YES,LibreOffice-derived OOXML inspection of hash-verified legacy source; inherited properties remain explicit as such.
HFUT_FMT_DOC,P043,MANUSCRIPT_FORMAT_INSTRUCTION,11,中。相关框架图示例如图,中。相关框架图示例如图,,,,,INHERITED_OR_UNSET,FALSE,FALSE,000000,,FALSE,FALSE,,FALSE,,,BLACK_SPECIMEN_RUN,BLACK_OR_INHERITED,FORMAT_DOCUMENT_CONTENT,YES,LibreOffice-derived OOXML inspection of hash-verified legacy source; inherited properties remain explicit as such.
HFUT_FMT_DOC,P043,MANUSCRIPT_FORMAT_INSTRUCTION,12,2,2,,,,,INHERITED_OR_UNSET,FALSE,FALSE,000000,,FALSE,FALSE,,FALSE,,,BLACK_SPECIMEN_RUN,BLACK_OR_INHERITED,FORMAT_DOCUMENT_CONTENT,YES,LibreOffice-derived OOXML inspection of hash-verified legacy source; inherited properties remain explicit as such.
HFUT_FMT_DOC,P043,MANUSCRIPT_FORMAT_INSTRUCTION,13,所示。,所示。,,,,,INHERITED_OR_UNSET,FALSE,FALSE,000000,,FALSE,FALSE,,FALSE,,,BLACK_SPECIMEN_RUN,BLACK_OR_INHERITED,FORMAT_DOCUMENT_CONTENT,YES,LibreOffice-derived OOXML inspection of hash-verified legacy source; inherited properties remain explicit as such.
HFUT_FMT_DOC,P044,MANUSCRIPT_SPECIMEN_CONTENT,1,图,图,,,黑体;SimHei,,7.5,FALSE,FALSE,AUTO_OR_INHERITED,,FALSE,FALSE,,FALSE,,,BLACK_SPECIMEN_RUN,BLACK_OR_INHERITED,FORMAT_DOCUMENT_CONTENT,YES,LibreOffice-derived OOXML inspection of hash-verified legacy source; inherited properties remain explicit as such.
HFUT_FMT_DOC,P044,MANUSCRIPT_SPECIMEN_CONTENT,2,2 ,2,,,黑体;SimHei,,7.5,FALSE,FALSE,AUTO_OR_INHERITED,,FALSE,FALSE,,TRUE,, ,BLACK_SPECIMEN_RUN,BLACK_OR_INHERITED,FORMAT_DOCUMENT_CONTENT,YES,LibreOffice-derived OOXML inspection of hash-verified legacy source; inherited properties remain explicit as such.
HFUT_FMT_DOC,P044,MANUSCRIPT_SPECIMEN_CONTENT,3,框架图示例,框架图示例,,,黑体;SimHei,,7.5,FALSE,FALSE,AUTO_OR_INHERITED,,FALSE,FALSE,,FALSE,,,BLACK_SPECIMEN_RUN,BLACK_OR_INHERITED,FORMAT_DOCUMENT_CONTENT,YES,LibreOffice-derived OOXML inspection of hash-verified legacy source; inherited properties remain explicit as such.
HFUT_FMT_DOC,P044,MANUSCRIPT_SPECIMEN_CONTENT,4,（,（,黑体;SimHei,黑体;SimHei,黑体;SimHei,黑体;SimHei,7.5,FALSE,FALSE,FF0000,,FALSE,FALSE,,FALSE,,,RED_INSTRUCTION_RUN,RED,RED_INSTRUCTIONAL_ANNOTATION,NO,LibreOffice-derived OOXML inspection of hash-verified legacy source; inherited properties remain explicit as such.
HFUT_FMT_DOC,P044,MANUSCRIPT_SPECIMEN_CONTENT,5,Visio,Visio,,,黑体;SimHei,,7.5,FALSE,FALSE,FF0000,,FALSE,FALSE,,FALSE,,,RED_INSTRUCTION_RUN,RED,RED_INSTRUCTIONAL_ANNOTATION,NO,LibreOffice-derived OOXML inspection of hash-verified legacy source; inherited properties remain explicit as such.
HFUT_FMT_DOC,P044,MANUSCRIPT_SPECIMEN_CONTENT,6,软件,软件,黑体;SimHei,黑体;SimHei,黑体;SimHei,黑体;SimHei,7.5,FALSE,FALSE,FF0000,,FALSE,FALSE,,FALSE,,,RED_INSTRUCTION_RUN,RED,RED_INSTRUCTIONAL_ANNOTATION,NO,LibreOffice-derived OOXML inspection of hash-verified legacy source; inherited properties remain explicit as such.
HFUT_FMT_DOC,P044,MANUSCRIPT_SPECIMEN_CONTENT,7,绘制,绘制,黑体;SimHei,黑体;SimHei,黑体;SimHei,黑体;SimHei,7.5,FALSE,FALSE,FF0000,,FALSE,FALSE,,FALSE,,,RED_INSTRUCTION_RUN,RED,RED_INSTRUCTIONAL_ANNOTATION,NO,LibreOffice-derived OOXML inspection of hash-verified legacy source; inherited properties remain explicit as such.
HFUT_FMT_DOC,P044,MANUSCRIPT_SPECIMEN_CONTENT,8,，图中字,，图中字,黑体;SimHei,黑体;SimHei,黑体;SimHei,黑体;SimHei,7.5,FALSE,FALSE,FF0000,,FALSE,FALSE,,FALSE,,,RED_INSTRUCTION_RUN,RED,RED_INSTRUCTIONAL_ANNOTATION,NO,LibreOffice-derived OOXML inspection of hash-verified legacy source; inherited properties remain explicit as such.
HFUT_FMT_DOC,P044,MANUSCRIPT_SPECIMEN_CONTENT,9,六号字）,六号字）,黑体;SimHei,黑体;SimHei,黑体;SimHei,黑体;SimHei,7.5,FALSE,FALSE,FF0000,,FALSE,FALSE,,FALSE,,,RED_INSTRUCTION_RUN,RED,RED_INSTRUCTIONAL_ANNOTATION,NO,LibreOffice-derived OOXML inspection of hash-verified legacy source; inherited properties remain explicit as such.
HFUT_FMT_DOC,P045,MANUSCRIPT_FORMAT_INSTRUCTION,1,3.,3.,,,,,INHERITED_OR_UNSET,TRUE,FALSE,AUTO_OR_INHERITED,,FALSE,FALSE,,FALSE,,,BLACK_SPECIMEN_RUN,BLACK_OR_INHERITED,FORMAT_DOCUMENT_CONTENT,YES,LibreOffice-derived OOXML inspection of hash-verified legacy source; inherited properties remain explicit as such.
HFUT_FMT_DOC,P045,MANUSCRIPT_FORMAT_INSTRUCTION,2,2,2,,,,,INHERITED_OR_UNSET,TRUE,FALSE,AUTO_OR_INHERITED,,FALSE,FALSE,,FALSE,,,BLACK_SPECIMEN_RUN,BLACK_OR_INHERITED,FORMAT_DOCUMENT_CONTENT,YES,LibreOffice-derived OOXML inspection of hash-verified legacy source; inherited properties remain explicit as such.
HFUT_FMT_DOC,P045,MANUSCRIPT_FORMAT_INSTRUCTION,3,  ,,,,,,INHERITED_OR_UNSET,FALSE,FALSE,AUTO_OR_INHERITED,,FALSE,FALSE,,TRUE,  ,  ,BLACK_SPECIMEN_RUN,BLACK_OR_INHERITED,FORMAT_DOCUMENT_CONTENT,YES,LibreOffice-derived OOXML inspection of hash-verified legacy source; inherited properties remain explicit as such.
HFUT_FMT_DOC,P045,MANUSCRIPT_FORMAT_INSTRUCTION,4,表格格式要求,表格格式要求,黑体;SimHei,黑体;SimHei,黑体;SimHei,,INHERITED_OR_UNSET,FALSE,FALSE,AUTO_OR_INHERITED,,FALSE,FALSE,,FALSE,,,BLACK_SPECIMEN_RUN,BLACK_OR_INHERITED,FORMAT_DOCUMENT_CONTENT,YES,LibreOffice-derived OOXML inspection of hash-verified legacy source; inherited properties remain explicit as such.
HFUT_FMT_DOC,P046,MANUSCRIPT_FORMAT_INSTRUCTION,1,本刊表格具体要求参照下载中心里,本刊表格具体要求参照下载中心里,,,,,INHERITED_OR_UNSET,FALSE,FALSE,AUTO_OR_INHERITED,,FALSE,FALSE,,FALSE,,,BLACK_SPECIMEN_RUN,BLACK_OR_INHERITED,FORMAT_DOCUMENT_CONTENT,YES,LibreOffice-derived OOXML inspection of hash-verified legacy source; inherited properties remain explicit as such.
HFUT_FMT_DOC,P046,MANUSCRIPT_FORMAT_INSTRUCTION,2,本刊表格要求及示例,本刊表格要求及示例,,,,,INHERITED_OR_UNSET,TRUE,FALSE,AUTO_OR_INHERITED,,FALSE,FALSE,,FALSE,,,BLACK_SPECIMEN_RUN,BLACK_OR_INHERITED,FORMAT_DOCUMENT_CONTENT,YES,LibreOffice-derived OOXML inspection of hash-verified legacy source; inherited properties remain explicit as such.
HFUT_FMT_DOC,P046,MANUSCRIPT_FORMAT_INSTRUCTION,3,的附件,的附件,,,,,INHERITED_OR_UNSET,FALSE,FALSE,AUTO_OR_INHERITED,,FALSE,FALSE,,FALSE,,,BLACK_SPECIMEN_RUN,BLACK_OR_INHERITED,FORMAT_DOCUMENT_CONTENT,YES,LibreOffice-derived OOXML inspection of hash-verified legacy source; inherited properties remain explicit as such.
HFUT_FMT_DOC,P046,MANUSCRIPT_FORMAT_INSTRUCTION,4,。,。,,,,,INHERITED_OR_UNSET,FALSE,FALSE,AUTO_OR_INHERITED,,FALSE,FALSE,,FALSE,,,BLACK_SPECIMEN_RUN,BLACK_OR_INHERITED,FORMAT_DOCUMENT_CONTENT,YES,LibreOffice-derived OOXML inspection of hash-verified legacy source; inherited properties remain explicit as such.
HFUT_FMT_DOC,P047,MANUSCRIPT_SPECIMEN_CONTENT,1,表格一律采用三线表。文表呼应，先文后表,表格一律采用三线表。文表呼应，先文后表,,,,,INHERITED_OR_UNSET,FALSE,FALSE,000000,,FALSE,FALSE,,FALSE,,,BLACK_SPECIMEN_RUN,BLACK_OR_INHERITED,FORMAT_DOCUMENT_CONTENT,YES,LibreOffice-derived OOXML inspection of hash-verified legacy source; inherited properties remain explicit as such.
HFUT_FMT_DOC,P047,MANUSCRIPT_SPECIMEN_CONTENT,2,。,。,,,方正书宋简体;宋体,,INHERITED_OR_UNSET,FALSE,FALSE,000000,,FALSE,FALSE,,FALSE,,,BLACK_SPECIMEN_RUN,BLACK_OR_INHERITED,FORMAT_DOCUMENT_CONTENT,YES,LibreOffice-derived OOXML inspection of hash-verified legacy source; inherited properties remain explicit as such.
HFUT_FMT_DOC,P047,MANUSCRIPT_SPECIMEN_CONTENT,3,表格示例,表格示例,,,,,INHERITED_OR_UNSET,FALSE,FALSE,000000,,FALSE,FALSE,,FALSE,,,BLACK_SPECIMEN_RUN,BLACK_OR_INHERITED,FORMAT_DOCUMENT_CONTENT,YES,LibreOffice-derived OOXML inspection of hash-verified legacy source; inherited properties remain explicit as such.
HFUT_FMT_DOC,P047,MANUSCRIPT_SPECIMEN_CONTENT,4,见表,见表,,,,,INHERITED_OR_UNSET,FALSE,FALSE,000000,,FALSE,FALSE,,FALSE,,,BLACK_SPECIMEN_RUN,BLACK_OR_INHERITED,FORMAT_DOCUMENT_CONTENT,YES,LibreOffice-derived OOXML inspection of hash-verified legacy source; inherited properties remain explicit as such.
HFUT_FMT_DOC,P047,MANUSCRIPT_SPECIMEN_CONTENT,5,1,1,,,,,INHERITED_OR_UNSET,FALSE,FALSE,000000,,FALSE,FALSE,,FALSE,,,BLACK_SPECIMEN_RUN,BLACK_OR_INHERITED,FORMAT_DOCUMENT_CONTENT,YES,LibreOffice-derived OOXML inspection of hash-verified legacy source; inherited properties remain explicit as such.
HFUT_FMT_DOC,P047,MANUSCRIPT_SPECIMEN_CONTENT,6,、表,、表,,,,,INHERITED_OR_UNSET,FALSE,FALSE,000000,,FALSE,FALSE,,FALSE,,,BLACK_SPECIMEN_RUN,BLACK_OR_INHERITED,FORMAT_DOCUMENT_CONTENT,YES,LibreOffice-derived OOXML inspection of hash-verified legacy source; inherited properties remain explicit as such.
HFUT_FMT_DOC,P047,MANUSCRIPT_SPECIMEN_CONTENT,7,2,2,,,,,INHERITED_OR_UNSET,FALSE,FALSE,000000,,FALSE,FALSE,,FALSE,,,BLACK_SPECIMEN_RUN,BLACK_OR_INHERITED,FORMAT_DOCUMENT_CONTENT,YES,LibreOffice-derived OOXML inspection of hash-verified legacy source; inherited properties remain explicit as such.
HFUT_FMT_DOC,P047,MANUSCRIPT_SPECIMEN_CONTENT,8,所列,所列,,,,,INHERITED_OR_UNSET,FALSE,FALSE,000000,,FALSE,FALSE,,FALSE,,,BLACK_SPECIMEN_RUN,BLACK_OR_INHERITED,FORMAT_DOCUMENT_CONTENT,YES,LibreOffice-derived OOXML inspection of hash-verified legacy source; inherited properties remain explicit as such.
HFUT_FMT_DOC,P047,MANUSCRIPT_SPECIMEN_CONTENT,9,。,。,,,,,INHERITED_OR_UNSET,FALSE,FALSE,000000,,FALSE,FALSE,,FALSE,,,BLACK_SPECIMEN_RUN,BLACK_OR_INHERITED,FORMAT_DOCUMENT_CONTENT,YES,LibreOffice-derived OOXML inspection of hash-verified legacy source; inherited properties remain explicit as such.
HFUT_FMT_DOC,P048,MANUSCRIPT_SPECIMEN_CONTENT,1,表,表,黑体;SimHei,黑体;SimHei,方正书宋简体;宋体,黑体;SimHei,7.5,FALSE,FALSE,000000,,FALSE,FALSE,,FALSE,,,BLACK_SPECIMEN_RUN,BLACK_OR_INHERITED,FORMAT_DOCUMENT_CONTENT,YES,LibreOffice-derived OOXML inspection of hash-verified legacy source; inherited properties remain explicit as such.
HFUT_FMT_DOC,P048,MANUSCRIPT_SPECIMEN_CONTENT,2,1,1,黑体;SimHei,黑体;SimHei,方正书宋简体;宋体,黑体;SimHei,7.5,FALSE,FALSE,000000,,FALSE,FALSE,,FALSE,,,BLACK_SPECIMEN_RUN,BLACK_OR_INHERITED,FORMAT_DOCUMENT_CONTENT,YES,LibreOffice-derived OOXML inspection of hash-verified legacy source; inherited properties remain explicit as such.
HFUT_FMT_DOC,P048,MANUSCRIPT_SPECIMEN_CONTENT,3, ,,黑体;SimHei,黑体;SimHei,方正书宋简体;宋体,黑体;SimHei,7.5,FALSE,FALSE,000000,,FALSE,FALSE,,TRUE, , ,BLACK_SPECIMEN_RUN,BLACK_OR_INHERITED,FORMAT_DOCUMENT_CONTENT,YES,LibreOffice-derived OOXML inspection of hash-verified legacy source; inherited properties remain explicit as such.
HFUT_FMT_DOC,P048,MANUSCRIPT_SPECIMEN_CONTENT,4,中文表名,中文表名,黑体;SimHei,黑体;SimHei,方正书宋简体;宋体,黑体;SimHei,7.5,FALSE,FALSE,000000,,FALSE,FALSE,,FALSE,,,BLACK_SPECIMEN_RUN,BLACK_OR_INHERITED,FORMAT_DOCUMENT_CONTENT,YES,LibreOffice-derived OOXML inspection of hash-verified legacy source; inherited properties remain explicit as such.
HFUT_FMT_DOC,P048,MANUSCRIPT_SPECIMEN_CONTENT,5,（六号,（六号,,,方正书宋简体;宋体,,7.5,FALSE,FALSE,000000,,FALSE,FALSE,,FALSE,,,BLACK_SPECIMEN_RUN,BLACK_OR_INHERITED,FORMAT_DOCUMENT_CONTENT,YES,LibreOffice-derived OOXML inspection of hash-verified legacy source; inherited properties remain explicit as such.
HFUT_FMT_DOC,P048,MANUSCRIPT_SPECIMEN_CONTENT,6,黑体,黑体,,,方正书宋简体;宋体,,7.5,FALSE,FALSE,000000,,FALSE,FALSE,,FALSE,,,BLACK_SPECIMEN_RUN,BLACK_OR_INHERITED,FORMAT_DOCUMENT_CONTENT,YES,LibreOffice-derived OOXML inspection of hash-verified legacy source; inherited properties remain explicit as such.
HFUT_FMT_DOC,P048,MANUSCRIPT_SPECIMEN_CONTENT,7,）,）,,,方正书宋简体;宋体,,7.5,FALSE,FALSE,000000,,FALSE,FALSE,,FALSE,,,BLACK_SPECIMEN_RUN,BLACK_OR_INHERITED,FORMAT_DOCUMENT_CONTENT,YES,LibreOffice-derived OOXML inspection of hash-verified legacy source; inherited properties remain explicit as such.
HFUT_FMT_DOC,P049,MANUSCRIPT_FORMAT_INSTRUCTION,1, ,,,,黑体;SimHei,,7.5,TRUE,FALSE,AUTO_OR_INHERITED,,FALSE,FALSE,,TRUE, , ,BLACK_SPECIMEN_RUN,BLACK_OR_INHERITED,FORMAT_DOCUMENT_CONTENT,YES,LibreOffice-derived OOXML inspection of hash-verified legacy source; inherited properties remain explicit as such.
HFUT_FMT_DOC,P049,MANUSCRIPT_FORMAT_INSTRUCTION,2,    ,,,,黑体;SimHei,,7.5,TRUE,FALSE,AUTO_OR_INHERITED,,FALSE,FALSE,,TRUE,    ,    ,BLACK_SPECIMEN_RUN,BLACK_OR_INHERITED,FORMAT_DOCUMENT_CONTENT,YES,LibreOffice-derived OOXML inspection of hash-verified legacy source; inherited properties remain explicit as such.
HFUT_FMT_DOC,P049,MANUSCRIPT_FORMAT_INSTRUCTION,3,表,表,,,黑体;SimHei,,7.5,TRUE,FALSE,AUTO_OR_INHERITED,,FALSE,FALSE,,FALSE,,,BLACK_SPECIMEN_RUN,BLACK_OR_INHERITED,FORMAT_DOCUMENT_CONTENT,YES,LibreOffice-derived OOXML inspection of hash-verified legacy source; inherited properties remain explicit as such.
HFUT_FMT_DOC,P049,MANUSCRIPT_FORMAT_INSTRUCTION,4,2  B,2 B,,,黑体;SimHei,,7.5,TRUE,FALSE,AUTO_OR_INHERITED,,FALSE,FALSE,,FALSE,,,BLACK_SPECIMEN_RUN,BLACK_OR_INHERITED,FORMAT_DOCUMENT_CONTENT,YES,LibreOffice-derived OOXML inspection of hash-verified legacy source; inherited properties remain explicit as such.
HFUT_FMT_DOC,P049,MANUSCRIPT_FORMAT_INSTRUCTION,5,结构,结构,,,黑体;SimHei,,7.5,TRUE,FALSE,AUTO_OR_INHERITED,,FALSE,FALSE,,FALSE,,,BLACK_SPECIMEN_RUN,BLACK_OR_INHERITED,FORMAT_DOCUMENT_CONTENT,YES,LibreOffice-derived OOXML inspection of hash-verified legacy source; inherited properties remain explicit as such.
HFUT_FMT_DOC,P049,MANUSCRIPT_FORMAT_INSTRUCTION,6,2,2,,,黑体;SimHei,,7.5,TRUE,FALSE,AUTO_OR_INHERITED,,FALSE,FALSE,,FALSE,,,BLACK_SPECIMEN_RUN,BLACK_OR_INHERITED,FORMAT_DOCUMENT_CONTENT,YES,LibreOffice-derived OOXML inspection of hash-verified legacy source; inherited properties remain explicit as such.
HFUT_FMT_DOC,P049,MANUSCRIPT_FORMAT_INSTRUCTION,7,种拆解实验数据,种拆解实验数据,,,黑体;SimHei,,7.5,TRUE,FALSE,AUTO_OR_INHERITED,,FALSE,FALSE,,FALSE,,,BLACK_SPECIMEN_RUN,BLACK_OR_INHERITED,FORMAT_DOCUMENT_CONTENT,YES,LibreOffice-derived OOXML inspection of hash-verified legacy source; inherited properties remain explicit as such.
HFUT_FMT_DOC,P049,MANUSCRIPT_FORMAT_INSTRUCTION,8,    ,,,,黑体;SimHei,,7.5,FALSE,FALSE,AUTO_OR_INHERITED,,FALSE,FALSE,,TRUE,    ,    ,BLACK_SPECIMEN_RUN,BLACK_OR_INHERITED,FORMAT_DOCUMENT_CONTENT,YES,LibreOffice-derived OOXML inspection of hash-verified legacy source; inherited properties remain explicit as such.
HFUT_FMT_DOC,P049,MANUSCRIPT_FORMAT_INSTRUCTION,9,   ,,,,黑体;SimHei,,INHERITED_OR_UNSET,FALSE,FALSE,AUTO_OR_INHERITED,,FALSE,FALSE,,TRUE,   ,   ,BLACK_SPECIMEN_RUN,BLACK_OR_INHERITED,FORMAT_DOCUMENT_CONTENT,YES,LibreOffice-derived OOXML inspection of hash-verified legacy source; inherited properties remain explicit as such.
HFUT_FMT_DOC,P049,MANUSCRIPT_FORMAT_INSTRUCTION,10,单位：,单位：,,,,,INHERITED_OR_UNSET,FALSE,FALSE,AUTO_OR_INHERITED,,FALSE,FALSE,,FALSE,,,BLACK_SPECIMEN_RUN,BLACK_OR_INHERITED,FORMAT_DOCUMENT_CONTENT,YES,LibreOffice-derived OOXML inspection of hash-verified legacy source; inherited properties remain explicit as such.
HFUT_FMT_DOC,P049,MANUSCRIPT_FORMAT_INSTRUCTION,11,min,min,,,,,INHERITED_OR_UNSET,FALSE,FALSE,AUTO_OR_INHERITED,,FALSE,FALSE,,FALSE,,,BLACK_SPECIMEN_RUN,BLACK_OR_INHERITED,FORMAT_DOCUMENT_CONTENT,YES,LibreOffice-derived OOXML inspection of hash-verified legacy source; inherited properties remain explicit as such.
HFUT_FMT_DOC,P050,MANUSCRIPT_FORMAT_INSTRUCTION,1,4  ,4,,,黑体;SimHei,,14.0,TRUE,FALSE,AUTO_OR_INHERITED,,FALSE,FALSE,,TRUE,,  ,BLACK_SPECIMEN_RUN,BLACK_OR_INHERITED,FORMAT_DOCUMENT_CONTENT,YES,LibreOffice-derived OOXML inspection of hash-verified legacy source; inherited properties remain explicit as such.
HFUT_FMT_DOC,P050,MANUSCRIPT_FORMAT_INSTRUCTION,2,结,结,,,黑体;SimHei,,14.0,TRUE,FALSE,AUTO_OR_INHERITED,,FALSE,FALSE,,FALSE,,,BLACK_SPECIMEN_RUN,BLACK_OR_INHERITED,FORMAT_DOCUMENT_CONTENT,YES,LibreOffice-derived OOXML inspection of hash-verified legacy source; inherited properties remain explicit as such.
HFUT_FMT_DOC,P050,MANUSCRIPT_FORMAT_INSTRUCTION,3,  ,,,,Times New Roman,,14.0,TRUE,FALSE,AUTO_OR_INHERITED,,FALSE,FALSE,,TRUE,  ,  ,BLACK_SPECIMEN_RUN,BLACK_OR_INHERITED,FORMAT_DOCUMENT_CONTENT,YES,LibreOffice-derived OOXML inspection of hash-verified legacy source; inherited properties remain explicit as such.
HFUT_FMT_DOC,P050,MANUSCRIPT_FORMAT_INSTRUCTION,4,论,论,,,黑体;SimHei,,14.0,TRUE,FALSE,AUTO_OR_INHERITED,,FALSE,FALSE,,FALSE,,,BLACK_SPECIMEN_RUN,BLACK_OR_INHERITED,FORMAT_DOCUMENT_CONTENT,YES,LibreOffice-derived OOXML inspection of hash-verified legacy source; inherited properties remain explicit as such.
HFUT_FMT_DOC,P051,MANUSCRIPT_FORMAT_INSTRUCTION,1,希望作者尽量满足排版格式要求。作者高质量的论文编排，会提高编辑部的工作效率，减少出错率，保证文章按时、正确地出版。,希望作者尽量满足排版格式要求。作者高质量的论文编排，会提高编辑部的工作效率，减少出错率，保证文章按时、正确地出版。,,,,,INHERITED_OR_UNSET,FALSE,FALSE,AUTO_OR_INHERITED,,FALSE,FALSE,,FALSE,,,BLACK_SPECIMEN_RUN,BLACK_OR_INHERITED,FORMAT_DOCUMENT_CONTENT,YES,LibreOffice-derived OOXML inspection of hash-verified legacy source; inherited properties remain explicit as such.
HFUT_FMT_DOC,P052,MANUSCRIPT_FORMAT_INSTRUCTION,1,[,[,黑体;SimHei,黑体;SimHei,黑体;SimHei,黑体;SimHei,INHERITED_OR_UNSET,FALSE,FALSE,AUTO_OR_INHERITED,,FALSE,FALSE,,FALSE,,,BLACK_SPECIMEN_RUN,BLACK_OR_INHERITED,FORMAT_DOCUMENT_CONTENT,YES,LibreOffice-derived OOXML inspection of hash-verified legacy source; inherited properties remain explicit as such.
HFUT_FMT_DOC,P052,MANUSCRIPT_FORMAT_INSTRUCTION,2,参 考 文 献,参 考 文 献,黑体;SimHei,黑体;SimHei,黑体;SimHei,黑体;SimHei,INHERITED_OR_UNSET,TRUE,FALSE,AUTO_OR_INHERITED,,FALSE,FALSE,,FALSE,,,BLACK_SPECIMEN_RUN,BLACK_OR_INHERITED,FORMAT_DOCUMENT_CONTENT,YES,LibreOffice-derived OOXML inspection of hash-verified legacy source; inherited properties remain explicit as such.
HFUT_FMT_DOC,P052,MANUSCRIPT_FORMAT_INSTRUCTION,3,],],黑体;SimHei,黑体;SimHei,黑体;SimHei,黑体;SimHei,INHERITED_OR_UNSET,TRUE,FALSE,AUTO_OR_INHERITED,,FALSE,FALSE,,FALSE,,,BLACK_SPECIMEN_RUN,BLACK_OR_INHERITED,FORMAT_DOCUMENT_CONTENT,YES,LibreOffice-derived OOXML inspection of hash-verified legacy source; inherited properties remain explicit as such.
HFUT_FMT_DOC,P053,MANUSCRIPT_FORMAT_INSTRUCTION,1,期刊,期刊,,,,,7.5,TRUE,FALSE,FF0000,,FALSE,FALSE,,FALSE,,,RED_INSTRUCTION_RUN,RED,RED_INSTRUCTIONAL_ANNOTATION,NO,LibreOffice-derived OOXML inspection of hash-verified legacy source; inherited properties remain explicit as such.
HFUT_FMT_DOC,P053,MANUSCRIPT_FORMAT_INSTRUCTION,2,: [,: [,,,,,7.5,TRUE,FALSE,FF0000,,FALSE,FALSE,,FALSE,,,RED_INSTRUCTION_RUN,RED,RED_INSTRUCTIONAL_ANNOTATION,NO,LibreOffice-derived OOXML inspection of hash-verified legacy source; inherited properties remain explicit as such.
HFUT_FMT_DOC,P053,MANUSCRIPT_FORMAT_INSTRUCTION,3,序号,序号,,,,,7.5,TRUE,FALSE,FF0000,,FALSE,FALSE,,FALSE,,,RED_INSTRUCTION_RUN,RED,RED_INSTRUCTIONAL_ANNOTATION,NO,LibreOffice-derived OOXML inspection of hash-verified legacy source; inherited properties remain explicit as such.
HFUT_FMT_DOC,P053,MANUSCRIPT_FORMAT_INSTRUCTION,4,] ,],,,,,7.5,TRUE,FALSE,FF0000,,FALSE,FALSE,,TRUE,, ,RED_INSTRUCTION_RUN,RED,RED_INSTRUCTIONAL_ANNOTATION,NO,LibreOffice-derived OOXML inspection of hash-verified legacy source; inherited properties remain explicit as such.
HFUT_FMT_DOC,P053,MANUSCRIPT_FORMAT_INSTRUCTION,5,作者（英文期刊作者姓前名后,作者（英文期刊作者姓前名后,,,,,7.5,TRUE,FALSE,FF0000,,FALSE,FALSE,,FALSE,,,RED_INSTRUCTION_RUN,RED,RED_INSTRUCTIONAL_ANNOTATION,NO,LibreOffice-derived OOXML inspection of hash-verified legacy source; inherited properties remain explicit as such.
HFUT_FMT_DOC,P053,MANUSCRIPT_FORMAT_INSTRUCTION,6,",",",",,,,,7.5,TRUE,FALSE,FF0000,,FALSE,FALSE,,FALSE,,,RED_INSTRUCTION_RUN,RED,RED_INSTRUCTIONAL_ANNOTATION,NO,LibreOffice-derived OOXML inspection of hash-verified legacy source; inherited properties remain explicit as such.
HFUT_FMT_DOC,P053,MANUSCRIPT_FORMAT_INSTRUCTION,7, ,,,,,,7.5,FALSE,FALSE,AUTO_OR_INHERITED,,FALSE,FALSE,,TRUE, , ,BLACK_SPECIMEN_RUN,BLACK_OR_INHERITED,FORMAT_DOCUMENT_CONTENT,YES,LibreOffice-derived OOXML inspection of hash-verified legacy source; inherited properties remain explicit as such.
HFUT_FMT_DOC,P053,MANUSCRIPT_FORMAT_INSTRUCTION,8,姓应全部著录，首字母应大写，名可缩写为首字母；用汉语拼音著录个人责任者，名宜用全称）,姓应全部著录，首字母应大写，名可缩写为首字母；用汉语拼音著录个人责任者，名宜用全称）,,,,,7.5,TRUE,FALSE,FF0000,,FALSE,FALSE,,FALSE,,,RED_INSTRUCTION_RUN,RED,RED_INSTRUCTIONAL_ANNOTATION,NO,LibreOffice-derived OOXML inspection of hash-verified legacy source; inherited properties remain explicit as such.
HFUT_FMT_DOC,P053,MANUSCRIPT_FORMAT_INSTRUCTION,9,.,.,,,,,7.5,TRUE,FALSE,FF0000,,FALSE,FALSE,,FALSE,,,RED_INSTRUCTION_RUN,RED,RED_INSTRUCTIONAL_ANNOTATION,NO,LibreOffice-derived OOXML inspection of hash-verified legacy source; inherited properties remain explicit as such.
HFUT_FMT_DOC,P053,MANUSCRIPT_FORMAT_INSTRUCTION,10,题名,题名,,,,,7.5,TRUE,FALSE,FF0000,,FALSE,FALSE,,FALSE,,,RED_INSTRUCTION_RUN,RED,RED_INSTRUCTIONAL_ANNOTATION,NO,LibreOffice-derived OOXML inspection of hash-verified legacy source; inherited properties remain explicit as such.
HFUT_FMT_DOC,P053,MANUSCRIPT_FORMAT_INSTRUCTION,11,[J].,[J].,,,,,7.5,TRUE,FALSE,FF0000,,FALSE,FALSE,,FALSE,,,RED_INSTRUCTION_RUN,RED,RED_INSTRUCTIONAL_ANNOTATION,NO,LibreOffice-derived OOXML inspection of hash-verified legacy source; inherited properties remain explicit as such.
HFUT_FMT_DOC,P053,MANUSCRIPT_FORMAT_INSTRUCTION,12,刊名（外文刊名尽量不用缩写,刊名（外文刊名尽量不用缩写,,,,,7.5,TRUE,FALSE,FF0000,,FALSE,FALSE,,FALSE,,,RED_INSTRUCTION_RUN,RED,RED_INSTRUCTIONAL_ANNOTATION,NO,LibreOffice-derived OOXML inspection of hash-verified legacy source; inherited properties remain explicit as such.
HFUT_FMT_DOC,P053,MANUSCRIPT_FORMAT_INSTRUCTION,13,", ",",",,,,,7.5,TRUE,FALSE,FF0000,,FALSE,FALSE,,TRUE,, ,RED_INSTRUCTION_RUN,RED,RED_INSTRUCTIONAL_ANNOTATION,NO,LibreOffice-derived OOXML inspection of hash-verified legacy source; inherited properties remain explicit as such.
HFUT_FMT_DOC,P053,MANUSCRIPT_FORMAT_INSTRUCTION,14,全文统一），出版年，卷,全文统一），出版年，卷,,,,,7.5,TRUE,FALSE,FF0000,,FALSE,FALSE,,FALSE,,,RED_INSTRUCTION_RUN,RED,RED_INSTRUCTIONAL_ANNOTATION,NO,LibreOffice-derived OOXML inspection of hash-verified legacy source; inherited properties remain explicit as such.
HFUT_FMT_DOC,P053,MANUSCRIPT_FORMAT_INSTRUCTION,15,(,(,,,,,7.5,TRUE,FALSE,FF0000,,FALSE,FALSE,,FALSE,,,RED_INSTRUCTION_RUN,RED,RED_INSTRUCTIONAL_ANNOTATION,NO,LibreOffice-derived OOXML inspection of hash-verified legacy source; inherited properties remain explicit as such.
HFUT_FMT_DOC,P053,MANUSCRIPT_FORMAT_INSTRUCTION,16,期,期,,,,,7.5,TRUE,FALSE,FF0000,,FALSE,FALSE,,FALSE,,,RED_INSTRUCTION_RUN,RED,RED_INSTRUCTIONAL_ANNOTATION,NO,LibreOffice-derived OOXML inspection of hash-verified legacy source; inherited properties remain explicit as such.
HFUT_FMT_DOC,P053,MANUSCRIPT_FORMAT_INSTRUCTION,17,):,):,,,,,7.5,TRUE,FALSE,FF0000,,FALSE,FALSE,,FALSE,,,RED_INSTRUCTION_RUN,RED,RED_INSTRUCTIONAL_ANNOTATION,NO,LibreOffice-derived OOXML inspection of hash-verified legacy source; inherited properties remain explicit as such.
HFUT_FMT_DOC,P053,MANUSCRIPT_FORMAT_INSTRUCTION,18,起止页码（或文章编号）,起止页码（或文章编号）,,,,,7.5,TRUE,FALSE,FF0000,,FALSE,FALSE,,FALSE,,,RED_INSTRUCTION_RUN,RED,RED_INSTRUCTIONAL_ANNOTATION,NO,LibreOffice-derived OOXML inspection of hash-verified legacy source; inherited properties remain explicit as such.
HFUT_FMT_DOC,P053,MANUSCRIPT_FORMAT_INSTRUCTION,19,.,.,,,,,7.5,TRUE,FALSE,FF0000,,FALSE,FALSE,,FALSE,,,RED_INSTRUCTION_RUN,RED,RED_INSTRUCTIONAL_ANNOTATION,NO,LibreOffice-derived OOXML inspection of hash-verified legacy source; inherited properties remain explicit as such.
HFUT_FMT_DOC,P054,MANUSCRIPT_FORMAT_INSTRUCTION,1,[1]  ,[1],,,方正书宋简体;宋体,,7.5,FALSE,FALSE,AUTO_OR_INHERITED,,FALSE,FALSE,,TRUE,,  ,BLACK_SPECIMEN_RUN,BLACK_OR_INHERITED,FORMAT_DOCUMENT_CONTENT,YES,LibreOffice-derived OOXML inspection of hash-verified legacy source; inherited properties remain explicit as such.
HFUT_FMT_DOC,P054,MANUSCRIPT_FORMAT_INSTRUCTION,2,俞欣,俞欣,,,,宋体;SimSun,7.5,FALSE,FALSE,AUTO_OR_INHERITED,,FALSE,FALSE,,FALSE,,,BLACK_SPECIMEN_RUN,BLACK_OR_INHERITED,FORMAT_DOCUMENT_CONTENT,YES,LibreOffice-derived OOXML inspection of hash-verified legacy source; inherited properties remain explicit as such.
HFUT_FMT_DOC,P054,MANUSCRIPT_FORMAT_INSTRUCTION,3,",",",",,,,,7.5,FALSE,FALSE,212121,,FALSE,FALSE,,FALSE,,,BLACK_SPECIMEN_RUN,BLACK_OR_INHERITED,FORMAT_DOCUMENT_CONTENT,YES,LibreOffice-derived OOXML inspection of hash-verified legacy source; inherited properties remain explicit as such.
HFUT_FMT_DOC,P054,MANUSCRIPT_FORMAT_INSTRUCTION,4,刘晓平,刘晓平,,,,宋体;SimSun,7.5,FALSE,FALSE,AUTO_OR_INHERITED,,FALSE,FALSE,,FALSE,,,BLACK_SPECIMEN_RUN,BLACK_OR_INHERITED,FORMAT_DOCUMENT_CONTENT,YES,LibreOffice-derived OOXML inspection of hash-verified legacy source; inherited properties remain explicit as such.
HFUT_FMT_DOC,P054,MANUSCRIPT_FORMAT_INSTRUCTION,5,",",",",,,,,7.5,FALSE,FALSE,212121,,FALSE,FALSE,,FALSE,,,BLACK_SPECIMEN_RUN,BLACK_OR_INHERITED,FORMAT_DOCUMENT_CONTENT,YES,LibreOffice-derived OOXML inspection of hash-verified legacy source; inherited properties remain explicit as such.
HFUT_FMT_DOC,P054,MANUSCRIPT_FORMAT_INSTRUCTION,6,张光伟,张光伟,,,,宋体;SimSun,7.5,FALSE,FALSE,AUTO_OR_INHERITED,,FALSE,FALSE,,FALSE,,,BLACK_SPECIMEN_RUN,BLACK_OR_INHERITED,FORMAT_DOCUMENT_CONTENT,YES,LibreOffice-derived OOXML inspection of hash-verified legacy source; inherited properties remain explicit as such.
HFUT_FMT_DOC,P054,MANUSCRIPT_FORMAT_INSTRUCTION,7,",",",",,,,,7.5,FALSE,FALSE,212121,,FALSE,FALSE,,FALSE,,,BLACK_SPECIMEN_RUN,BLACK_OR_INHERITED,FORMAT_DOCUMENT_CONTENT,YES,LibreOffice-derived OOXML inspection of hash-verified legacy source; inherited properties remain explicit as such.
HFUT_FMT_DOC,P054,MANUSCRIPT_FORMAT_INSTRUCTION,8,等,等,,,,宋体;SimSun,7.5,FALSE,FALSE,AUTO_OR_INHERITED,,FALSE,FALSE,,FALSE,,,BLACK_SPECIMEN_RUN,BLACK_OR_INHERITED,FORMAT_DOCUMENT_CONTENT,YES,LibreOffice-derived OOXML inspection of hash-verified legacy source; inherited properties remain explicit as such.
HFUT_FMT_DOC,P054,MANUSCRIPT_FORMAT_INSTRUCTION,9,.,.,,,,,7.5,FALSE,FALSE,AUTO_OR_INHERITED,,FALSE,FALSE,,FALSE,,,BLACK_SPECIMEN_RUN,BLACK_OR_INHERITED,FORMAT_DOCUMENT_CONTENT,YES,LibreOffice-derived OOXML inspection of hash-verified legacy source; inherited properties remain explicit as such.
HFUT_FMT_DOC,P054,MANUSCRIPT_FORMAT_INSTRUCTION,10,高架斜坡及车辆诱导效应对污染物传播与暴露风险研究,高架斜坡及车辆诱导效应对污染物传播与暴露风险研究,,,,宋体;SimSun,7.5,FALSE,FALSE,AUTO_OR_INHERITED,,FALSE,FALSE,,FALSE,,,BLACK_SPECIMEN_RUN,BLACK_OR_INHERITED,FORMAT_DOCUMENT_CONTENT,YES,LibreOffice-derived OOXML inspection of hash-verified legacy source; inherited properties remain explicit as such.
HFUT_FMT_DOC,P054,MANUSCRIPT_FORMAT_INSTRUCTION,11,[J].,[J].,,,,,7.5,FALSE,FALSE,AUTO_OR_INHERITED,,FALSE,FALSE,,FALSE,,,BLACK_SPECIMEN_RUN,BLACK_OR_INHERITED,FORMAT_DOCUMENT_CONTENT,YES,LibreOffice-derived OOXML inspection of hash-verified legacy source; inherited properties remain explicit as such.
HFUT_FMT_DOC,P054,MANUSCRIPT_FORMAT_INSTRUCTION,12,合肥工业大学学报,合肥工业大学学报,,,,宋体;SimSun,7.5,FALSE,FALSE,AUTO_OR_INHERITED,,FALSE,FALSE,,FALSE,,,BLACK_SPECIMEN_RUN,BLACK_OR_INHERITED,FORMAT_DOCUMENT_CONTENT,YES,LibreOffice-derived OOXML inspection of hash-verified legacy source; inherited properties remain explicit as such.
HFUT_FMT_DOC,P054,MANUSCRIPT_FORMAT_INSTRUCTION,13,(,(,,,,,7.5,FALSE,FALSE,AUTO_OR_INHERITED,,FALSE,FALSE,,FALSE,,,BLACK_SPECIMEN_RUN,BLACK_OR_INHERITED,FORMAT_DOCUMENT_CONTENT,YES,LibreOffice-derived OOXML inspection of hash-verified legacy source; inherited properties remain explicit as such.
HFUT_FMT_DOC,P054,MANUSCRIPT_FORMAT_INSTRUCTION,14,自然科学版,自然科学版,,,,宋体;SimSun,7.5,FALSE,FALSE,AUTO_OR_INHERITED,,FALSE,FALSE,,FALSE,,,BLACK_SPECIMEN_RUN,BLACK_OR_INHERITED,FORMAT_DOCUMENT_CONTENT,YES,LibreOffice-derived OOXML inspection of hash-verified legacy source; inherited properties remain explicit as such.
HFUT_FMT_DOC,P054,MANUSCRIPT_FORMAT_INSTRUCTION,15,),),,,,,7.5,FALSE,FALSE,AUTO_OR_INHERITED,,FALSE,FALSE,,FALSE,,,BLACK_SPECIMEN_RUN,BLACK_OR_INHERITED,FORMAT_DOCUMENT_CONTENT,YES,LibreOffice-derived OOXML inspection of hash-verified legacy source; inherited properties remain explicit as such.
HFUT_FMT_DOC,P054,MANUSCRIPT_FORMAT_INSTRUCTION,16,，,，,,,,宋体;SimSun,7.5,FALSE,FALSE,AUTO_OR_INHERITED,,FALSE,FALSE,,FALSE,,,BLACK_SPECIMEN_RUN,BLACK_OR_INHERITED,FORMAT_DOCUMENT_CONTENT,YES,LibreOffice-derived OOXML inspection of hash-verified legacy source; inherited properties remain explicit as such.
HFUT_FMT_DOC,P054,MANUSCRIPT_FORMAT_INSTRUCTION,17,"2024,47(12):1595-1600.","2024,47(12):1595-1600.",,,,,7.5,FALSE,FALSE,AUTO_OR_INHERITED,,FALSE,FALSE,,FALSE,,,BLACK_SPECIMEN_RUN,BLACK_OR_INHERITED,FORMAT_DOCUMENT_CONTENT,YES,LibreOffice-derived OOXML inspection of hash-verified legacy source; inherited properties remain explicit as such.
HFUT_FMT_DOC,P054,MANUSCRIPT_FORMAT_INSTRUCTION,18,(,(,,,,,7.5,TRUE,FALSE,FF0000,,FALSE,FALSE,,FALSE,,,RED_INSTRUCTION_RUN,RED,RED_INSTRUCTIONAL_ANNOTATION,NO,LibreOffice-derived OOXML inspection of hash-verified legacy source; inherited properties remain explicit as such.
HFUT_FMT_DOC,P054,MANUSCRIPT_FORMAT_INSTRUCTION,19,六号宋体或,六号宋体或,,,,宋体;SimSun,7.5,TRUE,FALSE,FF0000,,FALSE,FALSE,,FALSE,,,RED_INSTRUCTION_RUN,RED,RED_INSTRUCTIONAL_ANNOTATION,NO,LibreOffice-derived OOXML inspection of hash-verified legacy source; inherited properties remain explicit as such.
HFUT_FMT_DOC,P054,MANUSCRIPT_FORMAT_INSTRUCTION,20,Times New Roman),Times New Roman),,,,,7.5,TRUE,FALSE,FF0000,,FALSE,FALSE,,FALSE,,,RED_INSTRUCTION_RUN,RED,RED_INSTRUCTIONAL_ANNOTATION,NO,LibreOffice-derived OOXML inspection of hash-verified legacy source; inherited properties remain explicit as such.
HFUT_FMT_DOC,P055,MANUSCRIPT_FORMAT_INSTRUCTION,1,[2]  ,[2],,,,,7.5,FALSE,FALSE,AUTO_OR_INHERITED,,FALSE,FALSE,,TRUE,,  ,BLACK_SPECIMEN_RUN,BLACK_OR_INHERITED,FORMAT_DOCUMENT_CONTENT,YES,LibreOffice-derived OOXML inspection of hash-verified legacy source; inherited properties remain explicit as such.
HFUT_FMT_DOC,P055,MANUSCRIPT_FORMAT_INSTRUCTION,2,"Gutiérrez T J, Tovar J. Update of the concept of type 5 resistant starch (RS","Gutiérrez T J, Tovar J. Update of the concept of type 5 resistant starch (RS",,,,,7.5,FALSE,FALSE,212121,,FALSE,FALSE,,FALSE,,,BLACK_SPECIMEN_RUN,BLACK_OR_INHERITED,FORMAT_DOCUMENT_CONTENT,YES,LibreOffice-derived OOXML inspection of hash-verified legacy source; inherited properties remain explicit as such.
HFUT_FMT_DOC,P055,MANUSCRIPT_FORMAT_INSTRUCTION,3,5,5,,,,,7.5,FALSE,FALSE,212121,,FALSE,TRUE,,FALSE,,,BLACK_SPECIMEN_RUN,BLACK_OR_INHERITED,FORMAT_DOCUMENT_CONTENT,YES,LibreOffice-derived OOXML inspection of hash-verified legacy source; inherited properties remain explicit as such.
HFUT_FMT_DOC,P055,MANUSCRIPT_FORMAT_INSTRUCTION,4,): self-assembled starch V-type complexes [J]. ,): self-assembled starch V-type complexes [J].,,,,,7.5,FALSE,FALSE,212121,,FALSE,FALSE,,TRUE,, ,BLACK_SPECIMEN_RUN,BLACK_OR_INHERITED,FORMAT_DOCUMENT_CONTENT,YES,LibreOffice-derived OOXML inspection of hash-verified legacy source; inherited properties remain explicit as such.
HFUT_FMT_DOC,P055,MANUSCRIPT_FORMAT_INSTRUCTION,5,"Trends in Food Science & Technology, 2021, 109: 711-724.","Trends in Food Science & Technology, 2021, 109: 711-724.",,,,,7.5,FALSE,FALSE,AUTO_OR_INHERITED,,FALSE,FALSE,,FALSE,,,BLACK_SPECIMEN_RUN,BLACK_OR_INHERITED,FORMAT_DOCUMENT_CONTENT,YES,LibreOffice-derived OOXML inspection of hash-verified legacy source; inherited properties remain explicit as such.
HFUT_FMT_DOC,P055,MANUSCRIPT_FORMAT_INSTRUCTION,6, ,,,,,,7.5,FALSE,FALSE,FF0000,,FALSE,FALSE,,TRUE, , ,RED_INSTRUCTION_RUN,RED,RED_INSTRUCTIONAL_ANNOTATION,NO,LibreOffice-derived OOXML inspection of hash-verified legacy source; inherited properties remain explicit as such.
HFUT_FMT_DOC,P055,MANUSCRIPT_FORMAT_INSTRUCTION,7,(,(,,,,,7.5,TRUE,FALSE,FF0000,,FALSE,FALSE,,FALSE,,,RED_INSTRUCTION_RUN,RED,RED_INSTRUCTIONAL_ANNOTATION,NO,LibreOffice-derived OOXML inspection of hash-verified legacy source; inherited properties remain explicit as such.
HFUT_FMT_DOC,P055,MANUSCRIPT_FORMAT_INSTRUCTION,8,六号,六号,,,,宋体;SimSun,7.5,TRUE,FALSE,FF0000,,FALSE,FALSE,,FALSE,,,RED_INSTRUCTION_RUN,RED,RED_INSTRUCTIONAL_ANNOTATION,NO,LibreOffice-derived OOXML inspection of hash-verified legacy source; inherited properties remain explicit as such.
HFUT_FMT_DOC,P055,MANUSCRIPT_FORMAT_INSTRUCTION,9,Times New Roman),Times New Roman),,,,,7.5,TRUE,FALSE,FF0000,,FALSE,FALSE,,FALSE,,,RED_INSTRUCTION_RUN,RED,RED_INSTRUCTIONAL_ANNOTATION,NO,LibreOffice-derived OOXML inspection of hash-verified legacy source; inherited properties remain explicit as such.
HFUT_FMT_DOC,P056,MANUSCRIPT_FORMAT_INSTRUCTION,1,[3]  ,[3],,,,,7.5,FALSE,FALSE,AUTO_OR_INHERITED,,FALSE,FALSE,,TRUE,,  ,BLACK_SPECIMEN_RUN,BLACK_OR_INHERITED,FORMAT_DOCUMENT_CONTENT,YES,LibreOffice-derived OOXML inspection of hash-verified legacy source; inherited properties remain explicit as such.
HFUT_FMT_DOC,P056,MANUSCRIPT_FORMAT_INSTRUCTION,2,刘相阳,刘相阳,,,,宋体;SimSun,7.5,FALSE,FALSE,AUTO_OR_INHERITED,,FALSE,FALSE,,FALSE,,,BLACK_SPECIMEN_RUN,BLACK_OR_INHERITED,FORMAT_DOCUMENT_CONTENT,YES,LibreOffice-derived OOXML inspection of hash-verified legacy source; inherited properties remain explicit as such.
HFUT_FMT_DOC,P056,MANUSCRIPT_FORMAT_INSTRUCTION,3,",",",",,,,,7.5,FALSE,FALSE,AUTO_OR_INHERITED,,FALSE,FALSE,,FALSE,,,BLACK_SPECIMEN_RUN,BLACK_OR_INHERITED,FORMAT_DOCUMENT_CONTENT,YES,LibreOffice-derived OOXML inspection of hash-verified legacy source; inherited properties remain explicit as such.
HFUT_FMT_DOC,P056,MANUSCRIPT_FORMAT_INSTRUCTION,4,夏培斋,夏培斋,,,,宋体;SimSun,7.5,FALSE,FALSE,AUTO_OR_INHERITED,,FALSE,FALSE,,FALSE,,,BLACK_SPECIMEN_RUN,BLACK_OR_INHERITED,FORMAT_DOCUMENT_CONTENT,YES,LibreOffice-derived OOXML inspection of hash-verified legacy source; inherited properties remain explicit as such.
HFUT_FMT_DOC,P056,MANUSCRIPT_FORMAT_INSTRUCTION,5,",",",",,,,,7.5,FALSE,FALSE,AUTO_OR_INHERITED,,FALSE,FALSE,,FALSE,,,BLACK_SPECIMEN_RUN,BLACK_OR_INHERITED,FORMAT_DOCUMENT_CONTENT,YES,LibreOffice-derived OOXML inspection of hash-verified legacy source; inherited properties remain explicit as such.
HFUT_FMT_DOC,P056,MANUSCRIPT_FORMAT_INSTRUCTION,6,徐茜茜,徐茜茜,,,,宋体;SimSun,7.5,FALSE,FALSE,AUTO_OR_INHERITED,,FALSE,FALSE,,FALSE,,,BLACK_SPECIMEN_RUN,BLACK_OR_INHERITED,FORMAT_DOCUMENT_CONTENT,YES,LibreOffice-derived OOXML inspection of hash-verified legacy source; inherited properties remain explicit as such.
HFUT_FMT_DOC,P056,MANUSCRIPT_FORMAT_INSTRUCTION,7,",",",",,,,,7.5,FALSE,FALSE,AUTO_OR_INHERITED,,FALSE,FALSE,,FALSE,,,BLACK_SPECIMEN_RUN,BLACK_OR_INHERITED,FORMAT_DOCUMENT_CONTENT,YES,LibreOffice-derived OOXML inspection of hash-verified legacy source; inherited properties remain explicit as such.
HFUT_FMT_DOC,P056,MANUSCRIPT_FORMAT_INSTRUCTION,8,等,等,,,,宋体;SimSun,7.5,FALSE,FALSE,AUTO_OR_INHERITED,,FALSE,FALSE,,FALSE,,,BLACK_SPECIMEN_RUN,BLACK_OR_INHERITED,FORMAT_DOCUMENT_CONTENT,YES,LibreOffice-derived OOXML inspection of hash-verified legacy source; inherited properties remain explicit as such.
HFUT_FMT_DOC,P056,MANUSCRIPT_FORMAT_INSTRUCTION,9,.,.,,,,,7.5,FALSE,FALSE,AUTO_OR_INHERITED,,FALSE,FALSE,,FALSE,,,BLACK_SPECIMEN_RUN,BLACK_OR_INHERITED,FORMAT_DOCUMENT_CONTENT,YES,LibreOffice-derived OOXML inspection of hash-verified legacy source; inherited properties remain explicit as such.
HFUT_FMT_DOC,P056,MANUSCRIPT_FORMAT_INSTRUCTION,10,再生细骨料水泥砂浆力学性能试验研究,再生细骨料水泥砂浆力学性能试验研究,,,,宋体;SimSun,7.5,FALSE,FALSE,AUTO_OR_INHERITED,,FALSE,FALSE,,FALSE,,,BLACK_SPECIMEN_RUN,BLACK_OR_INHERITED,FORMAT_DOCUMENT_CONTENT,YES,LibreOffice-derived OOXML inspection of hash-verified legacy source; inherited properties remain explicit as such.
HFUT_FMT_DOC,P056,MANUSCRIPT_FORMAT_INSTRUCTION,11,[J].,[J].,,,,,7.5,FALSE,FALSE,AUTO_OR_INHERITED,,FALSE,FALSE,,FALSE,,,BLACK_SPECIMEN_RUN,BLACK_OR_INHERITED,FORMAT_DOCUMENT_CONTENT,YES,LibreOffice-derived OOXML inspection of hash-verified legacy source; inherited properties remain explicit as such.
HFUT_FMT_DOC,P056,MANUSCRIPT_FORMAT_INSTRUCTION,12,混凝土,混凝土,,,,宋体;SimSun,7.5,FALSE,FALSE,AUTO_OR_INHERITED,,FALSE,FALSE,,FALSE,,,BLACK_SPECIMEN_RUN,BLACK_OR_INHERITED,FORMAT_DOCUMENT_CONTENT,YES,LibreOffice-derived OOXML inspection of hash-verified legacy source; inherited properties remain explicit as such.
HFUT_FMT_DOC,P056,MANUSCRIPT_FORMAT_INSTRUCTION,13,",2020(7):106-108,113.",",2020(7):106-108,113.",,,,,7.5,FALSE,FALSE,AUTO_OR_INHERITED,,FALSE,FALSE,,FALSE,,,BLACK_SPECIMEN_RUN,BLACK_OR_INHERITED,FORMAT_DOCUMENT_CONTENT,YES,LibreOffice-derived OOXML inspection of hash-verified legacy source; inherited properties remain explicit as such.
HFUT_FMT_DOC,P057,MANUSCRIPT_FORMAT_INSTRUCTION,1,[4]  ,[4],,,,,7.5,FALSE,FALSE,AUTO_OR_INHERITED,,FALSE,FALSE,,TRUE,,  ,BLACK_SPECIMEN_RUN,BLACK_OR_INHERITED,FORMAT_DOCUMENT_CONTENT,YES,LibreOffice-derived OOXML inspection of hash-verified legacy source; inherited properties remain explicit as such.
HFUT_FMT_DOC,P057,MANUSCRIPT_FORMAT_INSTRUCTION,2,张群,张群,,,,,7.5,FALSE,FALSE,AUTO_OR_INHERITED,,FALSE,FALSE,,FALSE,,,BLACK_SPECIMEN_RUN,BLACK_OR_INHERITED,FORMAT_DOCUMENT_CONTENT,YES,LibreOffice-derived OOXML inspection of hash-verified legacy source; inherited properties remain explicit as such.
HFUT_FMT_DOC,P057,MANUSCRIPT_FORMAT_INSTRUCTION,3,",",",",,,,,7.5,FALSE,FALSE,AUTO_OR_INHERITED,,FALSE,FALSE,,FALSE,,,BLACK_SPECIMEN_RUN,BLACK_OR_INHERITED,FORMAT_DOCUMENT_CONTENT,YES,LibreOffice-derived OOXML inspection of hash-verified legacy source; inherited properties remain explicit as such.
HFUT_FMT_DOC,P057,MANUSCRIPT_FORMAT_INSTRUCTION,4,程志宝,程志宝,,,,,7.5,FALSE,FALSE,AUTO_OR_INHERITED,,FALSE,FALSE,,FALSE,,,BLACK_SPECIMEN_RUN,BLACK_OR_INHERITED,FORMAT_DOCUMENT_CONTENT,YES,LibreOffice-derived OOXML inspection of hash-verified legacy source; inherited properties remain explicit as such.
HFUT_FMT_DOC,P057,MANUSCRIPT_FORMAT_INSTRUCTION,5,",",",",,,,,7.5,FALSE,FALSE,AUTO_OR_INHERITED,,FALSE,FALSE,,FALSE,,,BLACK_SPECIMEN_RUN,BLACK_OR_INHERITED,FORMAT_DOCUMENT_CONTENT,YES,LibreOffice-derived OOXML inspection of hash-verified legacy source; inherited properties remain explicit as such.
HFUT_FMT_DOC,P057,MANUSCRIPT_FORMAT_INSTRUCTION,6,石志飞,石志飞,,,,,7.5,FALSE,FALSE,AUTO_OR_INHERITED,,FALSE,FALSE,,FALSE,,,BLACK_SPECIMEN_RUN,BLACK_OR_INHERITED,FORMAT_DOCUMENT_CONTENT,YES,LibreOffice-derived OOXML inspection of hash-verified legacy source; inherited properties remain explicit as such.
HFUT_FMT_DOC,P057,MANUSCRIPT_FORMAT_INSTRUCTION,7,.,.,,,,,7.5,FALSE,FALSE,AUTO_OR_INHERITED,,FALSE,FALSE,,FALSE,,,BLACK_SPECIMEN_RUN,BLACK_OR_INHERITED,FORMAT_DOCUMENT_CONTENT,YES,LibreOffice-derived OOXML inspection of hash-verified legacy source; inherited properties remain explicit as such.
HFUT_FMT_DOC,P057,MANUSCRIPT_FORMAT_INSTRUCTION,8,惯性增强动力吸振器,惯性增强动力吸振器,,,,,7.5,FALSE,FALSE,AUTO_OR_INHERITED,,FALSE,FALSE,,FALSE,,,BLACK_SPECIMEN_RUN,BLACK_OR_INHERITED,FORMAT_DOCUMENT_CONTENT,YES,LibreOffice-derived OOXML inspection of hash-verified legacy source; inherited properties remain explicit as such.
HFUT_FMT_DOC,P057,MANUSCRIPT_FORMAT_INSTRUCTION,9,-,-,,,,,7.5,FALSE,FALSE,AUTO_OR_INHERITED,,FALSE,FALSE,,FALSE,,,BLACK_SPECIMEN_RUN,BLACK_OR_INHERITED,FORMAT_DOCUMENT_CONTENT,YES,LibreOffice-derived OOXML inspection of hash-verified legacy source; inherited properties remain explicit as such.
HFUT_FMT_DOC,P057,MANUSCRIPT_FORMAT_INSTRUCTION,10,浮置板轨道低频减振性能研究,浮置板轨道低频减振性能研究,,,,,7.5,FALSE,FALSE,AUTO_OR_INHERITED,,FALSE,FALSE,,FALSE,,,BLACK_SPECIMEN_RUN,BLACK_OR_INHERITED,FORMAT_DOCUMENT_CONTENT,YES,LibreOffice-derived OOXML inspection of hash-verified legacy source; inherited properties remain explicit as such.
HFUT_FMT_DOC,P057,MANUSCRIPT_FORMAT_INSTRUCTION,11,[J/OL].,[J/OL].,,,,,7.5,FALSE,FALSE,AUTO_OR_INHERITED,,FALSE,FALSE,,FALSE,,,BLACK_SPECIMEN_RUN,BLACK_OR_INHERITED,FORMAT_DOCUMENT_CONTENT,YES,LibreOffice-derived OOXML inspection of hash-verified legacy source; inherited properties remain explicit as such.
HFUT_FMT_DOC,P057,MANUSCRIPT_FORMAT_INSTRUCTION,12,铁道学报,铁道学报,,,,,7.5,FALSE,FALSE,AUTO_OR_INHERITED,,FALSE,FALSE,,FALSE,,,BLACK_SPECIMEN_RUN,BLACK_OR_INHERITED,FORMAT_DOCUMENT_CONTENT,YES,LibreOffice-derived OOXML inspection of hash-verified legacy source; inherited properties remain explicit as such.
HFUT_FMT_DOC,P057,MANUSCRIPT_FORMAT_INSTRUCTION,13,",2024-05-09. ",",2024-05-09.",,,,,7.5,FALSE,FALSE,AUTO_OR_INHERITED,,FALSE,FALSE,,TRUE,, ,BLACK_SPECIMEN_RUN,BLACK_OR_INHERITED,FORMAT_DOCUMENT_CONTENT,YES,LibreOffice-derived OOXML inspection of hash-verified legacy source; inherited properties remain explicit as such.
HFUT_FMT_DOC,P057,MANUSCRIPT_FORMAT_INSTRUCTION,14,.  ,.,,,,,7.5,FALSE,FALSE,AUTO_OR_INHERITED,,FALSE,FALSE,,TRUE,,  ,BLACK_SPECIMEN_RUN,BLACK_OR_INHERITED,FORMAT_DOCUMENT_CONTENT,YES,LibreOffice-derived OOXML inspection of hash-verified legacy source; inherited properties remain explicit as such.
HFUT_FMT_DOC,P057,MANUSCRIPT_FORMAT_INSTRUCTION,15,(,(,,,,,7.5,TRUE,FALSE,FF0000,,FALSE,FALSE,,FALSE,,,RED_INSTRUCTION_RUN,RED,RED_INSTRUCTIONAL_ANNOTATION,NO,LibreOffice-derived OOXML inspection of hash-verified legacy source; inherited properties remain explicit as such.
HFUT_FMT_DOC,P057,MANUSCRIPT_FORMAT_INSTRUCTION,16,注,注,,,,,7.5,TRUE,FALSE,FF0000,,FALSE,FALSE,,FALSE,,,RED_INSTRUCTION_RUN,RED,RED_INSTRUCTIONAL_ANNOTATION,NO,LibreOffice-derived OOXML inspection of hash-verified legacy source; inherited properties remain explicit as such.
HFUT_FMT_DOC,P057,MANUSCRIPT_FORMAT_INSTRUCTION,17,:,:,,,,,7.5,TRUE,FALSE,FF0000,,FALSE,FALSE,,FALSE,,,RED_INSTRUCTION_RUN,RED,RED_INSTRUCTIONAL_ANNOTATION,NO,LibreOffice-derived OOXML inspection of hash-verified legacy source; inherited properties remain explicit as such.
HFUT_FMT_DOC,P057,MANUSCRIPT_FORMAT_INSTRUCTION,18,日期为在线出版日期,日期为在线出版日期,,,,,7.5,TRUE,FALSE,FF0000,,FALSE,FALSE,,FALSE,,,RED_INSTRUCTION_RUN,RED,RED_INSTRUCTIONAL_ANNOTATION,NO,LibreOffice-derived OOXML inspection of hash-verified legacy source; inherited properties remain explicit as such.
HFUT_FMT_DOC,P057,MANUSCRIPT_FORMAT_INSTRUCTION,19,),),,,,,7.5,TRUE,FALSE,FF0000,,FALSE,FALSE,,FALSE,,,RED_INSTRUCTION_RUN,RED,RED_INSTRUCTIONAL_ANNOTATION,NO,LibreOffice-derived OOXML inspection of hash-verified legacy source; inherited properties remain explicit as such.
HFUT_FMT_DOC,P058,MANUSCRIPT_FORMAT_INSTRUCTION,1,[5]  ,[5],,,,,7.5,FALSE,FALSE,AUTO_OR_INHERITED,,FALSE,FALSE,,TRUE,,  ,BLACK_SPECIMEN_RUN,BLACK_OR_INHERITED,FORMAT_DOCUMENT_CONTENT,YES,LibreOffice-derived OOXML inspection of hash-verified legacy source; inherited properties remain explicit as such.
HFUT_FMT_DOC,P058,MANUSCRIPT_FORMAT_INSTRUCTION,2,王利平,王利平,,,,,7.5,FALSE,FALSE,AUTO_OR_INHERITED,,FALSE,FALSE,,FALSE,,,BLACK_SPECIMEN_RUN,BLACK_OR_INHERITED,FORMAT_DOCUMENT_CONTENT,YES,LibreOffice-derived OOXML inspection of hash-verified legacy source; inherited properties remain explicit as such.
HFUT_FMT_DOC,P058,MANUSCRIPT_FORMAT_INSTRUCTION,3,",",",",,,,,7.5,FALSE,FALSE,AUTO_OR_INHERITED,,FALSE,FALSE,,FALSE,,,BLACK_SPECIMEN_RUN,BLACK_OR_INHERITED,FORMAT_DOCUMENT_CONTENT,YES,LibreOffice-derived OOXML inspection of hash-verified legacy source; inherited properties remain explicit as such.
HFUT_FMT_DOC,P058,MANUSCRIPT_FORMAT_INSTRUCTION,4,王福新,王福新,,,,,7.5,FALSE,FALSE,AUTO_OR_INHERITED,,FALSE,FALSE,,FALSE,,,BLACK_SPECIMEN_RUN,BLACK_OR_INHERITED,FORMAT_DOCUMENT_CONTENT,YES,LibreOffice-derived OOXML inspection of hash-verified legacy source; inherited properties remain explicit as such.
HFUT_FMT_DOC,P058,MANUSCRIPT_FORMAT_INSTRUCTION,5,",",",",,,,,7.5,FALSE,FALSE,AUTO_OR_INHERITED,,FALSE,FALSE,,FALSE,,,BLACK_SPECIMEN_RUN,BLACK_OR_INHERITED,FORMAT_DOCUMENT_CONTENT,YES,LibreOffice-derived OOXML inspection of hash-verified legacy source; inherited properties remain explicit as such.
HFUT_FMT_DOC,P058,MANUSCRIPT_FORMAT_INSTRUCTION,6,刘洪,刘洪,,,,,7.5,FALSE,FALSE,AUTO_OR_INHERITED,,FALSE,FALSE,,FALSE,,,BLACK_SPECIMEN_RUN,BLACK_OR_INHERITED,FORMAT_DOCUMENT_CONTENT,YES,LibreOffice-derived OOXML inspection of hash-verified legacy source; inherited properties remain explicit as such.
HFUT_FMT_DOC,P058,MANUSCRIPT_FORMAT_INSTRUCTION,7,.,.,,,,,7.5,FALSE,FALSE,AUTO_OR_INHERITED,,FALSE,FALSE,,FALSE,,,BLACK_SPECIMEN_RUN,BLACK_OR_INHERITED,FORMAT_DOCUMENT_CONTENT,YES,LibreOffice-derived OOXML inspection of hash-verified legacy source; inherited properties remain explicit as such.
HFUT_FMT_DOC,P058,MANUSCRIPT_FORMAT_INSTRUCTION,8,过冷大水滴环境粒径分布模拟方法研究进展,过冷大水滴环境粒径分布模拟方法研究进展,,,,,7.5,FALSE,FALSE,AUTO_OR_INHERITED,,FALSE,FALSE,,FALSE,,,BLACK_SPECIMEN_RUN,BLACK_OR_INHERITED,FORMAT_DOCUMENT_CONTENT,YES,LibreOffice-derived OOXML inspection of hash-verified legacy source; inherited properties remain explicit as such.
HFUT_FMT_DOC,P058,MANUSCRIPT_FORMAT_INSTRUCTION,9,[J].,[J].,,,,,7.5,FALSE,FALSE,AUTO_OR_INHERITED,,FALSE,FALSE,,FALSE,,,BLACK_SPECIMEN_RUN,BLACK_OR_INHERITED,FORMAT_DOCUMENT_CONTENT,YES,LibreOffice-derived OOXML inspection of hash-verified legacy source; inherited properties remain explicit as such.
HFUT_FMT_DOC,P058,MANUSCRIPT_FORMAT_INSTRUCTION,10,航空学报,航空学报,,,,,7.5,FALSE,FALSE,AUTO_OR_INHERITED,,FALSE,FALSE,,FALSE,,,BLACK_SPECIMEN_RUN,BLACK_OR_INHERITED,FORMAT_DOCUMENT_CONTENT,YES,LibreOffice-derived OOXML inspection of hash-verified legacy source; inherited properties remain explicit as such.
HFUT_FMT_DOC,P058,MANUSCRIPT_FORMAT_INSTRUCTION,11,",2024,45(",",2024,45(",,,,,7.5,FALSE,FALSE,AUTO_OR_INHERITED,,FALSE,FALSE,,FALSE,,,BLACK_SPECIMEN_RUN,BLACK_OR_INHERITED,FORMAT_DOCUMENT_CONTENT,YES,LibreOffice-derived OOXML inspection of hash-verified legacy source; inherited properties remain explicit as such.
HFUT_FMT_DOC,P058,MANUSCRIPT_FORMAT_INSTRUCTION,12,增刊,增刊,,,,,7.5,FALSE,FALSE,AUTO_OR_INHERITED,,FALSE,FALSE,,FALSE,,,BLACK_SPECIMEN_RUN,BLACK_OR_INHERITED,FORMAT_DOCUMENT_CONTENT,YES,LibreOffice-derived OOXML inspection of hash-verified legacy source; inherited properties remain explicit as such.
HFUT_FMT_DOC,P058,MANUSCRIPT_FORMAT_INSTRUCTION,13,1):730570.,1):730570.,,,,,7.5,FALSE,FALSE,AUTO_OR_INHERITED,,FALSE,FALSE,,FALSE,,,BLACK_SPECIMEN_RUN,BLACK_OR_INHERITED,FORMAT_DOCUMENT_CONTENT,YES,LibreOffice-derived OOXML inspection of hash-verified legacy source; inherited properties remain explicit as such.
HFUT_FMT_DOC,P059,MANUSCRIPT_FORMAT_INSTRUCTION,1,"[6] Fei Yang, Li Weiqin, Zong Guangquan, et al. Cholecystolithotomy combined ","[6] Fei Yang, Li Weiqin, Zong Guangquan, et al. Cholecystolithotomy combined",,,,,7.5,FALSE,FALSE,AUTO_OR_INHERITED,,FALSE,FALSE,,TRUE,, ,BLACK_SPECIMEN_RUN,BLACK_OR_INHERITED,FORMAT_DOCUMENT_CONTENT,YES,LibreOffice-derived OOXML inspection of hash-verified legacy source; inherited properties remain explicit as such.
HFUT_FMT_DOC,P059,MANUSCRIPT_FORMAT_INSTRUCTION,2,Armillarisin A,Armillarisin A,,,,,7.5,FALSE,TRUE,AUTO_OR_INHERITED,,FALSE,FALSE,,FALSE,,,BLACK_SPECIMEN_RUN,BLACK_OR_INHERITED,FORMAT_DOCUMENT_CONTENT,YES,LibreOffice-derived OOXML inspection of hash-verified legacy source; inherited properties remain explicit as such.
HFUT_FMT_DOC,P059,MANUSCRIPT_FORMAT_INSTRUCTION,3," versus cholecystectomy in cirrhotic portal hypertension patients with symptomatic cholelithiasis[J]. Chirurgia, 2017, 112(2): 143-151.","versus cholecystectomy in cirrhotic portal hypertension patients with symptomatic cholelithiasis[J]. Chirurgia, 2017, 112(2): 143-151.",,,,,7.5,FALSE,FALSE,AUTO_OR_INHERITED,,FALSE,FALSE,,TRUE, ,,BLACK_SPECIMEN_RUN,BLACK_OR_INHERITED,FORMAT_DOCUMENT_CONTENT,YES,LibreOffice-derived OOXML inspection of hash-verified legacy source; inherited properties remain explicit as such.
HFUT_FMT_DOC,P060,MANUSCRIPT_FORMAT_INSTRUCTION,1,专著：,专著：,,,,宋体;SimSun,7.5,TRUE,FALSE,FF0000,,FALSE,FALSE,,FALSE,,,RED_INSTRUCTION_RUN,RED,RED_INSTRUCTIONAL_ANNOTATION,NO,LibreOffice-derived OOXML inspection of hash-verified legacy source; inherited properties remain explicit as such.
HFUT_FMT_DOC,P060,MANUSCRIPT_FORMAT_INSTRUCTION,2,[,[,,,,宋体;SimSun,7.5,TRUE,FALSE,FF0000,,FALSE,FALSE,,FALSE,,,RED_INSTRUCTION_RUN,RED,RED_INSTRUCTIONAL_ANNOTATION,NO,LibreOffice-derived OOXML inspection of hash-verified legacy source; inherited properties remain explicit as such.
HFUT_FMT_DOC,P060,MANUSCRIPT_FORMAT_INSTRUCTION,3,序号,序号,,,,宋体;SimSun,7.5,TRUE,FALSE,FF0000,,FALSE,FALSE,,FALSE,,,RED_INSTRUCTION_RUN,RED,RED_INSTRUCTIONAL_ANNOTATION,NO,LibreOffice-derived OOXML inspection of hash-verified legacy source; inherited properties remain explicit as such.
HFUT_FMT_DOC,P060,MANUSCRIPT_FORMAT_INSTRUCTION,4,],],,,,宋体;SimSun,7.5,TRUE,FALSE,FF0000,,FALSE,FALSE,,FALSE,,,RED_INSTRUCTION_RUN,RED,RED_INSTRUCTIONAL_ANNOTATION,NO,LibreOffice-derived OOXML inspection of hash-verified legacy source; inherited properties remain explicit as such.
HFUT_FMT_DOC,P060,MANUSCRIPT_FORMAT_INSTRUCTION,5,作者（格式要求同期刊）,作者（格式要求同期刊）,,,,宋体;SimSun,7.5,TRUE,FALSE,FF0000,,FALSE,FALSE,,FALSE,,,RED_INSTRUCTION_RUN,RED,RED_INSTRUCTIONAL_ANNOTATION,NO,LibreOffice-derived OOXML inspection of hash-verified legacy source; inherited properties remain explicit as such.
HFUT_FMT_DOC,P060,MANUSCRIPT_FORMAT_INSTRUCTION,6,.,.,,,,宋体;SimSun,7.5,TRUE,FALSE,FF0000,,FALSE,FALSE,,FALSE,,,RED_INSTRUCTION_RUN,RED,RED_INSTRUCTIONAL_ANNOTATION,NO,LibreOffice-derived OOXML inspection of hash-verified legacy source; inherited properties remain explicit as such.
HFUT_FMT_DOC,P060,MANUSCRIPT_FORMAT_INSTRUCTION,7,书名,书名,,,,宋体;SimSun,7.5,TRUE,FALSE,FF0000,,FALSE,FALSE,,FALSE,,,RED_INSTRUCTION_RUN,RED,RED_INSTRUCTIONAL_ANNOTATION,NO,LibreOffice-derived OOXML inspection of hash-verified legacy source; inherited properties remain explicit as such.
HFUT_FMT_DOC,P060,MANUSCRIPT_FORMAT_INSTRUCTION,8,[M].,[M].,,,,宋体;SimSun,7.5,TRUE,FALSE,FF0000,,FALSE,FALSE,,FALSE,,,RED_INSTRUCTION_RUN,RED,RED_INSTRUCTIONAL_ANNOTATION,NO,LibreOffice-derived OOXML inspection of hash-verified legacy source; inherited properties remain explicit as such.
HFUT_FMT_DOC,P060,MANUSCRIPT_FORMAT_INSTRUCTION,9,版本（第一版不写）,版本（第一版不写）,,,,宋体;SimSun,7.5,TRUE,FALSE,FF0000,,FALSE,FALSE,,FALSE,,,RED_INSTRUCTION_RUN,RED,RED_INSTRUCTIONAL_ANNOTATION,NO,LibreOffice-derived OOXML inspection of hash-verified legacy source; inherited properties remain explicit as such.
HFUT_FMT_DOC,P060,MANUSCRIPT_FORMAT_INSTRUCTION,10,.,.,,,,宋体;SimSun,7.5,TRUE,FALSE,FF0000,,FALSE,FALSE,,FALSE,,,RED_INSTRUCTION_RUN,RED,RED_INSTRUCTIONAL_ANNOTATION,NO,LibreOffice-derived OOXML inspection of hash-verified legacy source; inherited properties remain explicit as such.
HFUT_FMT_DOC,P060,MANUSCRIPT_FORMAT_INSTRUCTION,11,出版地：出版者,出版地：出版者,,,,宋体;SimSun,7.5,TRUE,FALSE,FF0000,,FALSE,FALSE,,FALSE,,,RED_INSTRUCTION_RUN,RED,RED_INSTRUCTIONAL_ANNOTATION,NO,LibreOffice-derived OOXML inspection of hash-verified legacy source; inherited properties remain explicit as such.
HFUT_FMT_DOC,P060,MANUSCRIPT_FORMAT_INSTRUCTION,12,",",",",,,,宋体;SimSun,7.5,TRUE,FALSE,FF0000,,FALSE,FALSE,,FALSE,,,RED_INSTRUCTION_RUN,RED,RED_INSTRUCTIONAL_ANNOTATION,NO,LibreOffice-derived OOXML inspection of hash-verified legacy source; inherited properties remain explicit as such.
HFUT_FMT_DOC,P060,MANUSCRIPT_FORMAT_INSTRUCTION,13,出版年,出版年,,,,宋体;SimSun,7.5,TRUE,FALSE,FF0000,,FALSE,FALSE,,FALSE,,,RED_INSTRUCTION_RUN,RED,RED_INSTRUCTIONAL_ANNOTATION,NO,LibreOffice-derived OOXML inspection of hash-verified legacy source; inherited properties remain explicit as such.
HFUT_FMT_DOC,P060,MANUSCRIPT_FORMAT_INSTRUCTION,14,:,:,,,,宋体;SimSun,7.5,TRUE,FALSE,FF0000,,FALSE,FALSE,,FALSE,,,RED_INSTRUCTION_RUN,RED,RED_INSTRUCTIONAL_ANNOTATION,NO,LibreOffice-derived OOXML inspection of hash-verified legacy source; inherited properties remain explicit as such.
HFUT_FMT_DOC,P060,MANUSCRIPT_FORMAT_INSTRUCTION,15,析出文献页码,析出文献页码,,,,宋体;SimSun,7.5,TRUE,FALSE,FF0000,,FALSE,FALSE,,FALSE,,,RED_INSTRUCTION_RUN,RED,RED_INSTRUCTIONAL_ANNOTATION,NO,LibreOffice-derived OOXML inspection of hash-verified legacy source; inherited properties remain explicit as such.
HFUT_FMT_DOC,P060,MANUSCRIPT_FORMAT_INSTRUCTION,16,(,(,,,,宋体;SimSun,7.5,TRUE,FALSE,0000FF,,FALSE,FALSE,,FALSE,,,BLACK_SPECIMEN_RUN,BLACK_OR_INHERITED,FORMAT_DOCUMENT_CONTENT,YES,LibreOffice-derived OOXML inspection of hash-verified legacy source; inherited properties remain explicit as such.
HFUT_FMT_DOC,P060,MANUSCRIPT_FORMAT_INSTRUCTION,17,可以不标注,可以不标注,,,,宋体;SimSun,7.5,TRUE,FALSE,0000FF,,FALSE,FALSE,,FALSE,,,BLACK_SPECIMEN_RUN,BLACK_OR_INHERITED,FORMAT_DOCUMENT_CONTENT,YES,LibreOffice-derived OOXML inspection of hash-verified legacy source; inherited properties remain explicit as such.
HFUT_FMT_DOC,P060,MANUSCRIPT_FORMAT_INSTRUCTION,18,),),,,,宋体;SimSun,7.5,TRUE,FALSE,0000FF,,FALSE,FALSE,,FALSE,,,BLACK_SPECIMEN_RUN,BLACK_OR_INHERITED,FORMAT_DOCUMENT_CONTENT,YES,LibreOffice-derived OOXML inspection of hash-verified legacy source; inherited properties remain explicit as such.
HFUT_FMT_DOC,P060,MANUSCRIPT_FORMAT_INSTRUCTION,19,.,.,,,,宋体;SimSun,7.5,TRUE,FALSE,FF0000,,FALSE,FALSE,,FALSE,,,RED_INSTRUCTION_RUN,RED,RED_INSTRUCTIONAL_ANNOTATION,NO,LibreOffice-derived OOXML inspection of hash-verified legacy source; inherited properties remain explicit as such.
HFUT_FMT_DOC,P061,MANUSCRIPT_FORMAT_INSTRUCTION,1,[7]  ,[7],,,,,7.5,FALSE,FALSE,AUTO_OR_INHERITED,,FALSE,FALSE,,TRUE,,  ,BLACK_SPECIMEN_RUN,BLACK_OR_INHERITED,FORMAT_DOCUMENT_CONTENT,YES,LibreOffice-derived OOXML inspection of hash-verified legacy source; inherited properties remain explicit as such.
HFUT_FMT_DOC,P061,MANUSCRIPT_FORMAT_INSTRUCTION,2,吴业正,吴业正,,,,宋体;SimSun,7.5,FALSE,FALSE,AUTO_OR_INHERITED,,FALSE,FALSE,,FALSE,,,BLACK_SPECIMEN_RUN,BLACK_OR_INHERITED,FORMAT_DOCUMENT_CONTENT,YES,LibreOffice-derived OOXML inspection of hash-verified legacy source; inherited properties remain explicit as such.
HFUT_FMT_DOC,P061,MANUSCRIPT_FORMAT_INSTRUCTION,3,",",",",,,,,7.5,FALSE,FALSE,AUTO_OR_INHERITED,,FALSE,FALSE,,FALSE,,,BLACK_SPECIMEN_RUN,BLACK_OR_INHERITED,FORMAT_DOCUMENT_CONTENT,YES,LibreOffice-derived OOXML inspection of hash-verified legacy source; inherited properties remain explicit as such.
HFUT_FMT_DOC,P061,MANUSCRIPT_FORMAT_INSTRUCTION,4,李红旗,李红旗,,,,宋体;SimSun,7.5,FALSE,FALSE,AUTO_OR_INHERITED,,FALSE,FALSE,,FALSE,,,BLACK_SPECIMEN_RUN,BLACK_OR_INHERITED,FORMAT_DOCUMENT_CONTENT,YES,LibreOffice-derived OOXML inspection of hash-verified legacy source; inherited properties remain explicit as such.
HFUT_FMT_DOC,P061,MANUSCRIPT_FORMAT_INSTRUCTION,5,",",",",,,,,7.5,FALSE,FALSE,AUTO_OR_INHERITED,,FALSE,FALSE,,FALSE,,,BLACK_SPECIMEN_RUN,BLACK_OR_INHERITED,FORMAT_DOCUMENT_CONTENT,YES,LibreOffice-derived OOXML inspection of hash-verified legacy source; inherited properties remain explicit as such.
HFUT_FMT_DOC,P061,MANUSCRIPT_FORMAT_INSTRUCTION,6,张华,张华,,,,宋体;SimSun,7.5,FALSE,FALSE,AUTO_OR_INHERITED,,FALSE,FALSE,,FALSE,,,BLACK_SPECIMEN_RUN,BLACK_OR_INHERITED,FORMAT_DOCUMENT_CONTENT,YES,LibreOffice-derived OOXML inspection of hash-verified legacy source; inherited properties remain explicit as such.
HFUT_FMT_DOC,P061,MANUSCRIPT_FORMAT_INSTRUCTION,7,.,.,,,,,7.5,FALSE,FALSE,AUTO_OR_INHERITED,,FALSE,FALSE,,FALSE,,,BLACK_SPECIMEN_RUN,BLACK_OR_INHERITED,FORMAT_DOCUMENT_CONTENT,YES,LibreOffice-derived OOXML inspection of hash-verified legacy source; inherited properties remain explicit as such.
HFUT_FMT_DOC,P061,MANUSCRIPT_FORMAT_INSTRUCTION,8,制冷压缩机,制冷压缩机,,,,宋体;SimSun,7.5,FALSE,FALSE,AUTO_OR_INHERITED,,FALSE,FALSE,,FALSE,,,BLACK_SPECIMEN_RUN,BLACK_OR_INHERITED,FORMAT_DOCUMENT_CONTENT,YES,LibreOffice-derived OOXML inspection of hash-verified legacy source; inherited properties remain explicit as such.
HFUT_FMT_DOC,P061,MANUSCRIPT_FORMAT_INSTRUCTION,9,[M].3,[M].3,,,,,7.5,FALSE,FALSE,AUTO_OR_INHERITED,,FALSE,FALSE,,FALSE,,,BLACK_SPECIMEN_RUN,BLACK_OR_INHERITED,FORMAT_DOCUMENT_CONTENT,YES,LibreOffice-derived OOXML inspection of hash-verified legacy source; inherited properties remain explicit as such.
HFUT_FMT_DOC,P061,MANUSCRIPT_FORMAT_INSTRUCTION,10,版,版,,,,宋体;SimSun,7.5,FALSE,FALSE,AUTO_OR_INHERITED,,FALSE,FALSE,,FALSE,,,BLACK_SPECIMEN_RUN,BLACK_OR_INHERITED,FORMAT_DOCUMENT_CONTENT,YES,LibreOffice-derived OOXML inspection of hash-verified legacy source; inherited properties remain explicit as such.
HFUT_FMT_DOC,P061,MANUSCRIPT_FORMAT_INSTRUCTION,11,.,.,,,,,7.5,FALSE,FALSE,AUTO_OR_INHERITED,,FALSE,FALSE,,FALSE,,,BLACK_SPECIMEN_RUN,BLACK_OR_INHERITED,FORMAT_DOCUMENT_CONTENT,YES,LibreOffice-derived OOXML inspection of hash-verified legacy source; inherited properties remain explicit as such.
HFUT_FMT_DOC,P061,MANUSCRIPT_FORMAT_INSTRUCTION,12,北京,北京,,,,宋体;SimSun,7.5,FALSE,FALSE,AUTO_OR_INHERITED,,FALSE,FALSE,,FALSE,,,BLACK_SPECIMEN_RUN,BLACK_OR_INHERITED,FORMAT_DOCUMENT_CONTENT,YES,LibreOffice-derived OOXML inspection of hash-verified legacy source; inherited properties remain explicit as such.
HFUT_FMT_DOC,P061,MANUSCRIPT_FORMAT_INSTRUCTION,13,:,:,,,,,7.5,FALSE,FALSE,AUTO_OR_INHERITED,,FALSE,FALSE,,FALSE,,,BLACK_SPECIMEN_RUN,BLACK_OR_INHERITED,FORMAT_DOCUMENT_CONTENT,YES,LibreOffice-derived OOXML inspection of hash-verified legacy source; inherited properties remain explicit as such.
HFUT_FMT_DOC,P061,MANUSCRIPT_FORMAT_INSTRUCTION,14,机械工业出版社,机械工业出版社,,,,宋体;SimSun,7.5,FALSE,FALSE,AUTO_OR_INHERITED,,FALSE,FALSE,,FALSE,,,BLACK_SPECIMEN_RUN,BLACK_OR_INHERITED,FORMAT_DOCUMENT_CONTENT,YES,LibreOffice-derived OOXML inspection of hash-verified legacy source; inherited properties remain explicit as such.
HFUT_FMT_DOC,P061,MANUSCRIPT_FORMAT_INSTRUCTION,15,",2019:38-39.",",2019:38-39.",,,,,7.5,FALSE,FALSE,AUTO_OR_INHERITED,,FALSE,FALSE,,FALSE,,,BLACK_SPECIMEN_RUN,BLACK_OR_INHERITED,FORMAT_DOCUMENT_CONTENT,YES,LibreOffice-derived OOXML inspection of hash-verified legacy source; inherited properties remain explicit as such.
HFUT_FMT_DOC,P062,MANUSCRIPT_FORMAT_INSTRUCTION,1,[8]  ,[8],,,,,7.5,FALSE,FALSE,AUTO_OR_INHERITED,,FALSE,FALSE,,TRUE,,  ,BLACK_SPECIMEN_RUN,BLACK_OR_INHERITED,FORMAT_DOCUMENT_CONTENT,YES,LibreOffice-derived OOXML inspection of hash-verified legacy source; inherited properties remain explicit as such.
HFUT_FMT_DOC,P062,MANUSCRIPT_FORMAT_INSTRUCTION,2,"Kelly Rainer R, Turban E, Potter R E, et al.","Kelly Rainer R, Turban E, Potter R E, et al.",,,,,7.5,FALSE,FALSE,333333,,FALSE,FALSE,,FALSE,,,BLACK_SPECIMEN_RUN,BLACK_OR_INHERITED,FORMAT_DOCUMENT_CONTENT,YES,LibreOffice-derived OOXML inspection of hash-verified legacy source; inherited properties remain explicit as such.
HFUT_FMT_DOC,P062,MANUSCRIPT_FORMAT_INSTRUCTION,3, ,,,,,,7.5,FALSE,FALSE,000000,,FALSE,FALSE,,TRUE, , ,BLACK_SPECIMEN_RUN,BLACK_OR_INHERITED,FORMAT_DOCUMENT_CONTENT,YES,LibreOffice-derived OOXML inspection of hash-verified legacy source; inherited properties remain explicit as such.
HFUT_FMT_DOC,P062,MANUSCRIPT_FORMAT_INSTRUCTION,4,"Introduction to information systems[M].3rd ed.[S.l.]: John Wiley & Sons,Inc.,","Introduction to information systems[M].3rd ed.[S.l.]: John Wiley & Sons,Inc.,",,,,,7.5,FALSE,FALSE,AUTO_OR_INHERITED,,FALSE,FALSE,,FALSE,,,BLACK_SPECIMEN_RUN,BLACK_OR_INHERITED,FORMAT_DOCUMENT_CONTENT,YES,LibreOffice-derived OOXML inspection of hash-verified legacy source; inherited properties remain explicit as such.
HFUT_FMT_DOC,P063,MANUSCRIPT_FORMAT_INSTRUCTION,1,2010.,2010.,,,,,7.5,FALSE,FALSE,AUTO_OR_INHERITED,,FALSE,FALSE,,FALSE,,,BLACK_SPECIMEN_RUN,BLACK_OR_INHERITED,FORMAT_DOCUMENT_CONTENT,YES,LibreOffice-derived OOXML inspection of hash-verified legacy source; inherited properties remain explicit as such.
HFUT_FMT_DOC,P064,MANUSCRIPT_FORMAT_INSTRUCTION,1,[9]  Baliga B T.,[9] Baliga B T.,,,,,7.5,FALSE,FALSE,AUTO_OR_INHERITED,,FALSE,FALSE,,FALSE,,,BLACK_SPECIMEN_RUN,BLACK_OR_INHERITED,FORMAT_DOCUMENT_CONTENT,YES,LibreOffice-derived OOXML inspection of hash-verified legacy source; inherited properties remain explicit as such.
HFUT_FMT_DOC,P064,MANUSCRIPT_FORMAT_INSTRUCTION,2,功率半导体器件基础,功率半导体器件基础,,,,宋体;SimSun,7.5,FALSE,FALSE,AUTO_OR_INHERITED,,FALSE,FALSE,,FALSE,,,BLACK_SPECIMEN_RUN,BLACK_OR_INHERITED,FORMAT_DOCUMENT_CONTENT,YES,LibreOffice-derived OOXML inspection of hash-verified legacy source; inherited properties remain explicit as such.
HFUT_FMT_DOC,P064,MANUSCRIPT_FORMAT_INSTRUCTION,3,[M].,[M].,,,,,7.5,FALSE,FALSE,AUTO_OR_INHERITED,,FALSE,FALSE,,FALSE,,,BLACK_SPECIMEN_RUN,BLACK_OR_INHERITED,FORMAT_DOCUMENT_CONTENT,YES,LibreOffice-derived OOXML inspection of hash-verified legacy source; inherited properties remain explicit as such.
HFUT_FMT_DOC,P064,MANUSCRIPT_FORMAT_INSTRUCTION,4,韩郑生,韩郑生,,,,宋体;SimSun,7.5,FALSE,FALSE,AUTO_OR_INHERITED,,FALSE,FALSE,,FALSE,,,BLACK_SPECIMEN_RUN,BLACK_OR_INHERITED,FORMAT_DOCUMENT_CONTENT,YES,LibreOffice-derived OOXML inspection of hash-verified legacy source; inherited properties remain explicit as such.
HFUT_FMT_DOC,P064,MANUSCRIPT_FORMAT_INSTRUCTION,5,",",",",,,,,7.5,FALSE,FALSE,AUTO_OR_INHERITED,,FALSE,FALSE,,FALSE,,,BLACK_SPECIMEN_RUN,BLACK_OR_INHERITED,FORMAT_DOCUMENT_CONTENT,YES,LibreOffice-derived OOXML inspection of hash-verified legacy source; inherited properties remain explicit as such.
HFUT_FMT_DOC,P064,MANUSCRIPT_FORMAT_INSTRUCTION,6,陆江,陆江,,,,宋体;SimSun,7.5,FALSE,FALSE,AUTO_OR_INHERITED,,FALSE,FALSE,,FALSE,,,BLACK_SPECIMEN_RUN,BLACK_OR_INHERITED,FORMAT_DOCUMENT_CONTENT,YES,LibreOffice-derived OOXML inspection of hash-verified legacy source; inherited properties remain explicit as such.
HFUT_FMT_DOC,P064,MANUSCRIPT_FORMAT_INSTRUCTION,7,",",",",,,,,7.5,FALSE,FALSE,AUTO_OR_INHERITED,,FALSE,FALSE,,FALSE,,,BLACK_SPECIMEN_RUN,BLACK_OR_INHERITED,FORMAT_DOCUMENT_CONTENT,YES,LibreOffice-derived OOXML inspection of hash-verified legacy source; inherited properties remain explicit as such.
HFUT_FMT_DOC,P064,MANUSCRIPT_FORMAT_INSTRUCTION,8,宋李梅,宋李梅,,,,宋体;SimSun,7.5,FALSE,FALSE,AUTO_OR_INHERITED,,FALSE,FALSE,,FALSE,,,BLACK_SPECIMEN_RUN,BLACK_OR_INHERITED,FORMAT_DOCUMENT_CONTENT,YES,LibreOffice-derived OOXML inspection of hash-verified legacy source; inherited properties remain explicit as such.
HFUT_FMT_DOC,P064,MANUSCRIPT_FORMAT_INSTRUCTION,9,",",",",,,,,7.5,FALSE,FALSE,AUTO_OR_INHERITED,,FALSE,FALSE,,FALSE,,,BLACK_SPECIMEN_RUN,BLACK_OR_INHERITED,FORMAT_DOCUMENT_CONTENT,YES,LibreOffice-derived OOXML inspection of hash-verified legacy source; inherited properties remain explicit as such.
HFUT_FMT_DOC,P064,MANUSCRIPT_FORMAT_INSTRUCTION,10,等,等,,,,宋体;SimSun,7.5,FALSE,FALSE,AUTO_OR_INHERITED,,FALSE,FALSE,,FALSE,,,BLACK_SPECIMEN_RUN,BLACK_OR_INHERITED,FORMAT_DOCUMENT_CONTENT,YES,LibreOffice-derived OOXML inspection of hash-verified legacy source; inherited properties remain explicit as such.
HFUT_FMT_DOC,P064,MANUSCRIPT_FORMAT_INSTRUCTION,11,",",",",,,,,7.5,FALSE,FALSE,AUTO_OR_INHERITED,,FALSE,FALSE,,FALSE,,,BLACK_SPECIMEN_RUN,BLACK_OR_INHERITED,FORMAT_DOCUMENT_CONTENT,YES,LibreOffice-derived OOXML inspection of hash-verified legacy source; inherited properties remain explicit as such.
HFUT_FMT_DOC,P064,MANUSCRIPT_FORMAT_INSTRUCTION,12,译,译,,,,宋体;SimSun,7.5,FALSE,FALSE,AUTO_OR_INHERITED,,FALSE,FALSE,,FALSE,,,BLACK_SPECIMEN_RUN,BLACK_OR_INHERITED,FORMAT_DOCUMENT_CONTENT,YES,LibreOffice-derived OOXML inspection of hash-verified legacy source; inherited properties remain explicit as such.
HFUT_FMT_DOC,P064,MANUSCRIPT_FORMAT_INSTRUCTION,13,.,.,,,,,7.5,FALSE,FALSE,AUTO_OR_INHERITED,,FALSE,FALSE,,FALSE,,,BLACK_SPECIMEN_RUN,BLACK_OR_INHERITED,FORMAT_DOCUMENT_CONTENT,YES,LibreOffice-derived OOXML inspection of hash-verified legacy source; inherited properties remain explicit as such.
HFUT_FMT_DOC,P064,MANUSCRIPT_FORMAT_INSTRUCTION,14,北京,北京,,,,宋体;SimSun,7.5,FALSE,FALSE,AUTO_OR_INHERITED,,FALSE,FALSE,,FALSE,,,BLACK_SPECIMEN_RUN,BLACK_OR_INHERITED,FORMAT_DOCUMENT_CONTENT,YES,LibreOffice-derived OOXML inspection of hash-verified legacy source; inherited properties remain explicit as such.
HFUT_FMT_DOC,P064,MANUSCRIPT_FORMAT_INSTRUCTION,15,:,:,,,,,7.5,FALSE,FALSE,AUTO_OR_INHERITED,,FALSE,FALSE,,FALSE,,,BLACK_SPECIMEN_RUN,BLACK_OR_INHERITED,FORMAT_DOCUMENT_CONTENT,YES,LibreOffice-derived OOXML inspection of hash-verified legacy source; inherited properties remain explicit as such.
HFUT_FMT_DOC,P064,MANUSCRIPT_FORMAT_INSTRUCTION,16,电子工业出版社,电子工业出版社,,,,宋体;SimSun,7.5,FALSE,FALSE,AUTO_OR_INHERITED,,FALSE,FALSE,,FALSE,,,BLACK_SPECIMEN_RUN,BLACK_OR_INHERITED,FORMAT_DOCUMENT_CONTENT,YES,LibreOffice-derived OOXML inspection of hash-verified legacy source; inherited properties remain explicit as such.
HFUT_FMT_DOC,P064,MANUSCRIPT_FORMAT_INSTRUCTION,17,",2013.",",2013.",,,,,7.5,FALSE,FALSE,AUTO_OR_INHERITED,,FALSE,FALSE,,FALSE,,,BLACK_SPECIMEN_RUN,BLACK_OR_INHERITED,FORMAT_DOCUMENT_CONTENT,YES,LibreOffice-derived OOXML inspection of hash-verified legacy source; inherited properties remain explicit as such.
HFUT_FMT_DOC,P065,MANUSCRIPT_FORMAT_INSTRUCTION,1,"[10] Kinchy A. Seeds, science, and struggle: the global politics of transgenic crops[M]. Cambridge, Mass.: MIT Press, 2012:50.","[10] Kinchy A. Seeds, science, and struggle: the global politics of transgenic crops[M]. Cambridge, Mass.: MIT Press, 2012:50.",,,,,7.5,FALSE,FALSE,AUTO_OR_INHERITED,,FALSE,FALSE,,FALSE,,,BLACK_SPECIMEN_RUN,BLACK_OR_INHERITED,FORMAT_DOCUMENT_CONTENT,YES,LibreOffice-derived OOXML inspection of hash-verified legacy source; inherited properties remain explicit as such.
HFUT_FMT_DOC,P066,MANUSCRIPT_FORMAT_INSTRUCTION,1,会议论文集：,会议论文集：,,,,宋体;SimSun,7.5,TRUE,FALSE,FF0000,,FALSE,FALSE,,FALSE,,,RED_INSTRUCTION_RUN,RED,RED_INSTRUCTIONAL_ANNOTATION,NO,LibreOffice-derived OOXML inspection of hash-verified legacy source; inherited properties remain explicit as such.
HFUT_FMT_DOC,P066,MANUSCRIPT_FORMAT_INSTRUCTION,2,[,[,,,,,7.5,TRUE,FALSE,FF0000,,FALSE,FALSE,,FALSE,,,RED_INSTRUCTION_RUN,RED,RED_INSTRUCTIONAL_ANNOTATION,NO,LibreOffice-derived OOXML inspection of hash-verified legacy source; inherited properties remain explicit as such.
HFUT_FMT_DOC,P066,MANUSCRIPT_FORMAT_INSTRUCTION,3,序号,序号,,,,宋体;SimSun,7.5,TRUE,FALSE,FF0000,,FALSE,FALSE,,FALSE,,,RED_INSTRUCTION_RUN,RED,RED_INSTRUCTIONAL_ANNOTATION,NO,LibreOffice-derived OOXML inspection of hash-verified legacy source; inherited properties remain explicit as such.
HFUT_FMT_DOC,P066,MANUSCRIPT_FORMAT_INSTRUCTION,4,],],,,,,7.5,TRUE,FALSE,FF0000,,FALSE,FALSE,,FALSE,,,RED_INSTRUCTION_RUN,RED,RED_INSTRUCTIONAL_ANNOTATION,NO,LibreOffice-derived OOXML inspection of hash-verified legacy source; inherited properties remain explicit as such.
HFUT_FMT_DOC,P066,MANUSCRIPT_FORMAT_INSTRUCTION,5,作者（格式要求同期刊）,作者（格式要求同期刊）,,,,宋体;SimSun,7.5,TRUE,FALSE,FF0000,,FALSE,FALSE,,FALSE,,,RED_INSTRUCTION_RUN,RED,RED_INSTRUCTIONAL_ANNOTATION,NO,LibreOffice-derived OOXML inspection of hash-verified legacy source; inherited properties remain explicit as such.
HFUT_FMT_DOC,P066,MANUSCRIPT_FORMAT_INSTRUCTION,6,.,.,,,,,7.5,TRUE,FALSE,FF0000,,FALSE,FALSE,,FALSE,,,RED_INSTRUCTION_RUN,RED,RED_INSTRUCTIONAL_ANNOTATION,NO,LibreOffice-derived OOXML inspection of hash-verified legacy source; inherited properties remain explicit as such.
HFUT_FMT_DOC,P066,MANUSCRIPT_FORMAT_INSTRUCTION,7,题名,题名,,,,宋体;SimSun,7.5,TRUE,FALSE,FF0000,,FALSE,FALSE,,FALSE,,,RED_INSTRUCTION_RUN,RED,RED_INSTRUCTIONAL_ANNOTATION,NO,LibreOffice-derived OOXML inspection of hash-verified legacy source; inherited properties remain explicit as such.
HFUT_FMT_DOC,P066,MANUSCRIPT_FORMAT_INSTRUCTION,8,[C]//,[C]//,,,,,7.5,TRUE,FALSE,FF0000,,FALSE,FALSE,,FALSE,,,RED_INSTRUCTION_RUN,RED,RED_INSTRUCTIONAL_ANNOTATION,NO,LibreOffice-derived OOXML inspection of hash-verified legacy source; inherited properties remain explicit as such.
HFUT_FMT_DOC,P066,MANUSCRIPT_FORMAT_INSTRUCTION,9,编者,编者,,,,宋体;SimSun,7.5,TRUE,FALSE,FF0000,,FALSE,FALSE,,FALSE,,,RED_INSTRUCTION_RUN,RED,RED_INSTRUCTIONAL_ANNOTATION,NO,LibreOffice-derived OOXML inspection of hash-verified legacy source; inherited properties remain explicit as such.
HFUT_FMT_DOC,P066,MANUSCRIPT_FORMAT_INSTRUCTION,10,.,.,,,,,7.5,TRUE,FALSE,FF0000,,FALSE,FALSE,,FALSE,,,RED_INSTRUCTION_RUN,RED,RED_INSTRUCTIONAL_ANNOTATION,NO,LibreOffice-derived OOXML inspection of hash-verified legacy source; inherited properties remain explicit as such.
HFUT_FMT_DOC,P066,MANUSCRIPT_FORMAT_INSTRUCTION,11,论文集名（会议名称）,论文集名（会议名称）,,,,宋体;SimSun,7.5,TRUE,FALSE,FF0000,,FALSE,FALSE,,FALSE,,,RED_INSTRUCTION_RUN,RED,RED_INSTRUCTIONAL_ANNOTATION,NO,LibreOffice-derived OOXML inspection of hash-verified legacy source; inherited properties remain explicit as such.
HFUT_FMT_DOC,P066,MANUSCRIPT_FORMAT_INSTRUCTION,12,.,.,,,,,7.5,TRUE,FALSE,FF0000,,FALSE,FALSE,,FALSE,,,RED_INSTRUCTION_RUN,RED,RED_INSTRUCTIONAL_ANNOTATION,NO,LibreOffice-derived OOXML inspection of hash-verified legacy source; inherited properties remain explicit as such.
HFUT_FMT_DOC,P066,MANUSCRIPT_FORMAT_INSTRUCTION,13,出版地,出版地,,,,宋体;SimSun,7.5,TRUE,FALSE,FF0000,,FALSE,FALSE,,FALSE,,,RED_INSTRUCTION_RUN,RED,RED_INSTRUCTIONAL_ANNOTATION,NO,LibreOffice-derived OOXML inspection of hash-verified legacy source; inherited properties remain explicit as such.
HFUT_FMT_DOC,P066,MANUSCRIPT_FORMAT_INSTRUCTION,14,:,:,,,,,7.5,TRUE,FALSE,FF0000,,FALSE,FALSE,,FALSE,,,RED_INSTRUCTION_RUN,RED,RED_INSTRUCTIONAL_ANNOTATION,NO,LibreOffice-derived OOXML inspection of hash-verified legacy source; inherited properties remain explicit as such.
HFUT_FMT_DOC,P066,MANUSCRIPT_FORMAT_INSTRUCTION,15,出版者,出版者,,,,宋体;SimSun,7.5,TRUE,FALSE,FF0000,,FALSE,FALSE,,FALSE,,,RED_INSTRUCTION_RUN,RED,RED_INSTRUCTIONAL_ANNOTATION,NO,LibreOffice-derived OOXML inspection of hash-verified legacy source; inherited properties remain explicit as such.
HFUT_FMT_DOC,P066,MANUSCRIPT_FORMAT_INSTRUCTION,16,",",",",,,,,7.5,TRUE,FALSE,FF0000,,FALSE,FALSE,,FALSE,,,RED_INSTRUCTION_RUN,RED,RED_INSTRUCTIONAL_ANNOTATION,NO,LibreOffice-derived OOXML inspection of hash-verified legacy source; inherited properties remain explicit as such.
HFUT_FMT_DOC,P066,MANUSCRIPT_FORMAT_INSTRUCTION,17,出版年,出版年,,,,宋体;SimSun,7.5,TRUE,FALSE,FF0000,,FALSE,FALSE,,FALSE,,,RED_INSTRUCTION_RUN,RED,RED_INSTRUCTIONAL_ANNOTATION,NO,LibreOffice-derived OOXML inspection of hash-verified legacy source; inherited properties remain explicit as such.
HFUT_FMT_DOC,P066,MANUSCRIPT_FORMAT_INSTRUCTION,18,:,:,,,,,7.5,TRUE,FALSE,FF0000,,FALSE,FALSE,,FALSE,,,RED_INSTRUCTION_RUN,RED,RED_INSTRUCTIONAL_ANNOTATION,NO,LibreOffice-derived OOXML inspection of hash-verified legacy source; inherited properties remain explicit as such.
HFUT_FMT_DOC,P066,MANUSCRIPT_FORMAT_INSTRUCTION,19,起止页码,起止页码,,,,宋体;SimSun,7.5,TRUE,FALSE,FF0000,,FALSE,FALSE,,FALSE,,,RED_INSTRUCTION_RUN,RED,RED_INSTRUCTIONAL_ANNOTATION,NO,LibreOffice-derived OOXML inspection of hash-verified legacy source; inherited properties remain explicit as such.
HFUT_FMT_DOC,P066,MANUSCRIPT_FORMAT_INSTRUCTION,20,.,.,,,,,7.5,TRUE,FALSE,FF0000,,FALSE,FALSE,,FALSE,,,RED_INSTRUCTION_RUN,RED,RED_INSTRUCTIONAL_ANNOTATION,NO,LibreOffice-derived OOXML inspection of hash-verified legacy source; inherited properties remain explicit as such.
HFUT_FMT_DOC,P067,MANUSCRIPT_FORMAT_INSTRUCTION,1,"[11] Rajyalakshmi P, Sathappan S, Jyothi Rani M, et al. A novel image processing system to recognize and classify images using integrated advanced CNN and FPGA for IoT based applications [C]// 2022 4th International Conference on Inventive Research in Computing Applications. Coimbatore: IEEE,2022:365-368.","[11] Rajyalakshmi P, Sathappan S, Jyothi Rani M, et al. A novel image processing system to recognize and classify images using integrated advanced CNN and FPGA for IoT based applications [C]// 2022 4th International Conference on Inventive Research in Computing Applications. Coimbatore: IEEE,2022:365-368.",,,,,7.5,FALSE,FALSE,AUTO_OR_INHERITED,,FALSE,FALSE,,FALSE,,,BLACK_SPECIMEN_RUN,BLACK_OR_INHERITED,FORMAT_DOCUMENT_CONTENT,YES,LibreOffice-derived OOXML inspection of hash-verified legacy source; inherited properties remain explicit as such.
HFUT_FMT_DOC,P068,MANUSCRIPT_FORMAT_INSTRUCTION,1,"[12] Fourney M E. Advances in holographic photoelasticity [C]// GottenbergW G. Symposium on Applications of Holography in Mechanics, August23-25, 1971, University of Southern California, Los Angeles, California. New York: ASME, 1971: 17-38.","[12] Fourney M E. Advances in holographic photoelasticity [C]// GottenbergW G. Symposium on Applications of Holography in Mechanics, August23-25, 1971, University of Southern California, Los Angeles, California. New York: ASME, 1971: 17-38.",,,,,7.5,FALSE,FALSE,AUTO_OR_INHERITED,,FALSE,FALSE,,FALSE,,,BLACK_SPECIMEN_RUN,BLACK_OR_INHERITED,FORMAT_DOCUMENT_CONTENT,YES,LibreOffice-derived OOXML inspection of hash-verified legacy source; inherited properties remain explicit as such.
HFUT_FMT_DOC,P069,MANUSCRIPT_FORMAT_INSTRUCTION,1,[13] ,[13],,,,,7.5,FALSE,FALSE,AUTO_OR_INHERITED,,FALSE,FALSE,,TRUE,, ,BLACK_SPECIMEN_RUN,BLACK_OR_INHERITED,FORMAT_DOCUMENT_CONTENT,YES,LibreOffice-derived OOXML inspection of hash-verified legacy source; inherited properties remain explicit as such.
HFUT_FMT_DOC,P069,MANUSCRIPT_FORMAT_INSTRUCTION,2,乔晓罡,乔晓罡,,,,,7.5,FALSE,FALSE,AUTO_OR_INHERITED,,FALSE,FALSE,,FALSE,,,BLACK_SPECIMEN_RUN,BLACK_OR_INHERITED,FORMAT_DOCUMENT_CONTENT,YES,LibreOffice-derived OOXML inspection of hash-verified legacy source; inherited properties remain explicit as such.
HFUT_FMT_DOC,P069,MANUSCRIPT_FORMAT_INSTRUCTION,3,",",",",,,,,7.5,FALSE,FALSE,AUTO_OR_INHERITED,,FALSE,FALSE,,FALSE,,,BLACK_SPECIMEN_RUN,BLACK_OR_INHERITED,FORMAT_DOCUMENT_CONTENT,YES,LibreOffice-derived OOXML inspection of hash-verified legacy source; inherited properties remain explicit as such.
HFUT_FMT_DOC,P069,MANUSCRIPT_FORMAT_INSTRUCTION,4,李文静,李文静,,,,,7.5,FALSE,FALSE,AUTO_OR_INHERITED,,FALSE,FALSE,,FALSE,,,BLACK_SPECIMEN_RUN,BLACK_OR_INHERITED,FORMAT_DOCUMENT_CONTENT,YES,LibreOffice-derived OOXML inspection of hash-verified legacy source; inherited properties remain explicit as such.
HFUT_FMT_DOC,P069,MANUSCRIPT_FORMAT_INSTRUCTION,5,.,.,,,,,7.5,FALSE,FALSE,AUTO_OR_INHERITED,,FALSE,FALSE,,FALSE,,,BLACK_SPECIMEN_RUN,BLACK_OR_INHERITED,FORMAT_DOCUMENT_CONTENT,YES,LibreOffice-derived OOXML inspection of hash-verified legacy source; inherited properties remain explicit as such.
HFUT_FMT_DOC,P069,MANUSCRIPT_FORMAT_INSTRUCTION,6,从一些国家雨水利用情况谈我国的雨水利用,从一些国家雨水利用情况谈我国的雨水利用,,,,,7.5,FALSE,FALSE,AUTO_OR_INHERITED,,FALSE,FALSE,,FALSE,,,BLACK_SPECIMEN_RUN,BLACK_OR_INHERITED,FORMAT_DOCUMENT_CONTENT,YES,LibreOffice-derived OOXML inspection of hash-verified legacy source; inherited properties remain explicit as such.
HFUT_FMT_DOC,P069,MANUSCRIPT_FORMAT_INSTRUCTION,7,[C]// ,[C]//,,,,,7.5,FALSE,FALSE,AUTO_OR_INHERITED,,FALSE,FALSE,,TRUE,, ,BLACK_SPECIMEN_RUN,BLACK_OR_INHERITED,FORMAT_DOCUMENT_CONTENT,YES,LibreOffice-derived OOXML inspection of hash-verified legacy source; inherited properties remain explicit as such.
HFUT_FMT_DOC,P069,MANUSCRIPT_FORMAT_INSTRUCTION,8,“,“,宋体;SimSun,宋体;SimSun,,宋体;SimSun,7.5,FALSE,FALSE,AUTO_OR_INHERITED,,FALSE,FALSE,,FALSE,,,BLACK_SPECIMEN_RUN,BLACK_OR_INHERITED,FORMAT_DOCUMENT_CONTENT,YES,LibreOffice-derived OOXML inspection of hash-verified legacy source; inherited properties remain explicit as such.
HFUT_FMT_DOC,P069,MANUSCRIPT_FORMAT_INSTRUCTION,9,建设资源节约型、环境友好型社会”高层论坛论文集,建设资源节约型、环境友好型社会”高层论坛论文集,,,,,7.5,FALSE,FALSE,AUTO_OR_INHERITED,,FALSE,FALSE,,FALSE,,,BLACK_SPECIMEN_RUN,BLACK_OR_INHERITED,FORMAT_DOCUMENT_CONTENT,YES,LibreOffice-derived OOXML inspection of hash-verified legacy source; inherited properties remain explicit as such.
HFUT_FMT_DOC,P069,MANUSCRIPT_FORMAT_INSTRUCTION,10,.,.,,,,,7.5,FALSE,FALSE,AUTO_OR_INHERITED,,FALSE,FALSE,,FALSE,,,BLACK_SPECIMEN_RUN,BLACK_OR_INHERITED,FORMAT_DOCUMENT_CONTENT,YES,LibreOffice-derived OOXML inspection of hash-verified legacy source; inherited properties remain explicit as such.
HFUT_FMT_DOC,P069,MANUSCRIPT_FORMAT_INSTRUCTION,11,陕西,陕西,,,,,7.5,FALSE,FALSE,AUTO_OR_INHERITED,,FALSE,FALSE,,FALSE,,,BLACK_SPECIMEN_RUN,BLACK_OR_INHERITED,FORMAT_DOCUMENT_CONTENT,YES,LibreOffice-derived OOXML inspection of hash-verified legacy source; inherited properties remain explicit as such.
HFUT_FMT_DOC,P069,MANUSCRIPT_FORMAT_INSTRUCTION,12,:,:,,,,,7.5,FALSE,FALSE,AUTO_OR_INHERITED,,FALSE,FALSE,,FALSE,,,BLACK_SPECIMEN_RUN,BLACK_OR_INHERITED,FORMAT_DOCUMENT_CONTENT,YES,LibreOffice-derived OOXML inspection of hash-verified legacy source; inherited properties remain explicit as such.
HFUT_FMT_DOC,P069,MANUSCRIPT_FORMAT_INSTRUCTION,13,西安地图出版社,西安地图出版社,,,,,7.5,FALSE,FALSE,AUTO_OR_INHERITED,,FALSE,FALSE,,FALSE,,,BLACK_SPECIMEN_RUN,BLACK_OR_INHERITED,FORMAT_DOCUMENT_CONTENT,YES,LibreOffice-derived OOXML inspection of hash-verified legacy source; inherited properties remain explicit as such.
HFUT_FMT_DOC,P069,MANUSCRIPT_FORMAT_INSTRUCTION,14,",2007:239-242.",",2007:239-242.",,,,,7.5,FALSE,FALSE,AUTO_OR_INHERITED,,FALSE,FALSE,,FALSE,,,BLACK_SPECIMEN_RUN,BLACK_OR_INHERITED,FORMAT_DOCUMENT_CONTENT,YES,LibreOffice-derived OOXML inspection of hash-verified legacy source; inherited properties remain explicit as such.
HFUT_FMT_DOC,P070,MANUSCRIPT_FORMAT_INSTRUCTION,1,[14] ,[14],,,,,7.5,FALSE,FALSE,AUTO_OR_INHERITED,,FALSE,FALSE,,TRUE,, ,BLACK_SPECIMEN_RUN,BLACK_OR_INHERITED,FORMAT_DOCUMENT_CONTENT,YES,LibreOffice-derived OOXML inspection of hash-verified legacy source; inherited properties remain explicit as such.
HFUT_FMT_DOC,P070,MANUSCRIPT_FORMAT_INSTRUCTION,2,肖希明,肖希明,,,,,7.5,FALSE,FALSE,AUTO_OR_INHERITED,,FALSE,FALSE,,FALSE,,,BLACK_SPECIMEN_RUN,BLACK_OR_INHERITED,FORMAT_DOCUMENT_CONTENT,YES,LibreOffice-derived OOXML inspection of hash-verified legacy source; inherited properties remain explicit as such.
HFUT_FMT_DOC,P070,MANUSCRIPT_FORMAT_INSTRUCTION,3,",",",",,,,,7.5,FALSE,FALSE,AUTO_OR_INHERITED,,FALSE,FALSE,,FALSE,,,BLACK_SPECIMEN_RUN,BLACK_OR_INHERITED,FORMAT_DOCUMENT_CONTENT,YES,LibreOffice-derived OOXML inspection of hash-verified legacy source; inherited properties remain explicit as such.
HFUT_FMT_DOC,P070,MANUSCRIPT_FORMAT_INSTRUCTION,4,石庆功,石庆功,,,,,7.5,FALSE,FALSE,AUTO_OR_INHERITED,,FALSE,FALSE,,FALSE,,,BLACK_SPECIMEN_RUN,BLACK_OR_INHERITED,FORMAT_DOCUMENT_CONTENT,YES,LibreOffice-derived OOXML inspection of hash-verified legacy source; inherited properties remain explicit as such.
HFUT_FMT_DOC,P070,MANUSCRIPT_FORMAT_INSTRUCTION,5,",",",",,,,,7.5,FALSE,FALSE,AUTO_OR_INHERITED,,FALSE,FALSE,,FALSE,,,BLACK_SPECIMEN_RUN,BLACK_OR_INHERITED,FORMAT_DOCUMENT_CONTENT,YES,LibreOffice-derived OOXML inspection of hash-verified legacy source; inherited properties remain explicit as such.
HFUT_FMT_DOC,P070,MANUSCRIPT_FORMAT_INSTRUCTION,6,刘奕,刘奕,,,,,7.5,FALSE,FALSE,AUTO_OR_INHERITED,,FALSE,FALSE,,FALSE,,,BLACK_SPECIMEN_RUN,BLACK_OR_INHERITED,FORMAT_DOCUMENT_CONTENT,YES,LibreOffice-derived OOXML inspection of hash-verified legacy source; inherited properties remain explicit as such.
HFUT_FMT_DOC,P070,MANUSCRIPT_FORMAT_INSTRUCTION,7,.,.,,,,,7.5,FALSE,FALSE,AUTO_OR_INHERITED,,FALSE,FALSE,,FALSE,,,BLACK_SPECIMEN_RUN,BLACK_OR_INHERITED,FORMAT_DOCUMENT_CONTENT,YES,LibreOffice-derived OOXML inspection of hash-verified legacy source; inherited properties remain explicit as such.
HFUT_FMT_DOC,P070,MANUSCRIPT_FORMAT_INSTRUCTION,8,民国图书馆学教育的社会贡献,民国图书馆学教育的社会贡献,,,,,7.5,FALSE,FALSE,AUTO_OR_INHERITED,,FALSE,FALSE,,FALSE,,,BLACK_SPECIMEN_RUN,BLACK_OR_INHERITED,FORMAT_DOCUMENT_CONTENT,YES,LibreOffice-derived OOXML inspection of hash-verified legacy source; inherited properties remain explicit as such.
HFUT_FMT_DOC,P070,MANUSCRIPT_FORMAT_INSTRUCTION,9,[C]//,[C]//,,,,,7.5,FALSE,FALSE,AUTO_OR_INHERITED,,FALSE,FALSE,,FALSE,,,BLACK_SPECIMEN_RUN,BLACK_OR_INHERITED,FORMAT_DOCUMENT_CONTENT,YES,LibreOffice-derived OOXML inspection of hash-verified legacy source; inherited properties remain explicit as such.
HFUT_FMT_DOC,P070,MANUSCRIPT_FORMAT_INSTRUCTION,10,纪念北京大学图书馆学教育,纪念北京大学图书馆学教育,,,,,7.5,FALSE,FALSE,AUTO_OR_INHERITED,,FALSE,FALSE,,FALSE,,,BLACK_SPECIMEN_RUN,BLACK_OR_INHERITED,FORMAT_DOCUMENT_CONTENT,YES,LibreOffice-derived OOXML inspection of hash-verified legacy source; inherited properties remain explicit as such.
HFUT_FMT_DOC,P070,MANUSCRIPT_FORMAT_INSTRUCTION,11,100,100,,,,,7.5,FALSE,FALSE,AUTO_OR_INHERITED,,FALSE,FALSE,,FALSE,,,BLACK_SPECIMEN_RUN,BLACK_OR_INHERITED,FORMAT_DOCUMENT_CONTENT,YES,LibreOffice-derived OOXML inspection of hash-verified legacy source; inherited properties remain explicit as such.
HFUT_FMT_DOC,P070,MANUSCRIPT_FORMAT_INSTRUCTION,12,周年研讨会论文集,周年研讨会论文集,,,,,7.5,FALSE,FALSE,AUTO_OR_INHERITED,,FALSE,FALSE,,FALSE,,,BLACK_SPECIMEN_RUN,BLACK_OR_INHERITED,FORMAT_DOCUMENT_CONTENT,YES,LibreOffice-derived OOXML inspection of hash-verified legacy source; inherited properties remain explicit as such.
HFUT_FMT_DOC,P070,MANUSCRIPT_FORMAT_INSTRUCTION,13,.,.,,,,,7.5,FALSE,FALSE,AUTO_OR_INHERITED,,FALSE,FALSE,,FALSE,,,BLACK_SPECIMEN_RUN,BLACK_OR_INHERITED,FORMAT_DOCUMENT_CONTENT,YES,LibreOffice-derived OOXML inspection of hash-verified legacy source; inherited properties remain explicit as such.
HFUT_FMT_DOC,P070,MANUSCRIPT_FORMAT_INSTRUCTION,14,北京,北京,,,,,7.5,FALSE,FALSE,AUTO_OR_INHERITED,,FALSE,FALSE,,FALSE,,,BLACK_SPECIMEN_RUN,BLACK_OR_INHERITED,FORMAT_DOCUMENT_CONTENT,YES,LibreOffice-derived OOXML inspection of hash-verified legacy source; inherited properties remain explicit as such.
HFUT_FMT_DOC,P070,MANUSCRIPT_FORMAT_INSTRUCTION,15,:,:,,,,,7.5,FALSE,FALSE,AUTO_OR_INHERITED,,FALSE,FALSE,,FALSE,,,BLACK_SPECIMEN_RUN,BLACK_OR_INHERITED,FORMAT_DOCUMENT_CONTENT,YES,LibreOffice-derived OOXML inspection of hash-verified legacy source; inherited properties remain explicit as such.
HFUT_FMT_DOC,P070,MANUSCRIPT_FORMAT_INSTRUCTION,16,北京大学信息管理系,北京大学信息管理系,,,,,7.5,FALSE,FALSE,AUTO_OR_INHERITED,,FALSE,FALSE,,FALSE,,,BLACK_SPECIMEN_RUN,BLACK_OR_INHERITED,FORMAT_DOCUMENT_CONTENT,YES,LibreOffice-derived OOXML inspection of hash-verified legacy source; inherited properties remain explicit as such.
HFUT_FMT_DOC,P070,MANUSCRIPT_FORMAT_INSTRUCTION,17,",2024:134-147.",",2024:134-147.",,,,,7.5,FALSE,FALSE,AUTO_OR_INHERITED,,FALSE,FALSE,,FALSE,,,BLACK_SPECIMEN_RUN,BLACK_OR_INHERITED,FORMAT_DOCUMENT_CONTENT,YES,LibreOffice-derived OOXML inspection of hash-verified legacy source; inherited properties remain explicit as such.
HFUT_FMT_DOC,P071,MANUSCRIPT_FORMAT_INSTRUCTION,1,学位论文：,学位论文：,,,,宋体;SimSun,7.5,TRUE,FALSE,FF0000,,FALSE,FALSE,,FALSE,,,RED_INSTRUCTION_RUN,RED,RED_INSTRUCTIONAL_ANNOTATION,NO,LibreOffice-derived OOXML inspection of hash-verified legacy source; inherited properties remain explicit as such.
HFUT_FMT_DOC,P071,MANUSCRIPT_FORMAT_INSTRUCTION,2,[,[,,,,宋体;SimSun,7.5,TRUE,FALSE,FF0000,,FALSE,FALSE,,FALSE,,,RED_INSTRUCTION_RUN,RED,RED_INSTRUCTIONAL_ANNOTATION,NO,LibreOffice-derived OOXML inspection of hash-verified legacy source; inherited properties remain explicit as such.
HFUT_FMT_DOC,P071,MANUSCRIPT_FORMAT_INSTRUCTION,3,序号,序号,,,,宋体;SimSun,7.5,TRUE,FALSE,FF0000,,FALSE,FALSE,,FALSE,,,RED_INSTRUCTION_RUN,RED,RED_INSTRUCTIONAL_ANNOTATION,NO,LibreOffice-derived OOXML inspection of hash-verified legacy source; inherited properties remain explicit as such.
HFUT_FMT_DOC,P071,MANUSCRIPT_FORMAT_INSTRUCTION,4,] ,],,,,宋体;SimSun,7.5,TRUE,FALSE,FF0000,,FALSE,FALSE,,TRUE,, ,RED_INSTRUCTION_RUN,RED,RED_INSTRUCTIONAL_ANNOTATION,NO,LibreOffice-derived OOXML inspection of hash-verified legacy source; inherited properties remain explicit as such.
HFUT_FMT_DOC,P071,MANUSCRIPT_FORMAT_INSTRUCTION,5,作者（格式要求同期刊）,作者（格式要求同期刊）,,,,宋体;SimSun,7.5,TRUE,FALSE,FF0000,,FALSE,FALSE,,FALSE,,,RED_INSTRUCTION_RUN,RED,RED_INSTRUCTIONAL_ANNOTATION,NO,LibreOffice-derived OOXML inspection of hash-verified legacy source; inherited properties remain explicit as such.
HFUT_FMT_DOC,P071,MANUSCRIPT_FORMAT_INSTRUCTION,6,.,.,,,,宋体;SimSun,7.5,TRUE,FALSE,FF0000,,FALSE,FALSE,,FALSE,,,RED_INSTRUCTION_RUN,RED,RED_INSTRUCTIONAL_ANNOTATION,NO,LibreOffice-derived OOXML inspection of hash-verified legacy source; inherited properties remain explicit as such.
HFUT_FMT_DOC,P071,MANUSCRIPT_FORMAT_INSTRUCTION,7,题名,题名,,,,宋体;SimSun,7.5,TRUE,FALSE,FF0000,,FALSE,FALSE,,FALSE,,,RED_INSTRUCTION_RUN,RED,RED_INSTRUCTIONAL_ANNOTATION,NO,LibreOffice-derived OOXML inspection of hash-verified legacy source; inherited properties remain explicit as such.
HFUT_FMT_DOC,P071,MANUSCRIPT_FORMAT_INSTRUCTION,8,[D].,[D].,,,,宋体;SimSun,7.5,TRUE,FALSE,FF0000,,FALSE,FALSE,,FALSE,,,RED_INSTRUCTION_RUN,RED,RED_INSTRUCTIONAL_ANNOTATION,NO,LibreOffice-derived OOXML inspection of hash-verified legacy source; inherited properties remain explicit as such.
HFUT_FMT_DOC,P071,MANUSCRIPT_FORMAT_INSTRUCTION,9,保存地点,保存地点,,,,宋体;SimSun,7.5,TRUE,FALSE,FF0000,,FALSE,FALSE,,FALSE,,,RED_INSTRUCTION_RUN,RED,RED_INSTRUCTIONAL_ANNOTATION,NO,LibreOffice-derived OOXML inspection of hash-verified legacy source; inherited properties remain explicit as such.
HFUT_FMT_DOC,P071,MANUSCRIPT_FORMAT_INSTRUCTION,10,:,:,,,,宋体;SimSun,7.5,TRUE,FALSE,FF0000,,FALSE,FALSE,,FALSE,,,RED_INSTRUCTION_RUN,RED,RED_INSTRUCTIONAL_ANNOTATION,NO,LibreOffice-derived OOXML inspection of hash-verified legacy source; inherited properties remain explicit as such.
HFUT_FMT_DOC,P071,MANUSCRIPT_FORMAT_INSTRUCTION,11,保存单位，授予年份：引文页码,保存单位，授予年份：引文页码,,,,宋体;SimSun,7.5,TRUE,FALSE,FF0000,,FALSE,FALSE,,FALSE,,,RED_INSTRUCTION_RUN,RED,RED_INSTRUCTIONAL_ANNOTATION,NO,LibreOffice-derived OOXML inspection of hash-verified legacy source; inherited properties remain explicit as such.
HFUT_FMT_DOC,P071,MANUSCRIPT_FORMAT_INSTRUCTION,12,.,.,,,,宋体;SimSun,7.5,TRUE,FALSE,FF0000,,FALSE,FALSE,,FALSE,,,RED_INSTRUCTION_RUN,RED,RED_INSTRUCTIONAL_ANNOTATION,NO,LibreOffice-derived OOXML inspection of hash-verified legacy source; inherited properties remain explicit as such.
HFUT_FMT_DOC,P072,MANUSCRIPT_FORMAT_INSTRUCTION,1,[15] ,[15],,,,,7.5,FALSE,FALSE,AUTO_OR_INHERITED,,FALSE,FALSE,,TRUE,, ,BLACK_SPECIMEN_RUN,BLACK_OR_INHERITED,FORMAT_DOCUMENT_CONTENT,YES,LibreOffice-derived OOXML inspection of hash-verified legacy source; inherited properties remain explicit as such.
HFUT_FMT_DOC,P072,MANUSCRIPT_FORMAT_INSTRUCTION,2,王琦,王琦,,,,宋体;SimSun,7.5,FALSE,FALSE,AUTO_OR_INHERITED,,FALSE,FALSE,,FALSE,,,BLACK_SPECIMEN_RUN,BLACK_OR_INHERITED,FORMAT_DOCUMENT_CONTENT,YES,LibreOffice-derived OOXML inspection of hash-verified legacy source; inherited properties remain explicit as such.
HFUT_FMT_DOC,P072,MANUSCRIPT_FORMAT_INSTRUCTION,3,.,.,,,,宋体;SimSun,7.5,FALSE,FALSE,AUTO_OR_INHERITED,,FALSE,FALSE,,FALSE,,,BLACK_SPECIMEN_RUN,BLACK_OR_INHERITED,FORMAT_DOCUMENT_CONTENT,YES,LibreOffice-derived OOXML inspection of hash-verified legacy source; inherited properties remain explicit as such.
HFUT_FMT_DOC,P072,MANUSCRIPT_FORMAT_INSTRUCTION,4,融合星载,融合星载,,,,宋体;SimSun,7.5,FALSE,FALSE,AUTO_OR_INHERITED,,FALSE,FALSE,,FALSE,,,BLACK_SPECIMEN_RUN,BLACK_OR_INHERITED,FORMAT_DOCUMENT_CONTENT,YES,LibreOffice-derived OOXML inspection of hash-verified legacy source; inherited properties remain explicit as such.
HFUT_FMT_DOC,P072,MANUSCRIPT_FORMAT_INSTRUCTION,5,GNSS-R,GNSS-R,,,,宋体;SimSun,7.5,FALSE,FALSE,AUTO_OR_INHERITED,,FALSE,FALSE,,FALSE,,,BLACK_SPECIMEN_RUN,BLACK_OR_INHERITED,FORMAT_DOCUMENT_CONTENT,YES,LibreOffice-derived OOXML inspection of hash-verified legacy source; inherited properties remain explicit as such.
HFUT_FMT_DOC,P072,MANUSCRIPT_FORMAT_INSTRUCTION,6,和,和,,,,宋体;SimSun,7.5,FALSE,FALSE,AUTO_OR_INHERITED,,FALSE,FALSE,,FALSE,,,BLACK_SPECIMEN_RUN,BLACK_OR_INHERITED,FORMAT_DOCUMENT_CONTENT,YES,LibreOffice-derived OOXML inspection of hash-verified legacy source; inherited properties remain explicit as such.
HFUT_FMT_DOC,P072,MANUSCRIPT_FORMAT_INSTRUCTION,7,SAR,SAR,,,,宋体;SimSun,7.5,FALSE,FALSE,AUTO_OR_INHERITED,,FALSE,FALSE,,FALSE,,,BLACK_SPECIMEN_RUN,BLACK_OR_INHERITED,FORMAT_DOCUMENT_CONTENT,YES,LibreOffice-derived OOXML inspection of hash-verified legacy source; inherited properties remain explicit as such.
HFUT_FMT_DOC,P072,MANUSCRIPT_FORMAT_INSTRUCTION,8,数据的高时空分辨率土壤湿度反演方法研究,数据的高时空分辨率土壤湿度反演方法研究,,,,宋体;SimSun,7.5,FALSE,FALSE,AUTO_OR_INHERITED,,FALSE,FALSE,,FALSE,,,BLACK_SPECIMEN_RUN,BLACK_OR_INHERITED,FORMAT_DOCUMENT_CONTENT,YES,LibreOffice-derived OOXML inspection of hash-verified legacy source; inherited properties remain explicit as such.
HFUT_FMT_DOC,P072,MANUSCRIPT_FORMAT_INSTRUCTION,9,[D].,[D].,,,,宋体;SimSun,7.5,FALSE,FALSE,AUTO_OR_INHERITED,,FALSE,FALSE,,FALSE,,,BLACK_SPECIMEN_RUN,BLACK_OR_INHERITED,FORMAT_DOCUMENT_CONTENT,YES,LibreOffice-derived OOXML inspection of hash-verified legacy source; inherited properties remain explicit as such.
HFUT_FMT_DOC,P072,MANUSCRIPT_FORMAT_INSTRUCTION,10,武汉,武汉,,,,宋体;SimSun,7.5,FALSE,FALSE,AUTO_OR_INHERITED,,FALSE,FALSE,,FALSE,,,BLACK_SPECIMEN_RUN,BLACK_OR_INHERITED,FORMAT_DOCUMENT_CONTENT,YES,LibreOffice-derived OOXML inspection of hash-verified legacy source; inherited properties remain explicit as such.
HFUT_FMT_DOC,P072,MANUSCRIPT_FORMAT_INSTRUCTION,11,:,:,,,,宋体;SimSun,7.5,FALSE,FALSE,AUTO_OR_INHERITED,,FALSE,FALSE,,FALSE,,,BLACK_SPECIMEN_RUN,BLACK_OR_INHERITED,FORMAT_DOCUMENT_CONTENT,YES,LibreOffice-derived OOXML inspection of hash-verified legacy source; inherited properties remain explicit as such.
HFUT_FMT_DOC,P072,MANUSCRIPT_FORMAT_INSTRUCTION,12,武汉大学,武汉大学,,,,宋体;SimSun,7.5,FALSE,FALSE,AUTO_OR_INHERITED,,FALSE,FALSE,,FALSE,,,BLACK_SPECIMEN_RUN,BLACK_OR_INHERITED,FORMAT_DOCUMENT_CONTENT,YES,LibreOffice-derived OOXML inspection of hash-verified legacy source; inherited properties remain explicit as such.
HFUT_FMT_DOC,P072,MANUSCRIPT_FORMAT_INSTRUCTION,13,",2022:87.",",2022:87.",,,,宋体;SimSun,7.5,FALSE,FALSE,AUTO_OR_INHERITED,,FALSE,FALSE,,FALSE,,,BLACK_SPECIMEN_RUN,BLACK_OR_INHERITED,FORMAT_DOCUMENT_CONTENT,YES,LibreOffice-derived OOXML inspection of hash-verified legacy source; inherited properties remain explicit as such.
HFUT_FMT_DOC,P073,MANUSCRIPT_FORMAT_INSTRUCTION,1,"[16] Christou A. Improving knowledge graph understanding with contextual views [D]. Ohio: Wrigbt State University, 2024: 18.","[16] Christou A. Improving knowledge graph understanding with contextual views [D]. Ohio: Wrigbt State University, 2024: 18.",,,,,7.5,FALSE,FALSE,AUTO_OR_INHERITED,,FALSE,FALSE,,FALSE,,,BLACK_SPECIMEN_RUN,BLACK_OR_INHERITED,FORMAT_DOCUMENT_CONTENT,YES,LibreOffice-derived OOXML inspection of hash-verified legacy source; inherited properties remain explicit as such.
HFUT_FMT_DOC,P074,MANUSCRIPT_FORMAT_INSTRUCTION,1,标准：,标准：,,,,宋体;SimSun,7.5,TRUE,FALSE,FF0000,,FALSE,FALSE,,FALSE,,,RED_INSTRUCTION_RUN,RED,RED_INSTRUCTIONAL_ANNOTATION,NO,LibreOffice-derived OOXML inspection of hash-verified legacy source; inherited properties remain explicit as such.
HFUT_FMT_DOC,P074,MANUSCRIPT_FORMAT_INSTRUCTION,2,[,[,,,,宋体;SimSun,7.5,TRUE,FALSE,FF0000,,FALSE,FALSE,,FALSE,,,RED_INSTRUCTION_RUN,RED,RED_INSTRUCTIONAL_ANNOTATION,NO,LibreOffice-derived OOXML inspection of hash-verified legacy source; inherited properties remain explicit as such.
HFUT_FMT_DOC,P074,MANUSCRIPT_FORMAT_INSTRUCTION,3,序号,序号,,,,宋体;SimSun,7.5,TRUE,FALSE,FF0000,,FALSE,FALSE,,FALSE,,,RED_INSTRUCTION_RUN,RED,RED_INSTRUCTIONAL_ANNOTATION,NO,LibreOffice-derived OOXML inspection of hash-verified legacy source; inherited properties remain explicit as such.
HFUT_FMT_DOC,P074,MANUSCRIPT_FORMAT_INSTRUCTION,4,] ,],,,,宋体;SimSun,7.5,TRUE,FALSE,FF0000,,FALSE,FALSE,,TRUE,, ,RED_INSTRUCTION_RUN,RED,RED_INSTRUCTIONAL_ANNOTATION,NO,LibreOffice-derived OOXML inspection of hash-verified legacy source; inherited properties remain explicit as such.
HFUT_FMT_DOC,P074,MANUSCRIPT_FORMAT_INSTRUCTION,5,标准编号,标准编号,,,,宋体;SimSun,7.5,TRUE,FALSE,FF0000,,FALSE,FALSE,,FALSE,,,RED_INSTRUCTION_RUN,RED,RED_INSTRUCTIONAL_ANNOTATION,NO,LibreOffice-derived OOXML inspection of hash-verified legacy source; inherited properties remain explicit as such.
HFUT_FMT_DOC,P074,MANUSCRIPT_FORMAT_INSTRUCTION,6, ,,,,Times New Roman,Times New Roman,7.5,TRUE,FALSE,FF0000,,FALSE,FALSE,,TRUE, , ,RED_INSTRUCTION_RUN,RED,RED_INSTRUCTIONAL_ANNOTATION,NO,LibreOffice-derived OOXML inspection of hash-verified legacy source; inherited properties remain explicit as such.
HFUT_FMT_DOC,P074,MANUSCRIPT_FORMAT_INSTRUCTION,7,标准名称,标准名称,,,,宋体;SimSun,7.5,TRUE,FALSE,FF0000,,FALSE,FALSE,,FALSE,,,RED_INSTRUCTION_RUN,RED,RED_INSTRUCTIONAL_ANNOTATION,NO,LibreOffice-derived OOXML inspection of hash-verified legacy source; inherited properties remain explicit as such.
HFUT_FMT_DOC,P074,MANUSCRIPT_FORMAT_INSTRUCTION,8,[S].,[S].,,,,宋体;SimSun,7.5,TRUE,FALSE,FF0000,,FALSE,FALSE,,FALSE,,,RED_INSTRUCTION_RUN,RED,RED_INSTRUCTIONAL_ANNOTATION,NO,LibreOffice-derived OOXML inspection of hash-verified legacy source; inherited properties remain explicit as such.
HFUT_FMT_DOC,P075,MANUSCRIPT_FORMAT_INSTRUCTION,1,[17]  GB/T 22068—2018 ,[17] GB/T 22068—2018,,,,,7.5,FALSE,FALSE,AUTO_OR_INHERITED,,FALSE,FALSE,,TRUE,, ,BLACK_SPECIMEN_RUN,BLACK_OR_INHERITED,FORMAT_DOCUMENT_CONTENT,YES,LibreOffice-derived OOXML inspection of hash-verified legacy source; inherited properties remain explicit as such.
HFUT_FMT_DOC,P075,MANUSCRIPT_FORMAT_INSTRUCTION,2,汽车空调用电动压缩机总成,汽车空调用电动压缩机总成,,,,宋体;SimSun,7.5,FALSE,FALSE,AUTO_OR_INHERITED,,FALSE,FALSE,,FALSE,,,BLACK_SPECIMEN_RUN,BLACK_OR_INHERITED,FORMAT_DOCUMENT_CONTENT,YES,LibreOffice-derived OOXML inspection of hash-verified legacy source; inherited properties remain explicit as such.
HFUT_FMT_DOC,P075,MANUSCRIPT_FORMAT_INSTRUCTION,3,[S].,[S].,,,,,7.5,FALSE,FALSE,AUTO_OR_INHERITED,,FALSE,FALSE,,FALSE,,,BLACK_SPECIMEN_RUN,BLACK_OR_INHERITED,FORMAT_DOCUMENT_CONTENT,YES,LibreOffice-derived OOXML inspection of hash-verified legacy source; inherited properties remain explicit as such.
HFUT_FMT_DOC,P076,MANUSCRIPT_FORMAT_INSTRUCTION,1,[18]  IEC/IEEE 61636-1:2021 Software interface for maintenance information collection and analysis (SIMICA): exchanging test results and session information via the eXtensible Markup Language (XML)[S].,[18] IEC/IEEE 61636-1:2021 Software interface for maintenance information collection and analysis (SIMICA): exchanging test results and session information via the eXtensible Markup Language (XML)[S].,,,,,7.5,FALSE,FALSE,AUTO_OR_INHERITED,,FALSE,FALSE,,FALSE,,,BLACK_SPECIMEN_RUN,BLACK_OR_INHERITED,FORMAT_DOCUMENT_CONTENT,YES,LibreOffice-derived OOXML inspection of hash-verified legacy source; inherited properties remain explicit as such.
HFUT_FMT_DOC,P077,MANUSCRIPT_FORMAT_INSTRUCTION,1,预印本：,预印本：,,,,宋体;SimSun,7.5,TRUE,FALSE,FF0000,,FALSE,FALSE,,FALSE,,,RED_INSTRUCTION_RUN,RED,RED_INSTRUCTIONAL_ANNOTATION,NO,LibreOffice-derived OOXML inspection of hash-verified legacy source; inherited properties remain explicit as such.
HFUT_FMT_DOC,P077,MANUSCRIPT_FORMAT_INSTRUCTION,2,[,[,,,,宋体;SimSun,7.5,TRUE,FALSE,FF0000,,FALSE,FALSE,,FALSE,,,RED_INSTRUCTION_RUN,RED,RED_INSTRUCTIONAL_ANNOTATION,NO,LibreOffice-derived OOXML inspection of hash-verified legacy source; inherited properties remain explicit as such.
HFUT_FMT_DOC,P077,MANUSCRIPT_FORMAT_INSTRUCTION,3,序号,序号,,,,宋体;SimSun,7.5,TRUE,FALSE,FF0000,,FALSE,FALSE,,FALSE,,,RED_INSTRUCTION_RUN,RED,RED_INSTRUCTIONAL_ANNOTATION,NO,LibreOffice-derived OOXML inspection of hash-verified legacy source; inherited properties remain explicit as such.
HFUT_FMT_DOC,P077,MANUSCRIPT_FORMAT_INSTRUCTION,4,] ,],,,,宋体;SimSun,7.5,TRUE,FALSE,FF0000,,FALSE,FALSE,,TRUE,, ,RED_INSTRUCTION_RUN,RED,RED_INSTRUCTIONAL_ANNOTATION,NO,LibreOffice-derived OOXML inspection of hash-verified legacy source; inherited properties remain explicit as such.
HFUT_FMT_DOC,P077,MANUSCRIPT_FORMAT_INSTRUCTION,5,作者（格式要求同期刊）,作者（格式要求同期刊）,,,,宋体;SimSun,7.5,TRUE,FALSE,FF0000,,FALSE,FALSE,,FALSE,,,RED_INSTRUCTION_RUN,RED,RED_INSTRUCTIONAL_ANNOTATION,NO,LibreOffice-derived OOXML inspection of hash-verified legacy source; inherited properties remain explicit as such.
HFUT_FMT_DOC,P077,MANUSCRIPT_FORMAT_INSTRUCTION,6,.,.,,,,宋体;SimSun,7.5,TRUE,FALSE,FF0000,,FALSE,FALSE,,FALSE,,,RED_INSTRUCTION_RUN,RED,RED_INSTRUCTIONAL_ANNOTATION,NO,LibreOffice-derived OOXML inspection of hash-verified legacy source; inherited properties remain explicit as such.
HFUT_FMT_DOC,P077,MANUSCRIPT_FORMAT_INSTRUCTION,7,题名,题名,,,,宋体;SimSun,7.5,TRUE,FALSE,FF0000,,FALSE,FALSE,,FALSE,,,RED_INSTRUCTION_RUN,RED,RED_INSTRUCTIONAL_ANNOTATION,NO,LibreOffice-derived OOXML inspection of hash-verified legacy source; inherited properties remain explicit as such.
HFUT_FMT_DOC,P077,MANUSCRIPT_FORMAT_INSTRUCTION,8,[PP/OL].,[PP/OL].,,,,宋体;SimSun,7.5,TRUE,FALSE,FF0000,,FALSE,FALSE,,FALSE,,,RED_INSTRUCTION_RUN,RED,RED_INSTRUCTIONAL_ANNOTATION,NO,LibreOffice-derived OOXML inspection of hash-verified legacy source; inherited properties remain explicit as such.
HFUT_FMT_DOC,P077,MANUSCRIPT_FORMAT_INSTRUCTION,9,版本,版本,,,,宋体;SimSun,7.5,TRUE,FALSE,FF0000,,FALSE,FALSE,,FALSE,,,RED_INSTRUCTION_RUN,RED,RED_INSTRUCTIONAL_ANNOTATION,NO,LibreOffice-derived OOXML inspection of hash-verified legacy source; inherited properties remain explicit as such.
HFUT_FMT_DOC,P077,MANUSCRIPT_FORMAT_INSTRUCTION,10,.,.,,,,宋体;SimSun,7.5,TRUE,FALSE,FF0000,,FALSE,FALSE,,FALSE,,,RED_INSTRUCTION_RUN,RED,RED_INSTRUCTIONAL_ANNOTATION,NO,LibreOffice-derived OOXML inspection of hash-verified legacy source; inherited properties remain explicit as such.
HFUT_FMT_DOC,P077,MANUSCRIPT_FORMAT_INSTRUCTION,11,出版平台,出版平台,,,,宋体;SimSun,7.5,TRUE,FALSE,FF0000,,FALSE,FALSE,,FALSE,,,RED_INSTRUCTION_RUN,RED,RED_INSTRUCTIONAL_ANNOTATION,NO,LibreOffice-derived OOXML inspection of hash-verified legacy source; inherited properties remain explicit as such.
HFUT_FMT_DOC,P077,MANUSCRIPT_FORMAT_INSTRUCTION,12,(,(,,,,宋体;SimSun,7.5,TRUE,FALSE,FF0000,,FALSE,FALSE,,FALSE,,,RED_INSTRUCTION_RUN,RED,RED_INSTRUCTIONAL_ANNOTATION,NO,LibreOffice-derived OOXML inspection of hash-verified legacy source; inherited properties remain explicit as such.
HFUT_FMT_DOC,P077,MANUSCRIPT_FORMAT_INSTRUCTION,13,创建或修改日期,创建或修改日期,,,,宋体;SimSun,7.5,TRUE,FALSE,FF0000,,FALSE,FALSE,,FALSE,,,RED_INSTRUCTION_RUN,RED,RED_INSTRUCTIONAL_ANNOTATION,NO,LibreOffice-derived OOXML inspection of hash-verified legacy source; inherited properties remain explicit as such.
HFUT_FMT_DOC,P077,MANUSCRIPT_FORMAT_INSTRUCTION,14,)[,)[,,,,宋体;SimSun,7.5,TRUE,FALSE,FF0000,,FALSE,FALSE,,FALSE,,,RED_INSTRUCTION_RUN,RED,RED_INSTRUCTIONAL_ANNOTATION,NO,LibreOffice-derived OOXML inspection of hash-verified legacy source; inherited properties remain explicit as such.
HFUT_FMT_DOC,P077,MANUSCRIPT_FORMAT_INSTRUCTION,15,引用日期,引用日期,,,,宋体;SimSun,7.5,TRUE,FALSE,FF0000,,FALSE,FALSE,,FALSE,,,RED_INSTRUCTION_RUN,RED,RED_INSTRUCTIONAL_ANNOTATION,NO,LibreOffice-derived OOXML inspection of hash-verified legacy source; inherited properties remain explicit as such.
HFUT_FMT_DOC,P077,MANUSCRIPT_FORMAT_INSTRUCTION,16,].,].,,,,宋体;SimSun,7.5,TRUE,FALSE,FF0000,,FALSE,FALSE,,FALSE,,,RED_INSTRUCTION_RUN,RED,RED_INSTRUCTIONAL_ANNOTATION,NO,LibreOffice-derived OOXML inspection of hash-verified legacy source; inherited properties remain explicit as such.
HFUT_FMT_DOC,P077,MANUSCRIPT_FORMAT_INSTRUCTION,17,获取和访问路径,获取和访问路径,,,,宋体;SimSun,7.5,TRUE,FALSE,FF0000,,FALSE,FALSE,,FALSE,,,RED_INSTRUCTION_RUN,RED,RED_INSTRUCTIONAL_ANNOTATION,NO,LibreOffice-derived OOXML inspection of hash-verified legacy source; inherited properties remain explicit as such.
HFUT_FMT_DOC,P077,MANUSCRIPT_FORMAT_INSTRUCTION,18,.,.,,,,宋体;SimSun,7.5,TRUE,FALSE,FF0000,,FALSE,FALSE,,FALSE,,,RED_INSTRUCTION_RUN,RED,RED_INSTRUCTIONAL_ANNOTATION,NO,LibreOffice-derived OOXML inspection of hash-verified legacy source; inherited properties remain explicit as such.
HFUT_FMT_DOC,P078,MANUSCRIPT_FORMAT_INSTRUCTION,1,"[19] Courbariaux M, Hubara I, Soudry D, et al. Binarized neural networks: training deep neural networks with weights and activations constrained to +1 or ","[19] Courbariaux M, Hubara I, Soudry D, et al. Binarized neural networks: training deep neural networks with weights and activations constrained to +1 or",,,,,7.5,FALSE,FALSE,AUTO_OR_INHERITED,,FALSE,FALSE,,TRUE,, ,BLACK_SPECIMEN_RUN,BLACK_OR_INHERITED,FORMAT_DOCUMENT_CONTENT,YES,LibreOffice-derived OOXML inspection of hash-verified legacy source; inherited properties remain explicit as such.
HFUT_FMT_DOC,P078,MANUSCRIPT_FORMAT_INSTRUCTION,2,﹣,﹣,宋体;SimSun,宋体;SimSun,,宋体;SimSun,7.5,FALSE,FALSE,AUTO_OR_INHERITED,,FALSE,FALSE,,FALSE,,,BLACK_SPECIMEN_RUN,BLACK_OR_INHERITED,FORMAT_DOCUMENT_CONTENT,YES,LibreOffice-derived OOXML inspection of hash-verified legacy source; inherited properties remain explicit as such.
HFUT_FMT_DOC,P078,MANUSCRIPT_FORMAT_INSTRUCTION,3,1[PP/OL].V3.arXiv (2016-03-17)[2025-06-24].http://doi.org/10.48550/arXiv.1602.02830.,1[PP/OL].V3.arXiv (2016-03-17)[2025-06-24].http://doi.org/10.48550/arXiv.1602.02830.,,,,,7.5,FALSE,FALSE,AUTO_OR_INHERITED,,FALSE,FALSE,,FALSE,,,BLACK_SPECIMEN_RUN,BLACK_OR_INHERITED,FORMAT_DOCUMENT_CONTENT,YES,LibreOffice-derived OOXML inspection of hash-verified legacy source; inherited properties remain explicit as such.
HFUT_FMT_DOC,P079,MANUSCRIPT_FORMAT_INSTRUCTION,1,网页、网站：,网页、网站：,,,,宋体;SimSun,7.5,TRUE,FALSE,FF0000,,FALSE,FALSE,,FALSE,,,RED_INSTRUCTION_RUN,RED,RED_INSTRUCTIONAL_ANNOTATION,NO,LibreOffice-derived OOXML inspection of hash-verified legacy source; inherited properties remain explicit as such.
HFUT_FMT_DOC,P079,MANUSCRIPT_FORMAT_INSTRUCTION,2,[,[,,,,宋体;SimSun,7.5,TRUE,FALSE,FF0000,,FALSE,FALSE,,FALSE,,,RED_INSTRUCTION_RUN,RED,RED_INSTRUCTIONAL_ANNOTATION,NO,LibreOffice-derived OOXML inspection of hash-verified legacy source; inherited properties remain explicit as such.
HFUT_FMT_DOC,P079,MANUSCRIPT_FORMAT_INSTRUCTION,3,序号,序号,,,,宋体;SimSun,7.5,TRUE,FALSE,FF0000,,FALSE,FALSE,,FALSE,,,RED_INSTRUCTION_RUN,RED,RED_INSTRUCTIONAL_ANNOTATION,NO,LibreOffice-derived OOXML inspection of hash-verified legacy source; inherited properties remain explicit as such.
HFUT_FMT_DOC,P079,MANUSCRIPT_FORMAT_INSTRUCTION,4,] ,],,,,宋体;SimSun,7.5,TRUE,FALSE,FF0000,,FALSE,FALSE,,TRUE,, ,RED_INSTRUCTION_RUN,RED,RED_INSTRUCTIONAL_ANNOTATION,NO,LibreOffice-derived OOXML inspection of hash-verified legacy source; inherited properties remain explicit as such.
HFUT_FMT_DOC,P079,MANUSCRIPT_FORMAT_INSTRUCTION,5,作者（格式要求同期刊）,作者（格式要求同期刊）,,,,宋体;SimSun,7.5,TRUE,FALSE,FF0000,,FALSE,FALSE,,FALSE,,,RED_INSTRUCTION_RUN,RED,RED_INSTRUCTIONAL_ANNOTATION,NO,LibreOffice-derived OOXML inspection of hash-verified legacy source; inherited properties remain explicit as such.
HFUT_FMT_DOC,P079,MANUSCRIPT_FORMAT_INSTRUCTION,6,(,(,,,,宋体;SimSun,7.5,TRUE,FALSE,0000FF,,FALSE,FALSE,,FALSE,,,BLACK_SPECIMEN_RUN,BLACK_OR_INHERITED,FORMAT_DOCUMENT_CONTENT,YES,LibreOffice-derived OOXML inspection of hash-verified legacy source; inherited properties remain explicit as such.
HFUT_FMT_DOC,P079,MANUSCRIPT_FORMAT_INSTRUCTION,7,有则必备,有则必备,,,,宋体;SimSun,7.5,TRUE,FALSE,0000FF,,FALSE,FALSE,,FALSE,,,BLACK_SPECIMEN_RUN,BLACK_OR_INHERITED,FORMAT_DOCUMENT_CONTENT,YES,LibreOffice-derived OOXML inspection of hash-verified legacy source; inherited properties remain explicit as such.
HFUT_FMT_DOC,P079,MANUSCRIPT_FORMAT_INSTRUCTION,8,),),,,,宋体;SimSun,7.5,TRUE,FALSE,0000FF,,FALSE,FALSE,,FALSE,,,BLACK_SPECIMEN_RUN,BLACK_OR_INHERITED,FORMAT_DOCUMENT_CONTENT,YES,LibreOffice-derived OOXML inspection of hash-verified legacy source; inherited properties remain explicit as such.
HFUT_FMT_DOC,P079,MANUSCRIPT_FORMAT_INSTRUCTION,9,.,.,,,,宋体;SimSun,7.5,TRUE,FALSE,FF0000,,FALSE,FALSE,,FALSE,,,RED_INSTRUCTION_RUN,RED,RED_INSTRUCTIONAL_ANNOTATION,NO,LibreOffice-derived OOXML inspection of hash-verified legacy source; inherited properties remain explicit as such.
HFUT_FMT_DOC,P079,MANUSCRIPT_FORMAT_INSTRUCTION,10,题名,题名,,,,宋体;SimSun,7.5,TRUE,FALSE,FF0000,,FALSE,FALSE,,FALSE,,,RED_INSTRUCTION_RUN,RED,RED_INSTRUCTIONAL_ANNOTATION,NO,LibreOffice-derived OOXML inspection of hash-verified legacy source; inherited properties remain explicit as such.
HFUT_FMT_DOC,P079,MANUSCRIPT_FORMAT_INSTRUCTION,11,[EB/OL]. (,[EB/OL]. (,,,,宋体;SimSun,7.5,TRUE,FALSE,FF0000,,FALSE,FALSE,,FALSE,,,RED_INSTRUCTION_RUN,RED,RED_INSTRUCTIONAL_ANNOTATION,NO,LibreOffice-derived OOXML inspection of hash-verified legacy source; inherited properties remain explicit as such.
HFUT_FMT_DOC,P079,MANUSCRIPT_FORMAT_INSTRUCTION,12,创建或修改日期,创建或修改日期,,,,宋体;SimSun,7.5,TRUE,FALSE,FF0000,,FALSE,FALSE,,FALSE,,,RED_INSTRUCTION_RUN,RED,RED_INSTRUCTIONAL_ANNOTATION,NO,LibreOffice-derived OOXML inspection of hash-verified legacy source; inherited properties remain explicit as such.
HFUT_FMT_DOC,P079,MANUSCRIPT_FORMAT_INSTRUCTION,13,)[,)[,,,,宋体;SimSun,7.5,TRUE,FALSE,FF0000,,FALSE,FALSE,,FALSE,,,RED_INSTRUCTION_RUN,RED,RED_INSTRUCTIONAL_ANNOTATION,NO,LibreOffice-derived OOXML inspection of hash-verified legacy source; inherited properties remain explicit as such.
HFUT_FMT_DOC,P079,MANUSCRIPT_FORMAT_INSTRUCTION,14,引用日期,引用日期,,,,宋体;SimSun,7.5,TRUE,FALSE,FF0000,,FALSE,FALSE,,FALSE,,,RED_INSTRUCTION_RUN,RED,RED_INSTRUCTIONAL_ANNOTATION,NO,LibreOffice-derived OOXML inspection of hash-verified legacy source; inherited properties remain explicit as such.
HFUT_FMT_DOC,P079,MANUSCRIPT_FORMAT_INSTRUCTION,15,]. ,].,,,,宋体;SimSun,7.5,TRUE,FALSE,FF0000,,FALSE,FALSE,,TRUE,, ,RED_INSTRUCTION_RUN,RED,RED_INSTRUCTIONAL_ANNOTATION,NO,LibreOffice-derived OOXML inspection of hash-verified legacy source; inherited properties remain explicit as such.
HFUT_FMT_DOC,P079,MANUSCRIPT_FORMAT_INSTRUCTION,16,获取和访问路径,获取和访问路径,,,,宋体;SimSun,7.5,TRUE,FALSE,FF0000,,FALSE,FALSE,,FALSE,,,RED_INSTRUCTION_RUN,RED,RED_INSTRUCTIONAL_ANNOTATION,NO,LibreOffice-derived OOXML inspection of hash-verified legacy source; inherited properties remain explicit as such.
HFUT_FMT_DOC,P079,MANUSCRIPT_FORMAT_INSTRUCTION,17,.,.,,,,宋体;SimSun,7.5,TRUE,FALSE,FF0000,,FALSE,FALSE,,FALSE,,,RED_INSTRUCTION_RUN,RED,RED_INSTRUCTIONAL_ANNOTATION,NO,LibreOffice-derived OOXML inspection of hash-verified legacy source; inherited properties remain explicit as such.
HFUT_FMT_DOC,P080,MANUSCRIPT_FORMAT_INSTRUCTION,1,"[20] Antonio M, Pepper L. Historias de Portugal: livros caidos [EB/OL].(2019-07-13)[2025-01-02].https://arquivo.pt/wayback20190905210731/http://publico.pt/2019/07/13/sociedade/noticia/podcast-his-torias-portugal-cuidadores-1879731.","[20] Antonio M, Pepper L. Historias de Portugal: livros caidos [EB/OL].(2019-07-13)[2025-01-02].https://arquivo.pt/wayback20190905210731/http://publico.pt/2019/07/13/sociedade/noticia/podcast-his-torias-portugal-cuidadores-1879731.",,,,,7.5,FALSE,FALSE,AUTO_OR_INHERITED,,FALSE,FALSE,,FALSE,,,BLACK_SPECIMEN_RUN,BLACK_OR_INHERITED,FORMAT_DOCUMENT_CONTENT,YES,LibreOffice-derived OOXML inspection of hash-verified legacy source; inherited properties remain explicit as such.
HFUT_FMT_DOC,P081,MANUSCRIPT_FORMAT_INSTRUCTION,1,[21] ,[21],,,,,7.5,FALSE,FALSE,AUTO_OR_INHERITED,,FALSE,FALSE,,TRUE,, ,BLACK_SPECIMEN_RUN,BLACK_OR_INHERITED,FORMAT_DOCUMENT_CONTENT,YES,LibreOffice-derived OOXML inspection of hash-verified legacy source; inherited properties remain explicit as such.
HFUT_FMT_DOC,P081,MANUSCRIPT_FORMAT_INSTRUCTION,2,中国国家博物馆,中国国家博物馆,,,,,7.5,FALSE,FALSE,AUTO_OR_INHERITED,,FALSE,FALSE,,FALSE,,,BLACK_SPECIMEN_RUN,BLACK_OR_INHERITED,FORMAT_DOCUMENT_CONTENT,YES,LibreOffice-derived OOXML inspection of hash-verified legacy source; inherited properties remain explicit as such.
HFUT_FMT_DOC,P081,MANUSCRIPT_FORMAT_INSTRUCTION,3,[EB/OL].[2025-05-06]. https://www. chnmuseum.cn/.,[EB/OL].[2025-05-06]. https://www. chnmuseum.cn/.,,,,,7.5,FALSE,FALSE,AUTO_OR_INHERITED,,FALSE,FALSE,,FALSE,,,BLACK_SPECIMEN_RUN,BLACK_OR_INHERITED,FORMAT_DOCUMENT_CONTENT,YES,LibreOffice-derived OOXML inspection of hash-verified legacy source; inherited properties remain explicit as such.
HFUT_FMT_DOC,P082,MANUSCRIPT_FORMAT_INSTRUCTION,1,专利：,专利：,,,,宋体;SimSun,7.5,TRUE,FALSE,FF0000,,FALSE,FALSE,,FALSE,,,RED_INSTRUCTION_RUN,RED,RED_INSTRUCTIONAL_ANNOTATION,NO,LibreOffice-derived OOXML inspection of hash-verified legacy source; inherited properties remain explicit as such.
HFUT_FMT_DOC,P082,MANUSCRIPT_FORMAT_INSTRUCTION,2,[,[,,,,宋体;SimSun,7.5,TRUE,FALSE,FF0000,,FALSE,FALSE,,FALSE,,,RED_INSTRUCTION_RUN,RED,RED_INSTRUCTIONAL_ANNOTATION,NO,LibreOffice-derived OOXML inspection of hash-verified legacy source; inherited properties remain explicit as such.
HFUT_FMT_DOC,P082,MANUSCRIPT_FORMAT_INSTRUCTION,3,序号,序号,,,,宋体;SimSun,7.5,TRUE,FALSE,FF0000,,FALSE,FALSE,,FALSE,,,RED_INSTRUCTION_RUN,RED,RED_INSTRUCTIONAL_ANNOTATION,NO,LibreOffice-derived OOXML inspection of hash-verified legacy source; inherited properties remain explicit as such.
HFUT_FMT_DOC,P082,MANUSCRIPT_FORMAT_INSTRUCTION,4,] ,],,,,宋体;SimSun,7.5,TRUE,FALSE,FF0000,,FALSE,FALSE,,TRUE,, ,RED_INSTRUCTION_RUN,RED,RED_INSTRUCTIONAL_ANNOTATION,NO,LibreOffice-derived OOXML inspection of hash-verified legacy source; inherited properties remain explicit as such.
HFUT_FMT_DOC,P082,MANUSCRIPT_FORMAT_INSTRUCTION,5,专利申请者或所有者（格式要求同期刊）,专利申请者或所有者（格式要求同期刊）,,,,宋体;SimSun,7.5,TRUE,FALSE,FF0000,,FALSE,FALSE,,FALSE,,,RED_INSTRUCTION_RUN,RED,RED_INSTRUCTIONAL_ANNOTATION,NO,LibreOffice-derived OOXML inspection of hash-verified legacy source; inherited properties remain explicit as such.
HFUT_FMT_DOC,P082,MANUSCRIPT_FORMAT_INSTRUCTION,6,. ,.,,,,宋体;SimSun,7.5,TRUE,FALSE,FF0000,,FALSE,FALSE,,TRUE,, ,RED_INSTRUCTION_RUN,RED,RED_INSTRUCTIONAL_ANNOTATION,NO,LibreOffice-derived OOXML inspection of hash-verified legacy source; inherited properties remain explicit as such.
HFUT_FMT_DOC,P082,MANUSCRIPT_FORMAT_INSTRUCTION,7,专利题名：专利编号,专利题名：专利编号,,,,宋体;SimSun,7.5,TRUE,FALSE,FF0000,,FALSE,FALSE,,FALSE,,,RED_INSTRUCTION_RUN,RED,RED_INSTRUCTIONAL_ANNOTATION,NO,LibreOffice-derived OOXML inspection of hash-verified legacy source; inherited properties remain explicit as such.
HFUT_FMT_DOC,P082,MANUSCRIPT_FORMAT_INSTRUCTION,8,[P].,[P].,,,,宋体;SimSun,7.5,TRUE,FALSE,FF0000,,FALSE,FALSE,,FALSE,,,RED_INSTRUCTION_RUN,RED,RED_INSTRUCTIONAL_ANNOTATION,NO,LibreOffice-derived OOXML inspection of hash-verified legacy source; inherited properties remain explicit as such.
HFUT_FMT_DOC,P082,MANUSCRIPT_FORMAT_INSTRUCTION,9,公告日期或公开日期,公告日期或公开日期,,,,宋体;SimSun,7.5,TRUE,FALSE,FF0000,,FALSE,FALSE,,FALSE,,,RED_INSTRUCTION_RUN,RED,RED_INSTRUCTIONAL_ANNOTATION,NO,LibreOffice-derived OOXML inspection of hash-verified legacy source; inherited properties remain explicit as such.
HFUT_FMT_DOC,P082,MANUSCRIPT_FORMAT_INSTRUCTION,10,.,.,,,,宋体;SimSun,7.5,TRUE,FALSE,FF0000,,FALSE,FALSE,,FALSE,,,RED_INSTRUCTION_RUN,RED,RED_INSTRUCTIONAL_ANNOTATION,NO,LibreOffice-derived OOXML inspection of hash-verified legacy source; inherited properties remain explicit as such.
HFUT_FMT_DOC,P083,MANUSCRIPT_FORMAT_INSTRUCTION,1, ,,,,Times New Roman,,7.5,FALSE,FALSE,AUTO_OR_INHERITED,,FALSE,FALSE,,TRUE, , ,BLACK_SPECIMEN_RUN,BLACK_OR_INHERITED,FORMAT_DOCUMENT_CONTENT,YES,LibreOffice-derived OOXML inspection of hash-verified legacy source; inherited properties remain explicit as such.
HFUT_FMT_DOC,P083,MANUSCRIPT_FORMAT_INSTRUCTION,2,[22],[22],,,方正书宋简体;宋体,,7.5,FALSE,FALSE,AUTO_OR_INHERITED,,FALSE,FALSE,,FALSE,,,BLACK_SPECIMEN_RUN,BLACK_OR_INHERITED,FORMAT_DOCUMENT_CONTENT,YES,LibreOffice-derived OOXML inspection of hash-verified legacy source; inherited properties remain explicit as such.
HFUT_FMT_DOC,P083,MANUSCRIPT_FORMAT_INSTRUCTION,3,姜锡洲,姜锡洲,,,,,7.5,FALSE,FALSE,AUTO_OR_INHERITED,,FALSE,FALSE,,FALSE,,,BLACK_SPECIMEN_RUN,BLACK_OR_INHERITED,FORMAT_DOCUMENT_CONTENT,YES,LibreOffice-derived OOXML inspection of hash-verified legacy source; inherited properties remain explicit as such.
HFUT_FMT_DOC,P083,MANUSCRIPT_FORMAT_INSTRUCTION,4,.,.,,,,,7.5,FALSE,FALSE,AUTO_OR_INHERITED,,FALSE,FALSE,,FALSE,,,BLACK_SPECIMEN_RUN,BLACK_OR_INHERITED,FORMAT_DOCUMENT_CONTENT,YES,LibreOffice-derived OOXML inspection of hash-verified legacy source; inherited properties remain explicit as such.
HFUT_FMT_DOC,P083,MANUSCRIPT_FORMAT_INSTRUCTION,5,一种温热外敷药制备方案,一种温热外敷药制备方案,,,,,7.5,FALSE,FALSE,AUTO_OR_INHERITED,,FALSE,FALSE,,FALSE,,,BLACK_SPECIMEN_RUN,BLACK_OR_INHERITED,FORMAT_DOCUMENT_CONTENT,YES,LibreOffice-derived OOXML inspection of hash-verified legacy source; inherited properties remain explicit as such.
HFUT_FMT_DOC,P083,MANUSCRIPT_FORMAT_INSTRUCTION,6,: 88105607.3[P].1989-07-26.,: 88105607.3[P].1989-07-26.,,,,,7.5,FALSE,FALSE,AUTO_OR_INHERITED,,FALSE,FALSE,,FALSE,,,BLACK_SPECIMEN_RUN,BLACK_OR_INHERITED,FORMAT_DOCUMENT_CONTENT,YES,LibreOffice-derived OOXML inspection of hash-verified legacy source; inherited properties remain explicit as such.
HFUT_FMT_DOC,P084,MANUSCRIPT_FORMAT_INSTRUCTION,1,报告：,报告：,,,,宋体;SimSun,7.5,TRUE,FALSE,FF0000,,FALSE,FALSE,,FALSE,,,RED_INSTRUCTION_RUN,RED,RED_INSTRUCTIONAL_ANNOTATION,NO,LibreOffice-derived OOXML inspection of hash-verified legacy source; inherited properties remain explicit as such.
HFUT_FMT_DOC,P084,MANUSCRIPT_FORMAT_INSTRUCTION,2,[,[,,,,宋体;SimSun,7.5,TRUE,FALSE,FF0000,,FALSE,FALSE,,FALSE,,,RED_INSTRUCTION_RUN,RED,RED_INSTRUCTIONAL_ANNOTATION,NO,LibreOffice-derived OOXML inspection of hash-verified legacy source; inherited properties remain explicit as such.
HFUT_FMT_DOC,P084,MANUSCRIPT_FORMAT_INSTRUCTION,3,序号,序号,,,,宋体;SimSun,7.5,TRUE,FALSE,FF0000,,FALSE,FALSE,,FALSE,,,RED_INSTRUCTION_RUN,RED,RED_INSTRUCTIONAL_ANNOTATION,NO,LibreOffice-derived OOXML inspection of hash-verified legacy source; inherited properties remain explicit as such.
HFUT_FMT_DOC,P084,MANUSCRIPT_FORMAT_INSTRUCTION,4,] ,],,,,宋体;SimSun,7.5,TRUE,FALSE,FF0000,,FALSE,FALSE,,TRUE,, ,RED_INSTRUCTION_RUN,RED,RED_INSTRUCTIONAL_ANNOTATION,NO,LibreOffice-derived OOXML inspection of hash-verified legacy source; inherited properties remain explicit as such.
HFUT_FMT_DOC,P084,MANUSCRIPT_FORMAT_INSTRUCTION,5,作者,作者,,,,宋体;SimSun,7.5,TRUE,FALSE,FF0000,,FALSE,FALSE,,FALSE,,,RED_INSTRUCTION_RUN,RED,RED_INSTRUCTIONAL_ANNOTATION,NO,LibreOffice-derived OOXML inspection of hash-verified legacy source; inherited properties remain explicit as such.
HFUT_FMT_DOC,P084,MANUSCRIPT_FORMAT_INSTRUCTION,6,(,(,,,,宋体;SimSun,7.5,TRUE,FALSE,FF0000,,FALSE,FALSE,,FALSE,,,RED_INSTRUCTION_RUN,RED,RED_INSTRUCTIONAL_ANNOTATION,NO,LibreOffice-derived OOXML inspection of hash-verified legacy source; inherited properties remain explicit as such.
HFUT_FMT_DOC,P084,MANUSCRIPT_FORMAT_INSTRUCTION,7,格式要求同期刊,格式要求同期刊,,,,宋体;SimSun,7.5,TRUE,FALSE,FF0000,,FALSE,FALSE,,FALSE,,,RED_INSTRUCTION_RUN,RED,RED_INSTRUCTIONAL_ANNOTATION,NO,LibreOffice-derived OOXML inspection of hash-verified legacy source; inherited properties remain explicit as such.
HFUT_FMT_DOC,P084,MANUSCRIPT_FORMAT_INSTRUCTION,8,).,).,,,,宋体;SimSun,7.5,TRUE,FALSE,FF0000,,FALSE,FALSE,,FALSE,,,RED_INSTRUCTION_RUN,RED,RED_INSTRUCTIONAL_ANNOTATION,NO,LibreOffice-derived OOXML inspection of hash-verified legacy source; inherited properties remain explicit as such.
HFUT_FMT_DOC,P084,MANUSCRIPT_FORMAT_INSTRUCTION,9,报告题名,报告题名,,,,宋体;SimSun,7.5,TRUE,FALSE,FF0000,,FALSE,FALSE,,FALSE,,,RED_INSTRUCTION_RUN,RED,RED_INSTRUCTIONAL_ANNOTATION,NO,LibreOffice-derived OOXML inspection of hash-verified legacy source; inherited properties remain explicit as such.
HFUT_FMT_DOC,P084,MANUSCRIPT_FORMAT_INSTRUCTION,10,:,:,,,,宋体;SimSun,7.5,TRUE,FALSE,FF0000,,FALSE,FALSE,,FALSE,,,RED_INSTRUCTION_RUN,RED,RED_INSTRUCTIONAL_ANNOTATION,NO,LibreOffice-derived OOXML inspection of hash-verified legacy source; inherited properties remain explicit as such.
HFUT_FMT_DOC,P084,MANUSCRIPT_FORMAT_INSTRUCTION,11,报告编号,报告编号,,,,宋体;SimSun,7.5,TRUE,FALSE,FF0000,,FALSE,FALSE,,FALSE,,,RED_INSTRUCTION_RUN,RED,RED_INSTRUCTIONAL_ANNOTATION,NO,LibreOffice-derived OOXML inspection of hash-verified legacy source; inherited properties remain explicit as such.
HFUT_FMT_DOC,P084,MANUSCRIPT_FORMAT_INSTRUCTION,12,[R].,[R].,,,,宋体;SimSun,7.5,TRUE,FALSE,FF0000,,FALSE,FALSE,,FALSE,,,RED_INSTRUCTION_RUN,RED,RED_INSTRUCTIONAL_ANNOTATION,NO,LibreOffice-derived OOXML inspection of hash-verified legacy source; inherited properties remain explicit as such.
HFUT_FMT_DOC,P084,MANUSCRIPT_FORMAT_INSTRUCTION,13,出版地：出版者，出版年：引文页码,出版地：出版者，出版年：引文页码,,,,宋体;SimSun,7.5,TRUE,FALSE,FF0000,,FALSE,FALSE,,FALSE,,,RED_INSTRUCTION_RUN,RED,RED_INSTRUCTIONAL_ANNOTATION,NO,LibreOffice-derived OOXML inspection of hash-verified legacy source; inherited properties remain explicit as such.
HFUT_FMT_DOC,P084,MANUSCRIPT_FORMAT_INSTRUCTION,14,.,.,,,,宋体;SimSun,7.5,TRUE,FALSE,FF0000,,FALSE,FALSE,,FALSE,,,RED_INSTRUCTION_RUN,RED,RED_INSTRUCTIONAL_ANNOTATION,NO,LibreOffice-derived OOXML inspection of hash-verified legacy source; inherited properties remain explicit as such.
HFUT_FMT_DOC,P085,MANUSCRIPT_FORMAT_INSTRUCTION,1,"[23] U.S. Department of Transportation Federal Highway Administration. Guidelines for handing excavated acid- producing materials: PB 9I-194001[R]. Springfield: U.S. Department of Commerce National Information Service, 1990: 25.","[23] U.S. Department of Transportation Federal Highway Administration. Guidelines for handing excavated acid- producing materials: PB 9I-194001[R]. Springfield: U.S. Department of Commerce National Information Service, 1990: 25.",,,方正书宋简体;宋体,,7.5,FALSE,FALSE,AUTO_OR_INHERITED,,FALSE,FALSE,,FALSE,,,BLACK_SPECIMEN_RUN,BLACK_OR_INHERITED,FORMAT_DOCUMENT_CONTENT,YES,LibreOffice-derived OOXML inspection of hash-verified legacy source; inherited properties remain explicit as such.
HFUT_FMT_DOC,P086,MANUSCRIPT_FORMAT_INSTRUCTION,1,[24] ,[24],,,方正书宋简体;宋体,,7.5,FALSE,FALSE,AUTO_OR_INHERITED,,FALSE,FALSE,,TRUE,, ,BLACK_SPECIMEN_RUN,BLACK_OR_INHERITED,FORMAT_DOCUMENT_CONTENT,YES,LibreOffice-derived OOXML inspection of hash-verified legacy source; inherited properties remain explicit as such.
HFUT_FMT_DOC,P086,MANUSCRIPT_FORMAT_INSTRUCTION,2,中国互联网络信息中心,中国互联网络信息中心,,,方正书宋简体;宋体,,7.5,FALSE,FALSE,AUTO_OR_INHERITED,,FALSE,FALSE,,FALSE,,,BLACK_SPECIMEN_RUN,BLACK_OR_INHERITED,FORMAT_DOCUMENT_CONTENT,YES,LibreOffice-derived OOXML inspection of hash-verified legacy source; inherited properties remain explicit as such.
HFUT_FMT_DOC,P086,MANUSCRIPT_FORMAT_INSTRUCTION,3,.,.,,,方正书宋简体;宋体,,7.5,FALSE,FALSE,AUTO_OR_INHERITED,,FALSE,FALSE,,FALSE,,,BLACK_SPECIMEN_RUN,BLACK_OR_INHERITED,FORMAT_DOCUMENT_CONTENT,YES,LibreOffice-derived OOXML inspection of hash-verified legacy source; inherited properties remain explicit as such.
HFUT_FMT_DOC,P086,MANUSCRIPT_FORMAT_INSTRUCTION,4,第,第,,,方正书宋简体;宋体,,7.5,FALSE,FALSE,AUTO_OR_INHERITED,,FALSE,FALSE,,FALSE,,,BLACK_SPECIMEN_RUN,BLACK_OR_INHERITED,FORMAT_DOCUMENT_CONTENT,YES,LibreOffice-derived OOXML inspection of hash-verified legacy source; inherited properties remain explicit as such.
HFUT_FMT_DOC,P086,MANUSCRIPT_FORMAT_INSTRUCTION,5,29,29,,,方正书宋简体;宋体,,7.5,FALSE,FALSE,AUTO_OR_INHERITED,,FALSE,FALSE,,FALSE,,,BLACK_SPECIMEN_RUN,BLACK_OR_INHERITED,FORMAT_DOCUMENT_CONTENT,YES,LibreOffice-derived OOXML inspection of hash-verified legacy source; inherited properties remain explicit as such.
HFUT_FMT_DOC,P086,MANUSCRIPT_FORMAT_INSTRUCTION,6,次中国互联网络发展状况统,次中国互联网络发展状况统,,,方正书宋简体;宋体,,7.5,FALSE,FALSE,AUTO_OR_INHERITED,,FALSE,FALSE,,FALSE,,,BLACK_SPECIMEN_RUN,BLACK_OR_INHERITED,FORMAT_DOCUMENT_CONTENT,YES,LibreOffice-derived OOXML inspection of hash-verified legacy source; inherited properties remain explicit as such.
HFUT_FMT_DOC,P086,MANUSCRIPT_FORMAT_INSTRUCTION,7,计报告,计报告,,,方正书宋简体;宋体,,7.5,FALSE,FALSE,AUTO_OR_INHERITED,,FALSE,FALSE,,FALSE,,,BLACK_SPECIMEN_RUN,BLACK_OR_INHERITED,FORMAT_DOCUMENT_CONTENT,YES,LibreOffice-derived OOXML inspection of hash-verified legacy source; inherited properties remain explicit as such.
HFUT_FMT_DOC,P086,MANUSCRIPT_FORMAT_INSTRUCTION,8,[R/OL].2012-01-16. http://www.cnnic.net.cn/NMediaFile/,[R/OL].2012-01-16. http://www.cnnic.net.cn/NMediaFile/,,,方正书宋简体;宋体,,7.5,FALSE,FALSE,AUTO_OR_INHERITED,,FALSE,FALSE,,FALSE,,,BLACK_SPECIMEN_RUN,BLACK_OR_INHERITED,FORMAT_DOCUMENT_CONTENT,YES,LibreOffice-derived OOXML inspection of hash-verified legacy source; inherited properties remain explicit as such.
HFUT_FMT_DOC,P086,MANUSCRIPT_FORMAT_INSTRUCTION,9, old_attach/P020120612484958777344.pdf.,old_attach/P020120612484958777344.pdf.,,,方正书宋简体;宋体,,7.5,FALSE,FALSE,AUTO_OR_INHERITED,,FALSE,FALSE,,TRUE, ,,BLACK_SPECIMEN_RUN,BLACK_OR_INHERITED,FORMAT_DOCUMENT_CONTENT,YES,LibreOffice-derived OOXML inspection of hash-verified legacy source; inherited properties remain explicit as such.
HFUT_FMT_DOC,P087,MANUSCRIPT_FORMAT_INSTRUCTION,1,地图：,地图：,,,,宋体;SimSun,7.5,TRUE,FALSE,FF0000,,FALSE,FALSE,,FALSE,,,RED_INSTRUCTION_RUN,RED,RED_INSTRUCTIONAL_ANNOTATION,NO,LibreOffice-derived OOXML inspection of hash-verified legacy source; inherited properties remain explicit as such.
HFUT_FMT_DOC,P087,MANUSCRIPT_FORMAT_INSTRUCTION,2,[,[,,,,宋体;SimSun,7.5,TRUE,FALSE,FF0000,,FALSE,FALSE,,FALSE,,,RED_INSTRUCTION_RUN,RED,RED_INSTRUCTIONAL_ANNOTATION,NO,LibreOffice-derived OOXML inspection of hash-verified legacy source; inherited properties remain explicit as such.
HFUT_FMT_DOC,P087,MANUSCRIPT_FORMAT_INSTRUCTION,3,序号,序号,,,,宋体;SimSun,7.5,TRUE,FALSE,FF0000,,FALSE,FALSE,,FALSE,,,RED_INSTRUCTION_RUN,RED,RED_INSTRUCTIONAL_ANNOTATION,NO,LibreOffice-derived OOXML inspection of hash-verified legacy source; inherited properties remain explicit as such.
HFUT_FMT_DOC,P087,MANUSCRIPT_FORMAT_INSTRUCTION,4,] ,],,,,宋体;SimSun,7.5,TRUE,FALSE,FF0000,,FALSE,FALSE,,TRUE,, ,RED_INSTRUCTION_RUN,RED,RED_INSTRUCTIONAL_ANNOTATION,NO,LibreOffice-derived OOXML inspection of hash-verified legacy source; inherited properties remain explicit as such.
HFUT_FMT_DOC,P087,MANUSCRIPT_FORMAT_INSTRUCTION,5,主要责任者,主要责任者,,,,宋体;SimSun,7.5,TRUE,FALSE,FF0000,,FALSE,FALSE,,FALSE,,,RED_INSTRUCTION_RUN,RED,RED_INSTRUCTIONAL_ANNOTATION,NO,LibreOffice-derived OOXML inspection of hash-verified legacy source; inherited properties remain explicit as such.
HFUT_FMT_DOC,P087,MANUSCRIPT_FORMAT_INSTRUCTION,6,.,.,,,,宋体;SimSun,7.5,TRUE,FALSE,FF0000,,FALSE,FALSE,,FALSE,,,RED_INSTRUCTION_RUN,RED,RED_INSTRUCTIONAL_ANNOTATION,NO,LibreOffice-derived OOXML inspection of hash-verified legacy source; inherited properties remain explicit as such.
HFUT_FMT_DOC,P087,MANUSCRIPT_FORMAT_INSTRUCTION,7,题名,题名,,,,宋体;SimSun,7.5,TRUE,FALSE,FF0000,,FALSE,FALSE,,FALSE,,,RED_INSTRUCTION_RUN,RED,RED_INSTRUCTIONAL_ANNOTATION,NO,LibreOffice-derived OOXML inspection of hash-verified legacy source; inherited properties remain explicit as such.
HFUT_FMT_DOC,P087,MANUSCRIPT_FORMAT_INSTRUCTION,8,.,.,,,,宋体;SimSun,7.5,TRUE,FALSE,FF0000,,FALSE,FALSE,,FALSE,,,RED_INSTRUCTION_RUN,RED,RED_INSTRUCTIONAL_ANNOTATION,NO,LibreOffice-derived OOXML inspection of hash-verified legacy source; inherited properties remain explicit as such.
HFUT_FMT_DOC,P087,MANUSCRIPT_FORMAT_INSTRUCTION,9,比例尺,比例尺,,,,宋体;SimSun,7.5,TRUE,FALSE,FF0000,,FALSE,FALSE,,FALSE,,,RED_INSTRUCTION_RUN,RED,RED_INSTRUCTIONAL_ANNOTATION,NO,LibreOffice-derived OOXML inspection of hash-verified legacy source; inherited properties remain explicit as such.
HFUT_FMT_DOC,P087,MANUSCRIPT_FORMAT_INSTRUCTION,10,[CM].,[CM].,,,,宋体;SimSun,7.5,TRUE,FALSE,FF0000,,FALSE,FALSE,,FALSE,,,RED_INSTRUCTION_RUN,RED,RED_INSTRUCTIONAL_ANNOTATION,NO,LibreOffice-derived OOXML inspection of hash-verified legacy source; inherited properties remain explicit as such.
HFUT_FMT_DOC,P087,MANUSCRIPT_FORMAT_INSTRUCTION,11,版本,版本,,,,宋体;SimSun,7.5,TRUE,FALSE,FF0000,,FALSE,FALSE,,FALSE,,,RED_INSTRUCTION_RUN,RED,RED_INSTRUCTIONAL_ANNOTATION,NO,LibreOffice-derived OOXML inspection of hash-verified legacy source; inherited properties remain explicit as such.
HFUT_FMT_DOC,P087,MANUSCRIPT_FORMAT_INSTRUCTION,12,.,.,,,,宋体;SimSun,7.5,TRUE,FALSE,FF0000,,FALSE,FALSE,,FALSE,,,RED_INSTRUCTION_RUN,RED,RED_INSTRUCTIONAL_ANNOTATION,NO,LibreOffice-derived OOXML inspection of hash-verified legacy source; inherited properties remain explicit as such.
HFUT_FMT_DOC,P087,MANUSCRIPT_FORMAT_INSTRUCTION,13,出版地,出版地,,,,宋体;SimSun,7.5,TRUE,FALSE,FF0000,,FALSE,FALSE,,FALSE,,,RED_INSTRUCTION_RUN,RED,RED_INSTRUCTIONAL_ANNOTATION,NO,LibreOffice-derived OOXML inspection of hash-verified legacy source; inherited properties remain explicit as such.
HFUT_FMT_DOC,P087,MANUSCRIPT_FORMAT_INSTRUCTION,14,:,:,,,,宋体;SimSun,7.5,TRUE,FALSE,FF0000,,FALSE,FALSE,,FALSE,,,RED_INSTRUCTION_RUN,RED,RED_INSTRUCTIONAL_ANNOTATION,NO,LibreOffice-derived OOXML inspection of hash-verified legacy source; inherited properties remain explicit as such.
HFUT_FMT_DOC,P087,MANUSCRIPT_FORMAT_INSTRUCTION,15,出版者，出版年,出版者，出版年,,,,宋体;SimSun,7.5,TRUE,FALSE,FF0000,,FALSE,FALSE,,FALSE,,,RED_INSTRUCTION_RUN,RED,RED_INSTRUCTIONAL_ANNOTATION,NO,LibreOffice-derived OOXML inspection of hash-verified legacy source; inherited properties remain explicit as such.
HFUT_FMT_DOC,P087,MANUSCRIPT_FORMAT_INSTRUCTION,16,.,.,,,,宋体;SimSun,7.5,TRUE,FALSE,FF0000,,FALSE,FALSE,,FALSE,,,RED_INSTRUCTION_RUN,RED,RED_INSTRUCTIONAL_ANNOTATION,NO,LibreOffice-derived OOXML inspection of hash-verified legacy source; inherited properties remain explicit as such.
HFUT_FMT_DOC,P087,MANUSCRIPT_FORMAT_INSTRUCTION,17,尺寸,尺寸,,,,宋体;SimSun,7.5,TRUE,FALSE,FF0000,,FALSE,FALSE,,FALSE,,,RED_INSTRUCTION_RUN,RED,RED_INSTRUCTIONAL_ANNOTATION,NO,LibreOffice-derived OOXML inspection of hash-verified legacy source; inherited properties remain explicit as such.
HFUT_FMT_DOC,P087,MANUSCRIPT_FORMAT_INSTRUCTION,18,.,.,,,,宋体;SimSun,7.5,TRUE,FALSE,FF0000,,FALSE,FALSE,,FALSE,,,RED_INSTRUCTION_RUN,RED,RED_INSTRUCTIONAL_ANNOTATION,NO,LibreOffice-derived OOXML inspection of hash-verified legacy source; inherited properties remain explicit as such.
HFUT_FMT_DOC,P087,MANUSCRIPT_FORMAT_INSTRUCTION,19,获取和访问路径,获取和访问路径,,,,宋体;SimSun,7.5,TRUE,FALSE,FF0000,,FALSE,FALSE,,FALSE,,,RED_INSTRUCTION_RUN,RED,RED_INSTRUCTIONAL_ANNOTATION,NO,LibreOffice-derived OOXML inspection of hash-verified legacy source; inherited properties remain explicit as such.
HFUT_FMT_DOC,P087,MANUSCRIPT_FORMAT_INSTRUCTION,20,.,.,,,,宋体;SimSun,7.5,TRUE,FALSE,FF0000,,FALSE,FALSE,,FALSE,,,RED_INSTRUCTION_RUN,RED,RED_INSTRUCTIONAL_ANNOTATION,NO,LibreOffice-derived OOXML inspection of hash-verified legacy source; inherited properties remain explicit as such.
HFUT_FMT_DOC,P088,MANUSCRIPT_FORMAT_INSTRUCTION,1,[25] ,[25],,,方正书宋简体;宋体,,7.5,FALSE,FALSE,AUTO_OR_INHERITED,,FALSE,FALSE,,TRUE,, ,BLACK_SPECIMEN_RUN,BLACK_OR_INHERITED,FORMAT_DOCUMENT_CONTENT,YES,LibreOffice-derived OOXML inspection of hash-verified legacy source; inherited properties remain explicit as such.
HFUT_FMT_DOC,P088,MANUSCRIPT_FORMAT_INSTRUCTION,2,胡健民,胡健民,,,方正书宋简体;宋体,,7.5,FALSE,FALSE,AUTO_OR_INHERITED,,FALSE,FALSE,,FALSE,,,BLACK_SPECIMEN_RUN,BLACK_OR_INHERITED,FORMAT_DOCUMENT_CONTENT,YES,LibreOffice-derived OOXML inspection of hash-verified legacy source; inherited properties remain explicit as such.
HFUT_FMT_DOC,P088,MANUSCRIPT_FORMAT_INSTRUCTION,3,.,.,,,方正书宋简体;宋体,,7.5,FALSE,FALSE,AUTO_OR_INHERITED,,FALSE,FALSE,,FALSE,,,BLACK_SPECIMEN_RUN,BLACK_OR_INHERITED,FORMAT_DOCUMENT_CONTENT,YES,LibreOffice-derived OOXML inspection of hash-verified legacy source; inherited properties remain explicit as such.
HFUT_FMT_DOC,P088,MANUSCRIPT_FORMAT_INSTRUCTION,4,东南极拉斯曼丘陵地区地质图,东南极拉斯曼丘陵地区地质图,,,方正书宋简体;宋体,,7.5,FALSE,FALSE,AUTO_OR_INHERITED,,FALSE,FALSE,,FALSE,,,BLACK_SPECIMEN_RUN,BLACK_OR_INHERITED,FORMAT_DOCUMENT_CONTENT,YES,LibreOffice-derived OOXML inspection of hash-verified legacy source; inherited properties remain explicit as such.
HFUT_FMT_DOC,P088,MANUSCRIPT_FORMAT_INSTRUCTION,5,.1:25 000[CM].,.1:25 000[CM].,,,方正书宋简体;宋体,,7.5,FALSE,FALSE,AUTO_OR_INHERITED,,FALSE,FALSE,,FALSE,,,BLACK_SPECIMEN_RUN,BLACK_OR_INHERITED,FORMAT_DOCUMENT_CONTENT,YES,LibreOffice-derived OOXML inspection of hash-verified legacy source; inherited properties remain explicit as such.
HFUT_FMT_DOC,P088,MANUSCRIPT_FORMAT_INSTRUCTION,6,北京,北京,,,方正书宋简体;宋体,,7.5,FALSE,FALSE,AUTO_OR_INHERITED,,FALSE,FALSE,,FALSE,,,BLACK_SPECIMEN_RUN,BLACK_OR_INHERITED,FORMAT_DOCUMENT_CONTENT,YES,LibreOffice-derived OOXML inspection of hash-verified legacy source; inherited properties remain explicit as such.
HFUT_FMT_DOC,P088,MANUSCRIPT_FORMAT_INSTRUCTION,7,:,:,,,方正书宋简体;宋体,,7.5,FALSE,FALSE,AUTO_OR_INHERITED,,FALSE,FALSE,,FALSE,,,BLACK_SPECIMEN_RUN,BLACK_OR_INHERITED,FORMAT_DOCUMENT_CONTENT,YES,LibreOffice-derived OOXML inspection of hash-verified legacy source; inherited properties remain explicit as such.
HFUT_FMT_DOC,P088,MANUSCRIPT_FORMAT_INSTRUCTION,8,科学出版社,科学出版社,,,方正书宋简体;宋体,,7.5,FALSE,FALSE,AUTO_OR_INHERITED,,FALSE,FALSE,,FALSE,,,BLACK_SPECIMEN_RUN,BLACK_OR_INHERITED,FORMAT_DOCUMENT_CONTENT,YES,LibreOffice-derived OOXML inspection of hash-verified legacy source; inherited properties remain explicit as such.
HFUT_FMT_DOC,P088,MANUSCRIPT_FORMAT_INSTRUCTION,9,",2021.128 cm",",2021.128 cm",,,方正书宋简体;宋体,,7.5,FALSE,FALSE,AUTO_OR_INHERITED,,FALSE,FALSE,,FALSE,,,BLACK_SPECIMEN_RUN,BLACK_OR_INHERITED,FORMAT_DOCUMENT_CONTENT,YES,LibreOffice-derived OOXML inspection of hash-verified legacy source; inherited properties remain explicit as such.
HFUT_FMT_DOC,P088,MANUSCRIPT_FORMAT_INSTRUCTION,10,×,×,,,方正书宋简体;宋体,,7.5,FALSE,FALSE,AUTO_OR_INHERITED,,FALSE,FALSE,,FALSE,,,BLACK_SPECIMEN_RUN,BLACK_OR_INHERITED,FORMAT_DOCUMENT_CONTENT,YES,LibreOffice-derived OOXML inspection of hash-verified legacy source; inherited properties remain explicit as such.
HFUT_FMT_DOC,P088,MANUSCRIPT_FORMAT_INSTRUCTION,11,84 cm.,84 cm.,,,方正书宋简体;宋体,,7.5,FALSE,FALSE,AUTO_OR_INHERITED,,FALSE,FALSE,,FALSE,,,BLACK_SPECIMEN_RUN,BLACK_OR_INHERITED,FORMAT_DOCUMENT_CONTENT,YES,LibreOffice-derived OOXML inspection of hash-verified legacy source; inherited properties remain explicit as such.
HFUT_FMT_DOC,P089,MANUSCRIPT_FORMAT_INSTRUCTION,1,[26] ,[26],,,方正书宋简体;宋体,,7.5,FALSE,FALSE,AUTO_OR_INHERITED,,FALSE,FALSE,,TRUE,, ,BLACK_SPECIMEN_RUN,BLACK_OR_INHERITED,FORMAT_DOCUMENT_CONTENT,YES,LibreOffice-derived OOXML inspection of hash-verified legacy source; inherited properties remain explicit as such.
HFUT_FMT_DOC,P089,MANUSCRIPT_FORMAT_INSTRUCTION,2,国家测绘地理信息局,国家测绘地理信息局,,,方正书宋简体;宋体,,7.5,FALSE,FALSE,AUTO_OR_INHERITED,,FALSE,FALSE,,FALSE,,,BLACK_SPECIMEN_RUN,BLACK_OR_INHERITED,FORMAT_DOCUMENT_CONTENT,YES,LibreOffice-derived OOXML inspection of hash-verified legacy source; inherited properties remain explicit as such.
HFUT_FMT_DOC,P089,MANUSCRIPT_FORMAT_INSTRUCTION,3,. ,.,,,方正书宋简体;宋体,,7.5,FALSE,FALSE,AUTO_OR_INHERITED,,FALSE,FALSE,,TRUE,, ,BLACK_SPECIMEN_RUN,BLACK_OR_INHERITED,FORMAT_DOCUMENT_CONTENT,YES,LibreOffice-derived OOXML inspection of hash-verified legacy source; inherited properties remain explicit as such.
HFUT_FMT_DOC,P089,MANUSCRIPT_FORMAT_INSTRUCTION,4,一带一路经济走廊及其途经城市分,一带一路经济走廊及其途经城市分,,,方正书宋简体;宋体,,7.5,FALSE,FALSE,AUTO_OR_INHERITED,,FALSE,FALSE,,FALSE,,,BLACK_SPECIMEN_RUN,BLACK_OR_INHERITED,FORMAT_DOCUMENT_CONTENT,YES,LibreOffice-derived OOXML inspection of hash-verified legacy source; inherited properties remain explicit as such.
HFUT_FMT_DOC,P089,MANUSCRIPT_FORMAT_INSTRUCTION,5,布地势图,布地势图,,,方正书宋简体;宋体,,7.5,FALSE,FALSE,AUTO_OR_INHERITED,,FALSE,FALSE,,FALSE,,,BLACK_SPECIMEN_RUN,BLACK_OR_INHERITED,FORMAT_DOCUMENT_CONTENT,YES,LibreOffice-derived OOXML inspection of hash-verified legacy source; inherited properties remain explicit as such.
HFUT_FMT_DOC,P089,MANUSCRIPT_FORMAT_INSTRUCTION,6,[CM/OL].http://ydy.china.com.cn/2016-10/27/,[CM/OL].http://ydy.china.com.cn/2016-10/27/,,,方正书宋简体;宋体,,7.5,FALSE,FALSE,AUTO_OR_INHERITED,,FALSE,FALSE,,FALSE,,,BLACK_SPECIMEN_RUN,BLACK_OR_INHERITED,FORMAT_DOCUMENT_CONTENT,YES,LibreOffice-derived OOXML inspection of hash-verified legacy source; inherited properties remain explicit as such.
HFUT_FMT_DOC,P090,MANUSCRIPT_FORMAT_INSTRUCTION,1,content_,content_,,,方正书宋简体;宋体,,7.5,FALSE,FALSE,AUTO_OR_INHERITED,,FALSE,FALSE,,FALSE,,,BLACK_SPECIMEN_RUN,BLACK_OR_INHERITED,FORMAT_DOCUMENT_CONTENT,YES,LibreOffice-derived OOXML inspection of hash-verified legacy source; inherited properties remain explicit as such.
HFUT_FMT_DOC,P090,MANUSCRIPT_FORMAT_INSTRUCTION,2,39582227.htm.,39582227.htm.,,,方正书宋简体;宋体,,7.5,FALSE,FALSE,AUTO_OR_INHERITED,,FALSE,FALSE,,FALSE,,,BLACK_SPECIMEN_RUN,BLACK_OR_INHERITED,FORMAT_DOCUMENT_CONTENT,YES,LibreOffice-derived OOXML inspection of hash-verified legacy source; inherited properties remain explicit as such.
HFUT_REF_DOC,P001,FORMAT_DOCUMENT_OWN_HEADING,1,参考文献,参考文献,黑体;SimHei,黑体;SimHei,黑体;SimHei,黑体;SimHei,INHERITED_OR_UNSET,TRUE,FALSE,AUTO_OR_INHERITED,,FALSE,FALSE,,FALSE,,,BLACK_SPECIMEN_RUN,BLACK_OR_INHERITED,FORMAT_DOCUMENT_CONTENT,YES,LibreOffice-derived OOXML inspection of hash-verified legacy source; inherited properties remain explicit as such.
HFUT_REF_DOC,P001,FORMAT_DOCUMENT_OWN_HEADING,2,要求及示例,要求及示例,黑体;SimHei,黑体;SimHei,黑体;SimHei,黑体;SimHei,INHERITED_OR_UNSET,TRUE,FALSE,AUTO_OR_INHERITED,,FALSE,FALSE,,FALSE,,,BLACK_SPECIMEN_RUN,BLACK_OR_INHERITED,FORMAT_DOCUMENT_CONTENT,YES,LibreOffice-derived OOXML inspection of hash-verified legacy source; inherited properties remain explicit as such.
HFUT_REF_DOC,P002,MANUSCRIPT_FORMAT_INSTRUCTION,1,参考文献,参考文献,,,,,INHERITED_OR_UNSET,FALSE,FALSE,FF0000,,FALSE,FALSE,,FALSE,,,RED_INSTRUCTION_RUN,RED,RED_INSTRUCTIONAL_ANNOTATION,NO,LibreOffice-derived OOXML inspection of hash-verified legacy source; inherited properties remain explicit as such.
HFUT_REF_DOC,P002,MANUSCRIPT_FORMAT_INSTRUCTION,2,的排版,的排版,,,,,INHERITED_OR_UNSET,FALSE,FALSE,FF0000,,FALSE,FALSE,,FALSE,,,RED_INSTRUCTION_RUN,RED,RED_INSTRUCTIONAL_ANNOTATION,NO,LibreOffice-derived OOXML inspection of hash-verified legacy source; inherited properties remain explicit as such.
HFUT_REF_DOC,P002,MANUSCRIPT_FORMAT_INSTRUCTION,3,严格按照执行国家标准,严格按照执行国家标准,,,,,INHERITED_OR_UNSET,FALSE,FALSE,FF0000,,FALSE,FALSE,,FALSE,,,RED_INSTRUCTION_RUN,RED,RED_INSTRUCTIONAL_ANNOTATION,NO,LibreOffice-derived OOXML inspection of hash-verified legacy source; inherited properties remain explicit as such.
HFUT_REF_DOC,P002,MANUSCRIPT_FORMAT_INSTRUCTION,4,GB,GB,,,,,INHERITED_OR_UNSET,FALSE,FALSE,FF0000,,FALSE,FALSE,,FALSE,,,RED_INSTRUCTION_RUN,RED,RED_INSTRUCTIONAL_ANNOTATION,NO,LibreOffice-derived OOXML inspection of hash-verified legacy source; inherited properties remain explicit as such.
HFUT_REF_DOC,P002,MANUSCRIPT_FORMAT_INSTRUCTION,5,/,/,,,,,INHERITED_OR_UNSET,FALSE,FALSE,FF0000,,FALSE,FALSE,,FALSE,,,RED_INSTRUCTION_RUN,RED,RED_INSTRUCTIONAL_ANNOTATION,NO,LibreOffice-derived OOXML inspection of hash-verified legacy source; inherited properties remain explicit as such.
HFUT_REF_DOC,P002,MANUSCRIPT_FORMAT_INSTRUCTION,6,T 7714,T 7714,,,,,INHERITED_OR_UNSET,FALSE,FALSE,FF0000,,FALSE,FALSE,,FALSE,,,RED_INSTRUCTION_RUN,RED,RED_INSTRUCTIONAL_ANNOTATION,NO,LibreOffice-derived OOXML inspection of hash-verified legacy source; inherited properties remain explicit as such.
HFUT_REF_DOC,P002,MANUSCRIPT_FORMAT_INSTRUCTION,7,—,—,宋体;SimSun,宋体;SimSun,,宋体;SimSun,INHERITED_OR_UNSET,FALSE,FALSE,FF0000,,FALSE,FALSE,,FALSE,,,RED_INSTRUCTION_RUN,RED,RED_INSTRUCTIONAL_ANNOTATION,NO,LibreOffice-derived OOXML inspection of hash-verified legacy source; inherited properties remain explicit as such.
HFUT_REF_DOC,P002,MANUSCRIPT_FORMAT_INSTRUCTION,8,2025,2025,,,,,INHERITED_OR_UNSET,FALSE,FALSE,FF0000,,FALSE,FALSE,,FALSE,,,RED_INSTRUCTION_RUN,RED,RED_INSTRUCTIONAL_ANNOTATION,NO,LibreOffice-derived OOXML inspection of hash-verified legacy source; inherited properties remain explicit as such.
HFUT_REF_DOC,P002,MANUSCRIPT_FORMAT_INSTRUCTION,9,《,《,,,,,INHERITED_OR_UNSET,FALSE,FALSE,FF0000,,FALSE,FALSE,,FALSE,,,RED_INSTRUCTION_RUN,RED,RED_INSTRUCTIONAL_ANNOTATION,NO,LibreOffice-derived OOXML inspection of hash-verified legacy source; inherited properties remain explicit as such.
HFUT_REF_DOC,P002,MANUSCRIPT_FORMAT_INSTRUCTION,10,信息与文献,信息与文献,,,,,INHERITED_OR_UNSET,FALSE,FALSE,FF0000,,FALSE,FALSE,,FALSE,,,RED_INSTRUCTION_RUN,RED,RED_INSTRUCTIONAL_ANNOTATION,NO,LibreOffice-derived OOXML inspection of hash-verified legacy source; inherited properties remain explicit as such.
HFUT_REF_DOC,P002,MANUSCRIPT_FORMAT_INSTRUCTION,11, ,,,,Times New Roman,,INHERITED_OR_UNSET,FALSE,FALSE,FF0000,,FALSE,FALSE,,TRUE, , ,RED_INSTRUCTION_RUN,RED,RED_INSTRUCTIONAL_ANNOTATION,NO,LibreOffice-derived OOXML inspection of hash-verified legacy source; inherited properties remain explicit as such.
HFUT_REF_DOC,P002,MANUSCRIPT_FORMAT_INSTRUCTION,12,参考文献著录规则,参考文献著录规则,,,,,INHERITED_OR_UNSET,FALSE,FALSE,FF0000,,FALSE,FALSE,,FALSE,,,RED_INSTRUCTION_RUN,RED,RED_INSTRUCTIONAL_ANNOTATION,NO,LibreOffice-derived OOXML inspection of hash-verified legacy source; inherited properties remain explicit as such.
HFUT_REF_DOC,P002,MANUSCRIPT_FORMAT_INSTRUCTION,13,）,）,,,,,INHERITED_OR_UNSET,FALSE,FALSE,FF0000,,FALSE,FALSE,,FALSE,,,RED_INSTRUCTION_RUN,RED,RED_INSTRUCTIONAL_ANNOTATION,NO,LibreOffice-derived OOXML inspection of hash-verified legacy source; inherited properties remain explicit as such.
HFUT_REF_DOC,P002,MANUSCRIPT_FORMAT_INSTRUCTION,14,》,》,,,方正书宋简体;宋体,,INHERITED_OR_UNSET,FALSE,FALSE,FF0000,,FALSE,FALSE,,FALSE,,,RED_INSTRUCTION_RUN,RED,RED_INSTRUCTIONAL_ANNOTATION,NO,LibreOffice-derived OOXML inspection of hash-verified legacy source; inherited properties remain explicit as such.
HFUT_REF_DOC,P002,MANUSCRIPT_FORMAT_INSTRUCTION,15,。,。,,,,,INHERITED_OR_UNSET,FALSE,FALSE,FF0000,,FALSE,FALSE,,FALSE,,,RED_INSTRUCTION_RUN,RED,RED_INSTRUCTIONAL_ANNOTATION,NO,LibreOffice-derived OOXML inspection of hash-verified legacy source; inherited properties remain explicit as such.
HFUT_REF_DOC,P003,MANUSCRIPT_FORMAT_INSTRUCTION,1,本刊参考文献,本刊参考文献,,,方正书宋简体;宋体,,INHERITED_OR_UNSET,FALSE,FALSE,AUTO_OR_INHERITED,,FALSE,FALSE,,FALSE,,,BLACK_SPECIMEN_RUN,BLACK_OR_INHERITED,REFERENCE_SPECIMEN_OR_INSTRUCTION,YES,LibreOffice-derived OOXML inspection of hash-verified legacy source; inherited properties remain explicit as such.
HFUT_REF_DOC,P003,MANUSCRIPT_FORMAT_INSTRUCTION,2,中,中,,,方正书宋简体;宋体,,INHERITED_OR_UNSET,FALSE,FALSE,AUTO_OR_INHERITED,,FALSE,FALSE,,FALSE,,,BLACK_SPECIMEN_RUN,BLACK_OR_INHERITED,REFERENCE_SPECIMEN_OR_INSTRUCTION,YES,LibreOffice-derived OOXML inspection of hash-verified legacy source; inherited properties remain explicit as such.
HFUT_REF_DOC,P003,MANUSCRIPT_FORMAT_INSTRUCTION,3,汉字,汉字,,,方正书宋简体;宋体,,INHERITED_OR_UNSET,FALSE,FALSE,AUTO_OR_INHERITED,,FALSE,FALSE,,FALSE,,,BLACK_SPECIMEN_RUN,BLACK_OR_INHERITED,REFERENCE_SPECIMEN_OR_INSTRUCTION,YES,LibreOffice-derived OOXML inspection of hash-verified legacy source; inherited properties remain explicit as such.
HFUT_REF_DOC,P003,MANUSCRIPT_FORMAT_INSTRUCTION,4,为,为,,,方正书宋简体;宋体,,INHERITED_OR_UNSET,FALSE,FALSE,AUTO_OR_INHERITED,,FALSE,FALSE,,FALSE,,,BLACK_SPECIMEN_RUN,BLACK_OR_INHERITED,REFERENCE_SPECIMEN_OR_INSTRUCTION,YES,LibreOffice-derived OOXML inspection of hash-verified legacy source; inherited properties remain explicit as such.
HFUT_REF_DOC,P003,MANUSCRIPT_FORMAT_INSTRUCTION,5,六,六,,,方正书宋简体;宋体,,INHERITED_OR_UNSET,FALSE,FALSE,AUTO_OR_INHERITED,,FALSE,FALSE,,FALSE,,,BLACK_SPECIMEN_RUN,BLACK_OR_INHERITED,REFERENCE_SPECIMEN_OR_INSTRUCTION,YES,LibreOffice-derived OOXML inspection of hash-verified legacy source; inherited properties remain explicit as such.
HFUT_REF_DOC,P003,MANUSCRIPT_FORMAT_INSTRUCTION,6,号宋体,号宋体,,,方正书宋简体;宋体,,INHERITED_OR_UNSET,FALSE,FALSE,AUTO_OR_INHERITED,,FALSE,FALSE,,FALSE,,,BLACK_SPECIMEN_RUN,BLACK_OR_INHERITED,REFERENCE_SPECIMEN_OR_INSTRUCTION,YES,LibreOffice-derived OOXML inspection of hash-verified legacy source; inherited properties remain explicit as such.
HFUT_REF_DOC,P003,MANUSCRIPT_FORMAT_INSTRUCTION,7,，字母、数字为六,，字母、数字为六,,,方正书宋简体;宋体,,INHERITED_OR_UNSET,FALSE,FALSE,AUTO_OR_INHERITED,,FALSE,FALSE,,FALSE,,,BLACK_SPECIMEN_RUN,BLACK_OR_INHERITED,REFERENCE_SPECIMEN_OR_INSTRUCTION,YES,LibreOffice-derived OOXML inspection of hash-verified legacy source; inherited properties remain explicit as such.
HFUT_REF_DOC,P003,MANUSCRIPT_FORMAT_INSTRUCTION,8,号,号,,,方正书宋简体;宋体,,INHERITED_OR_UNSET,FALSE,FALSE,AUTO_OR_INHERITED,,FALSE,FALSE,,FALSE,,,BLACK_SPECIMEN_RUN,BLACK_OR_INHERITED,REFERENCE_SPECIMEN_OR_INSTRUCTION,YES,LibreOffice-derived OOXML inspection of hash-verified legacy source; inherited properties remain explicit as such.
HFUT_REF_DOC,P003,MANUSCRIPT_FORMAT_INSTRUCTION,9,Times New Roman,Times New Roman,,,方正书宋简体;宋体,,INHERITED_OR_UNSET,FALSE,FALSE,AUTO_OR_INHERITED,,FALSE,FALSE,,FALSE,,,BLACK_SPECIMEN_RUN,BLACK_OR_INHERITED,REFERENCE_SPECIMEN_OR_INSTRUCTION,YES,LibreOffice-derived OOXML inspection of hash-verified legacy source; inherited properties remain explicit as such.
HFUT_REF_DOC,P003,MANUSCRIPT_FORMAT_INSTRUCTION,10,，,，,,,方正书宋简体;宋体,,INHERITED_OR_UNSET,FALSE,FALSE,AUTO_OR_INHERITED,,FALSE,FALSE,,FALSE,,,BLACK_SPECIMEN_RUN,BLACK_OR_INHERITED,REFERENCE_SPECIMEN_OR_INSTRUCTION,YES,LibreOffice-derived OOXML inspection of hash-verified legacy source; inherited properties remain explicit as such.
HFUT_REF_DOC,P003,MANUSCRIPT_FORMAT_INSTRUCTION,11,行距,行距,,,方正书宋简体;宋体,,INHERITED_OR_UNSET,FALSE,FALSE,AUTO_OR_INHERITED,,FALSE,FALSE,,FALSE,,,BLACK_SPECIMEN_RUN,BLACK_OR_INHERITED,REFERENCE_SPECIMEN_OR_INSTRUCTION,YES,LibreOffice-derived OOXML inspection of hash-verified legacy source; inherited properties remain explicit as such.
HFUT_REF_DOC,P003,MANUSCRIPT_FORMAT_INSTRUCTION,12,14,14,,,方正书宋简体;宋体,,INHERITED_OR_UNSET,FALSE,FALSE,AUTO_OR_INHERITED,,FALSE,FALSE,,FALSE,,,BLACK_SPECIMEN_RUN,BLACK_OR_INHERITED,REFERENCE_SPECIMEN_OR_INSTRUCTION,YES,LibreOffice-derived OOXML inspection of hash-verified legacy source; inherited properties remain explicit as such.
HFUT_REF_DOC,P003,MANUSCRIPT_FORMAT_INSTRUCTION,13,磅,磅,,,方正书宋简体;宋体,,INHERITED_OR_UNSET,FALSE,FALSE,AUTO_OR_INHERITED,,FALSE,FALSE,,FALSE,,,BLACK_SPECIMEN_RUN,BLACK_OR_INHERITED,REFERENCE_SPECIMEN_OR_INSTRUCTION,YES,LibreOffice-derived OOXML inspection of hash-verified legacy source; inherited properties remain explicit as such.
HFUT_REF_DOC,P003,MANUSCRIPT_FORMAT_INSTRUCTION,14,。,。,,,方正书宋简体;宋体,,INHERITED_OR_UNSET,FALSE,FALSE,AUTO_OR_INHERITED,,FALSE,FALSE,,FALSE,,,BLACK_SPECIMEN_RUN,BLACK_OR_INHERITED,REFERENCE_SPECIMEN_OR_INSTRUCTION,YES,LibreOffice-derived OOXML inspection of hash-verified legacy source; inherited properties remain explicit as such.
HFUT_REF_DOC,P004,MANUSCRIPT_FORMAT_INSTRUCTION,1,不同类型的参考文献示例如下：,不同类型的参考文献示例如下：,,,方正书宋简体;宋体,,INHERITED_OR_UNSET,FALSE,FALSE,AUTO_OR_INHERITED,,FALSE,FALSE,,FALSE,,,BLACK_SPECIMEN_RUN,BLACK_OR_INHERITED,REFERENCE_SPECIMEN_OR_INSTRUCTION,YES,LibreOffice-derived OOXML inspection of hash-verified legacy source; inherited properties remain explicit as such.
HFUT_REF_DOC,P005,MANUSCRIPT_FORMAT_INSTRUCTION,1,一,一,,,,,INHERITED_OR_UNSET,TRUE,FALSE,FF0000,,FALSE,FALSE,,FALSE,,,RED_INSTRUCTION_RUN,RED,RED_INSTRUCTIONAL_ANNOTATION,NO,LibreOffice-derived OOXML inspection of hash-verified legacy source; inherited properties remain explicit as such.
HFUT_REF_DOC,P005,MANUSCRIPT_FORMAT_INSTRUCTION,2,  ,,,,Times New Roman,,INHERITED_OR_UNSET,TRUE,FALSE,FF0000,,FALSE,FALSE,,TRUE,  ,  ,RED_INSTRUCTION_RUN,RED,RED_INSTRUCTIONAL_ANNOTATION,NO,LibreOffice-derived OOXML inspection of hash-verified legacy source; inherited properties remain explicit as such.
HFUT_REF_DOC,P005,MANUSCRIPT_FORMAT_INSTRUCTION,3,期刊,期刊,,,,,INHERITED_OR_UNSET,TRUE,FALSE,FF0000,,FALSE,FALSE,,FALSE,,,RED_INSTRUCTION_RUN,RED,RED_INSTRUCTIONAL_ANNOTATION,NO,LibreOffice-derived OOXML inspection of hash-verified legacy source; inherited properties remain explicit as such.
HFUT_REF_DOC,P005,MANUSCRIPT_FORMAT_INSTRUCTION,4,: [,: [,,,,,INHERITED_OR_UNSET,TRUE,FALSE,FF0000,,FALSE,FALSE,,FALSE,,,RED_INSTRUCTION_RUN,RED,RED_INSTRUCTIONAL_ANNOTATION,NO,LibreOffice-derived OOXML inspection of hash-verified legacy source; inherited properties remain explicit as such.
HFUT_REF_DOC,P005,MANUSCRIPT_FORMAT_INSTRUCTION,5,序号,序号,,,,,INHERITED_OR_UNSET,TRUE,FALSE,FF0000,,FALSE,FALSE,,FALSE,,,RED_INSTRUCTION_RUN,RED,RED_INSTRUCTIONAL_ANNOTATION,NO,LibreOffice-derived OOXML inspection of hash-verified legacy source; inherited properties remain explicit as such.
HFUT_REF_DOC,P005,MANUSCRIPT_FORMAT_INSTRUCTION,6,],],,,,,INHERITED_OR_UNSET,TRUE,FALSE,FF0000,,FALSE,FALSE,,FALSE,,,RED_INSTRUCTION_RUN,RED,RED_INSTRUCTIONAL_ANNOTATION,NO,LibreOffice-derived OOXML inspection of hash-verified legacy source; inherited properties remain explicit as such.
HFUT_REF_DOC,P005,MANUSCRIPT_FORMAT_INSTRUCTION,7, ,,,,,,INHERITED_OR_UNSET,TRUE,FALSE,FF0000,,FALSE,FALSE,,TRUE, , ,RED_INSTRUCTION_RUN,RED,RED_INSTRUCTIONAL_ANNOTATION,NO,LibreOffice-derived OOXML inspection of hash-verified legacy source; inherited properties remain explicit as such.
HFUT_REF_DOC,P005,MANUSCRIPT_FORMAT_INSTRUCTION,8,作者（英文期刊作者姓前名后,作者（英文期刊作者姓前名后,,,,,INHERITED_OR_UNSET,TRUE,FALSE,FF0000,,FALSE,FALSE,,FALSE,,,RED_INSTRUCTION_RUN,RED,RED_INSTRUCTIONAL_ANNOTATION,NO,LibreOffice-derived OOXML inspection of hash-verified legacy source; inherited properties remain explicit as such.
HFUT_REF_DOC,P005,MANUSCRIPT_FORMAT_INSTRUCTION,9,",",",",,,,,INHERITED_OR_UNSET,TRUE,FALSE,FF0000,,FALSE,FALSE,,FALSE,,,RED_INSTRUCTION_RUN,RED,RED_INSTRUCTIONAL_ANNOTATION,NO,LibreOffice-derived OOXML inspection of hash-verified legacy source; inherited properties remain explicit as such.
HFUT_REF_DOC,P005,MANUSCRIPT_FORMAT_INSTRUCTION,10, ,,,,,,INHERITED_OR_UNSET,FALSE,FALSE,AUTO_OR_INHERITED,,FALSE,FALSE,,TRUE, , ,BLACK_SPECIMEN_RUN,BLACK_OR_INHERITED,REFERENCE_SPECIMEN_OR_INSTRUCTION,YES,LibreOffice-derived OOXML inspection of hash-verified legacy source; inherited properties remain explicit as such.
HFUT_REF_DOC,P005,MANUSCRIPT_FORMAT_INSTRUCTION,11,姓应全部著录，首字母应大写，名可缩写为首字母；用汉语拼音著录个人责任者，名宜用全称）,姓应全部著录，首字母应大写，名可缩写为首字母；用汉语拼音著录个人责任者，名宜用全称）,,,,,INHERITED_OR_UNSET,TRUE,FALSE,FF0000,,FALSE,FALSE,,FALSE,,,RED_INSTRUCTION_RUN,RED,RED_INSTRUCTIONAL_ANNOTATION,NO,LibreOffice-derived OOXML inspection of hash-verified legacy source; inherited properties remain explicit as such.
HFUT_REF_DOC,P005,MANUSCRIPT_FORMAT_INSTRUCTION,12,.,.,,,,,INHERITED_OR_UNSET,TRUE,FALSE,FF0000,,FALSE,FALSE,,FALSE,,,RED_INSTRUCTION_RUN,RED,RED_INSTRUCTIONAL_ANNOTATION,NO,LibreOffice-derived OOXML inspection of hash-verified legacy source; inherited properties remain explicit as such.
HFUT_REF_DOC,P005,MANUSCRIPT_FORMAT_INSTRUCTION,13,题名,题名,,,,,INHERITED_OR_UNSET,TRUE,FALSE,FF0000,,FALSE,FALSE,,FALSE,,,RED_INSTRUCTION_RUN,RED,RED_INSTRUCTIONAL_ANNOTATION,NO,LibreOffice-derived OOXML inspection of hash-verified legacy source; inherited properties remain explicit as such.
HFUT_REF_DOC,P005,MANUSCRIPT_FORMAT_INSTRUCTION,14,[J].,[J].,,,,,INHERITED_OR_UNSET,TRUE,FALSE,FF0000,,FALSE,FALSE,,FALSE,,,RED_INSTRUCTION_RUN,RED,RED_INSTRUCTIONAL_ANNOTATION,NO,LibreOffice-derived OOXML inspection of hash-verified legacy source; inherited properties remain explicit as such.
HFUT_REF_DOC,P005,MANUSCRIPT_FORMAT_INSTRUCTION,15,刊名（外文刊名尽量不用缩写,刊名（外文刊名尽量不用缩写,,,,,INHERITED_OR_UNSET,TRUE,FALSE,FF0000,,FALSE,FALSE,,FALSE,,,RED_INSTRUCTION_RUN,RED,RED_INSTRUCTIONAL_ANNOTATION,NO,LibreOffice-derived OOXML inspection of hash-verified legacy source; inherited properties remain explicit as such.
HFUT_REF_DOC,P005,MANUSCRIPT_FORMAT_INSTRUCTION,16,",",",",,,,,INHERITED_OR_UNSET,TRUE,FALSE,FF0000,,FALSE,FALSE,,FALSE,,,RED_INSTRUCTION_RUN,RED,RED_INSTRUCTIONAL_ANNOTATION,NO,LibreOffice-derived OOXML inspection of hash-verified legacy source; inherited properties remain explicit as such.
HFUT_REF_DOC,P005,MANUSCRIPT_FORMAT_INSTRUCTION,17, ,,,,,,INHERITED_OR_UNSET,TRUE,FALSE,FF0000,,FALSE,FALSE,,TRUE, , ,RED_INSTRUCTION_RUN,RED,RED_INSTRUCTIONAL_ANNOTATION,NO,LibreOffice-derived OOXML inspection of hash-verified legacy source; inherited properties remain explicit as such.
HFUT_REF_DOC,P005,MANUSCRIPT_FORMAT_INSTRUCTION,18,全文统一），出版年，卷,全文统一），出版年，卷,,,,,INHERITED_OR_UNSET,TRUE,FALSE,FF0000,,FALSE,FALSE,,FALSE,,,RED_INSTRUCTION_RUN,RED,RED_INSTRUCTIONAL_ANNOTATION,NO,LibreOffice-derived OOXML inspection of hash-verified legacy source; inherited properties remain explicit as such.
HFUT_REF_DOC,P005,MANUSCRIPT_FORMAT_INSTRUCTION,19,(,(,,,,,INHERITED_OR_UNSET,TRUE,FALSE,FF0000,,FALSE,FALSE,,FALSE,,,RED_INSTRUCTION_RUN,RED,RED_INSTRUCTIONAL_ANNOTATION,NO,LibreOffice-derived OOXML inspection of hash-verified legacy source; inherited properties remain explicit as such.
HFUT_REF_DOC,P005,MANUSCRIPT_FORMAT_INSTRUCTION,20,期,期,,,,,INHERITED_OR_UNSET,TRUE,FALSE,FF0000,,FALSE,FALSE,,FALSE,,,RED_INSTRUCTION_RUN,RED,RED_INSTRUCTIONAL_ANNOTATION,NO,LibreOffice-derived OOXML inspection of hash-verified legacy source; inherited properties remain explicit as such.
HFUT_REF_DOC,P005,MANUSCRIPT_FORMAT_INSTRUCTION,21,):,):,,,,,INHERITED_OR_UNSET,TRUE,FALSE,FF0000,,FALSE,FALSE,,FALSE,,,RED_INSTRUCTION_RUN,RED,RED_INSTRUCTIONAL_ANNOTATION,NO,LibreOffice-derived OOXML inspection of hash-verified legacy source; inherited properties remain explicit as such.
HFUT_REF_DOC,P005,MANUSCRIPT_FORMAT_INSTRUCTION,22,起止页码（或文章编号）,起止页码（或文章编号）,,,,,INHERITED_OR_UNSET,TRUE,FALSE,FF0000,,FALSE,FALSE,,FALSE,,,RED_INSTRUCTION_RUN,RED,RED_INSTRUCTIONAL_ANNOTATION,NO,LibreOffice-derived OOXML inspection of hash-verified legacy source; inherited properties remain explicit as such.
HFUT_REF_DOC,P005,MANUSCRIPT_FORMAT_INSTRUCTION,23,.,.,,,,,INHERITED_OR_UNSET,TRUE,FALSE,FF0000,,FALSE,FALSE,,FALSE,,,RED_INSTRUCTION_RUN,RED,RED_INSTRUCTIONAL_ANNOTATION,NO,LibreOffice-derived OOXML inspection of hash-verified legacy source; inherited properties remain explicit as such.
HFUT_REF_DOC,P006,MANUSCRIPT_SPECIMEN_CONTENT,1,[,[,,,方正书宋简体;宋体,,7.5,FALSE,FALSE,AUTO_OR_INHERITED,,FALSE,FALSE,,FALSE,,,BLACK_SPECIMEN_RUN,BLACK_OR_INHERITED,REFERENCE_SPECIMEN_OR_INSTRUCTION,YES,LibreOffice-derived OOXML inspection of hash-verified legacy source; inherited properties remain explicit as such.
HFUT_REF_DOC,P006,MANUSCRIPT_SPECIMEN_CONTENT,2,1,1,,,方正书宋简体;宋体,,7.5,FALSE,FALSE,AUTO_OR_INHERITED,,FALSE,FALSE,,FALSE,,,BLACK_SPECIMEN_RUN,BLACK_OR_INHERITED,REFERENCE_SPECIMEN_OR_INSTRUCTION,YES,LibreOffice-derived OOXML inspection of hash-verified legacy source; inherited properties remain explicit as such.
HFUT_REF_DOC,P006,MANUSCRIPT_SPECIMEN_CONTENT,3,]  ,],,,方正书宋简体;宋体,,7.5,FALSE,FALSE,AUTO_OR_INHERITED,,FALSE,FALSE,,TRUE,,  ,BLACK_SPECIMEN_RUN,BLACK_OR_INHERITED,REFERENCE_SPECIMEN_OR_INSTRUCTION,YES,LibreOffice-derived OOXML inspection of hash-verified legacy source; inherited properties remain explicit as such.
HFUT_REF_DOC,P006,MANUSCRIPT_SPECIMEN_CONTENT,4,俞欣,俞欣,,,,宋体;SimSun,7.5,FALSE,FALSE,AUTO_OR_INHERITED,,FALSE,FALSE,,FALSE,,,BLACK_SPECIMEN_RUN,BLACK_OR_INHERITED,REFERENCE_SPECIMEN_OR_INSTRUCTION,YES,LibreOffice-derived OOXML inspection of hash-verified legacy source; inherited properties remain explicit as such.
HFUT_REF_DOC,P006,MANUSCRIPT_SPECIMEN_CONTENT,5,",",",",,,,,7.5,FALSE,FALSE,212121,,FALSE,FALSE,,FALSE,,,BLACK_SPECIMEN_RUN,BLACK_OR_INHERITED,REFERENCE_SPECIMEN_OR_INSTRUCTION,YES,LibreOffice-derived OOXML inspection of hash-verified legacy source; inherited properties remain explicit as such.
HFUT_REF_DOC,P006,MANUSCRIPT_SPECIMEN_CONTENT,6,刘晓平,刘晓平,,,,宋体;SimSun,7.5,FALSE,FALSE,AUTO_OR_INHERITED,,FALSE,FALSE,,FALSE,,,BLACK_SPECIMEN_RUN,BLACK_OR_INHERITED,REFERENCE_SPECIMEN_OR_INSTRUCTION,YES,LibreOffice-derived OOXML inspection of hash-verified legacy source; inherited properties remain explicit as such.
HFUT_REF_DOC,P006,MANUSCRIPT_SPECIMEN_CONTENT,7,",",",",,,,,7.5,FALSE,FALSE,212121,,FALSE,FALSE,,FALSE,,,BLACK_SPECIMEN_RUN,BLACK_OR_INHERITED,REFERENCE_SPECIMEN_OR_INSTRUCTION,YES,LibreOffice-derived OOXML inspection of hash-verified legacy source; inherited properties remain explicit as such.
HFUT_REF_DOC,P006,MANUSCRIPT_SPECIMEN_CONTENT,8,张光伟,张光伟,,,,宋体;SimSun,7.5,FALSE,FALSE,AUTO_OR_INHERITED,,FALSE,FALSE,,FALSE,,,BLACK_SPECIMEN_RUN,BLACK_OR_INHERITED,REFERENCE_SPECIMEN_OR_INSTRUCTION,YES,LibreOffice-derived OOXML inspection of hash-verified legacy source; inherited properties remain explicit as such.
HFUT_REF_DOC,P006,MANUSCRIPT_SPECIMEN_CONTENT,9,",",",",,,,,7.5,FALSE,FALSE,212121,,FALSE,FALSE,,FALSE,,,BLACK_SPECIMEN_RUN,BLACK_OR_INHERITED,REFERENCE_SPECIMEN_OR_INSTRUCTION,YES,LibreOffice-derived OOXML inspection of hash-verified legacy source; inherited properties remain explicit as such.
HFUT_REF_DOC,P006,MANUSCRIPT_SPECIMEN_CONTENT,10,等,等,,,,宋体;SimSun,7.5,FALSE,FALSE,AUTO_OR_INHERITED,,FALSE,FALSE,,FALSE,,,BLACK_SPECIMEN_RUN,BLACK_OR_INHERITED,REFERENCE_SPECIMEN_OR_INSTRUCTION,YES,LibreOffice-derived OOXML inspection of hash-verified legacy source; inherited properties remain explicit as such.
HFUT_REF_DOC,P006,MANUSCRIPT_SPECIMEN_CONTENT,11,.,.,,,,,7.5,FALSE,FALSE,AUTO_OR_INHERITED,,FALSE,FALSE,,FALSE,,,BLACK_SPECIMEN_RUN,BLACK_OR_INHERITED,REFERENCE_SPECIMEN_OR_INSTRUCTION,YES,LibreOffice-derived OOXML inspection of hash-verified legacy source; inherited properties remain explicit as such.
HFUT_REF_DOC,P006,MANUSCRIPT_SPECIMEN_CONTENT,12,高架斜坡及车辆诱导效应对污染物传播与暴露风险研究,高架斜坡及车辆诱导效应对污染物传播与暴露风险研究,,,,宋体;SimSun,7.5,FALSE,FALSE,AUTO_OR_INHERITED,,FALSE,FALSE,,FALSE,,,BLACK_SPECIMEN_RUN,BLACK_OR_INHERITED,REFERENCE_SPECIMEN_OR_INSTRUCTION,YES,LibreOffice-derived OOXML inspection of hash-verified legacy source; inherited properties remain explicit as such.
HFUT_REF_DOC,P006,MANUSCRIPT_SPECIMEN_CONTENT,13,[J].,[J].,,,,,7.5,FALSE,FALSE,AUTO_OR_INHERITED,,FALSE,FALSE,,FALSE,,,BLACK_SPECIMEN_RUN,BLACK_OR_INHERITED,REFERENCE_SPECIMEN_OR_INSTRUCTION,YES,LibreOffice-derived OOXML inspection of hash-verified legacy source; inherited properties remain explicit as such.
HFUT_REF_DOC,P006,MANUSCRIPT_SPECIMEN_CONTENT,14,合肥工业大学学报,合肥工业大学学报,,,,宋体;SimSun,7.5,FALSE,FALSE,AUTO_OR_INHERITED,,FALSE,FALSE,,FALSE,,,BLACK_SPECIMEN_RUN,BLACK_OR_INHERITED,REFERENCE_SPECIMEN_OR_INSTRUCTION,YES,LibreOffice-derived OOXML inspection of hash-verified legacy source; inherited properties remain explicit as such.
HFUT_REF_DOC,P006,MANUSCRIPT_SPECIMEN_CONTENT,15,(,(,,,,,7.5,FALSE,FALSE,AUTO_OR_INHERITED,,FALSE,FALSE,,FALSE,,,BLACK_SPECIMEN_RUN,BLACK_OR_INHERITED,REFERENCE_SPECIMEN_OR_INSTRUCTION,YES,LibreOffice-derived OOXML inspection of hash-verified legacy source; inherited properties remain explicit as such.
HFUT_REF_DOC,P006,MANUSCRIPT_SPECIMEN_CONTENT,16,自然科学版,自然科学版,,,,宋体;SimSun,7.5,FALSE,FALSE,AUTO_OR_INHERITED,,FALSE,FALSE,,FALSE,,,BLACK_SPECIMEN_RUN,BLACK_OR_INHERITED,REFERENCE_SPECIMEN_OR_INSTRUCTION,YES,LibreOffice-derived OOXML inspection of hash-verified legacy source; inherited properties remain explicit as such.
HFUT_REF_DOC,P006,MANUSCRIPT_SPECIMEN_CONTENT,17,),),,,,,7.5,FALSE,FALSE,AUTO_OR_INHERITED,,FALSE,FALSE,,FALSE,,,BLACK_SPECIMEN_RUN,BLACK_OR_INHERITED,REFERENCE_SPECIMEN_OR_INSTRUCTION,YES,LibreOffice-derived OOXML inspection of hash-verified legacy source; inherited properties remain explicit as such.
HFUT_REF_DOC,P006,MANUSCRIPT_SPECIMEN_CONTENT,18,，,，,,,,宋体;SimSun,7.5,FALSE,FALSE,AUTO_OR_INHERITED,,FALSE,FALSE,,FALSE,,,BLACK_SPECIMEN_RUN,BLACK_OR_INHERITED,REFERENCE_SPECIMEN_OR_INSTRUCTION,YES,LibreOffice-derived OOXML inspection of hash-verified legacy source; inherited properties remain explicit as such.
HFUT_REF_DOC,P006,MANUSCRIPT_SPECIMEN_CONTENT,19,"2024,47(12):1595-1600.","2024,47(12):1595-1600.",,,,,7.5,FALSE,FALSE,AUTO_OR_INHERITED,,FALSE,FALSE,,FALSE,,,BLACK_SPECIMEN_RUN,BLACK_OR_INHERITED,REFERENCE_SPECIMEN_OR_INSTRUCTION,YES,LibreOffice-derived OOXML inspection of hash-verified legacy source; inherited properties remain explicit as such.
HFUT_REF_DOC,P006,MANUSCRIPT_SPECIMEN_CONTENT,20,(,(,,,,,7.5,TRUE,FALSE,FF0000,,FALSE,FALSE,,FALSE,,,RED_INSTRUCTION_RUN,RED,RED_INSTRUCTIONAL_ANNOTATION,NO,LibreOffice-derived OOXML inspection of hash-verified legacy source; inherited properties remain explicit as such.
HFUT_REF_DOC,P006,MANUSCRIPT_SPECIMEN_CONTENT,21,六号宋体或,六号宋体或,,,,宋体;SimSun,7.5,TRUE,FALSE,FF0000,,FALSE,FALSE,,FALSE,,,RED_INSTRUCTION_RUN,RED,RED_INSTRUCTIONAL_ANNOTATION,NO,LibreOffice-derived OOXML inspection of hash-verified legacy source; inherited properties remain explicit as such.
HFUT_REF_DOC,P006,MANUSCRIPT_SPECIMEN_CONTENT,22,Times New Roman),Times New Roman),,,,,7.5,TRUE,FALSE,FF0000,,FALSE,FALSE,,FALSE,,,RED_INSTRUCTION_RUN,RED,RED_INSTRUCTIONAL_ANNOTATION,NO,LibreOffice-derived OOXML inspection of hash-verified legacy source; inherited properties remain explicit as such.
HFUT_REF_DOC,P007,MANUSCRIPT_SPECIMEN_CONTENT,1,[2]  ,[2],,,,,7.5,FALSE,FALSE,AUTO_OR_INHERITED,,FALSE,FALSE,,TRUE,,  ,BLACK_SPECIMEN_RUN,BLACK_OR_INHERITED,REFERENCE_SPECIMEN_OR_INSTRUCTION,YES,LibreOffice-derived OOXML inspection of hash-verified legacy source; inherited properties remain explicit as such.
HFUT_REF_DOC,P007,MANUSCRIPT_SPECIMEN_CONTENT,2,Gutié,Gutié,,,,,7.5,FALSE,FALSE,212121,,FALSE,FALSE,,FALSE,,,BLACK_SPECIMEN_RUN,BLACK_OR_INHERITED,REFERENCE_SPECIMEN_OR_INSTRUCTION,YES,LibreOffice-derived OOXML inspection of hash-verified legacy source; inherited properties remain explicit as such.
HFUT_REF_DOC,P007,MANUSCRIPT_SPECIMEN_CONTENT,3,r,r,,,,,7.5,FALSE,FALSE,212121,,FALSE,FALSE,,FALSE,,,BLACK_SPECIMEN_RUN,BLACK_OR_INHERITED,REFERENCE_SPECIMEN_OR_INSTRUCTION,YES,LibreOffice-derived OOXML inspection of hash-verified legacy source; inherited properties remain explicit as such.
HFUT_REF_DOC,P007,MANUSCRIPT_SPECIMEN_CONTENT,4,"rez T J, Tovar J. Update of the concept of type 5 resistant starch (RS","rez T J, Tovar J. Update of the concept of type 5 resistant starch (RS",,,,,7.5,FALSE,FALSE,212121,,FALSE,FALSE,,FALSE,,,BLACK_SPECIMEN_RUN,BLACK_OR_INHERITED,REFERENCE_SPECIMEN_OR_INSTRUCTION,YES,LibreOffice-derived OOXML inspection of hash-verified legacy source; inherited properties remain explicit as such.
HFUT_REF_DOC,P007,MANUSCRIPT_SPECIMEN_CONTENT,5,5,5,,,,,7.5,FALSE,FALSE,212121,,FALSE,TRUE,,FALSE,,,BLACK_SPECIMEN_RUN,BLACK_OR_INHERITED,REFERENCE_SPECIMEN_OR_INSTRUCTION,YES,LibreOffice-derived OOXML inspection of hash-verified legacy source; inherited properties remain explicit as such.
HFUT_REF_DOC,P007,MANUSCRIPT_SPECIMEN_CONTENT,6,): self-assembled starch V-type complexes [J]. ,): self-assembled starch V-type complexes [J].,,,,,7.5,FALSE,FALSE,212121,,FALSE,FALSE,,TRUE,, ,BLACK_SPECIMEN_RUN,BLACK_OR_INHERITED,REFERENCE_SPECIMEN_OR_INSTRUCTION,YES,LibreOffice-derived OOXML inspection of hash-verified legacy source; inherited properties remain explicit as such.
HFUT_REF_DOC,P007,MANUSCRIPT_SPECIMEN_CONTENT,7,"Trends in Food Science & Technology, 2021, 109: 711-724.","Trends in Food Science & Technology, 2021, 109: 711-724.",,,,,7.5,FALSE,FALSE,AUTO_OR_INHERITED,,FALSE,FALSE,,FALSE,,,BLACK_SPECIMEN_RUN,BLACK_OR_INHERITED,REFERENCE_SPECIMEN_OR_INSTRUCTION,YES,LibreOffice-derived OOXML inspection of hash-verified legacy source; inherited properties remain explicit as such.
HFUT_REF_DOC,P007,MANUSCRIPT_SPECIMEN_CONTENT,8, ,,,,,,7.5,FALSE,FALSE,FF0000,,FALSE,FALSE,,TRUE, , ,RED_INSTRUCTION_RUN,RED,RED_INSTRUCTIONAL_ANNOTATION,NO,LibreOffice-derived OOXML inspection of hash-verified legacy source; inherited properties remain explicit as such.
HFUT_REF_DOC,P007,MANUSCRIPT_SPECIMEN_CONTENT,9,(,(,,,,,7.5,TRUE,FALSE,FF0000,,FALSE,FALSE,,FALSE,,,RED_INSTRUCTION_RUN,RED,RED_INSTRUCTIONAL_ANNOTATION,NO,LibreOffice-derived OOXML inspection of hash-verified legacy source; inherited properties remain explicit as such.
HFUT_REF_DOC,P007,MANUSCRIPT_SPECIMEN_CONTENT,10,六号,六号,,,,宋体;SimSun,7.5,TRUE,FALSE,FF0000,,FALSE,FALSE,,FALSE,,,RED_INSTRUCTION_RUN,RED,RED_INSTRUCTIONAL_ANNOTATION,NO,LibreOffice-derived OOXML inspection of hash-verified legacy source; inherited properties remain explicit as such.
HFUT_REF_DOC,P007,MANUSCRIPT_SPECIMEN_CONTENT,11,Times New Roman),Times New Roman),,,,,7.5,TRUE,FALSE,FF0000,,FALSE,FALSE,,FALSE,,,RED_INSTRUCTION_RUN,RED,RED_INSTRUCTIONAL_ANNOTATION,NO,LibreOffice-derived OOXML inspection of hash-verified legacy source; inherited properties remain explicit as such.
HFUT_REF_DOC,P008,MANUSCRIPT_SPECIMEN_CONTENT,1,[3]  ,[3],,,,,7.5,FALSE,FALSE,AUTO_OR_INHERITED,,FALSE,FALSE,,TRUE,,  ,BLACK_SPECIMEN_RUN,BLACK_OR_INHERITED,REFERENCE_SPECIMEN_OR_INSTRUCTION,YES,LibreOffice-derived OOXML inspection of hash-verified legacy source; inherited properties remain explicit as such.
HFUT_REF_DOC,P008,MANUSCRIPT_SPECIMEN_CONTENT,2,刘相阳,刘相阳,,,,宋体;SimSun,7.5,FALSE,FALSE,AUTO_OR_INHERITED,,FALSE,FALSE,,FALSE,,,BLACK_SPECIMEN_RUN,BLACK_OR_INHERITED,REFERENCE_SPECIMEN_OR_INSTRUCTION,YES,LibreOffice-derived OOXML inspection of hash-verified legacy source; inherited properties remain explicit as such.
HFUT_REF_DOC,P008,MANUSCRIPT_SPECIMEN_CONTENT,3,",",",",,,,,7.5,FALSE,FALSE,AUTO_OR_INHERITED,,FALSE,FALSE,,FALSE,,,BLACK_SPECIMEN_RUN,BLACK_OR_INHERITED,REFERENCE_SPECIMEN_OR_INSTRUCTION,YES,LibreOffice-derived OOXML inspection of hash-verified legacy source; inherited properties remain explicit as such.
HFUT_REF_DOC,P008,MANUSCRIPT_SPECIMEN_CONTENT,4,夏培斋,夏培斋,,,,宋体;SimSun,7.5,FALSE,FALSE,AUTO_OR_INHERITED,,FALSE,FALSE,,FALSE,,,BLACK_SPECIMEN_RUN,BLACK_OR_INHERITED,REFERENCE_SPECIMEN_OR_INSTRUCTION,YES,LibreOffice-derived OOXML inspection of hash-verified legacy source; inherited properties remain explicit as such.
HFUT_REF_DOC,P008,MANUSCRIPT_SPECIMEN_CONTENT,5,",",",",,,,,7.5,FALSE,FALSE,AUTO_OR_INHERITED,,FALSE,FALSE,,FALSE,,,BLACK_SPECIMEN_RUN,BLACK_OR_INHERITED,REFERENCE_SPECIMEN_OR_INSTRUCTION,YES,LibreOffice-derived OOXML inspection of hash-verified legacy source; inherited properties remain explicit as such.
HFUT_REF_DOC,P008,MANUSCRIPT_SPECIMEN_CONTENT,6,徐茜茜,徐茜茜,,,,宋体;SimSun,7.5,FALSE,FALSE,AUTO_OR_INHERITED,,FALSE,FALSE,,FALSE,,,BLACK_SPECIMEN_RUN,BLACK_OR_INHERITED,REFERENCE_SPECIMEN_OR_INSTRUCTION,YES,LibreOffice-derived OOXML inspection of hash-verified legacy source; inherited properties remain explicit as such.
HFUT_REF_DOC,P008,MANUSCRIPT_SPECIMEN_CONTENT,7,",",",",,,,,7.5,FALSE,FALSE,AUTO_OR_INHERITED,,FALSE,FALSE,,FALSE,,,BLACK_SPECIMEN_RUN,BLACK_OR_INHERITED,REFERENCE_SPECIMEN_OR_INSTRUCTION,YES,LibreOffice-derived OOXML inspection of hash-verified legacy source; inherited properties remain explicit as such.
HFUT_REF_DOC,P008,MANUSCRIPT_SPECIMEN_CONTENT,8,等,等,,,,宋体;SimSun,7.5,FALSE,FALSE,AUTO_OR_INHERITED,,FALSE,FALSE,,FALSE,,,BLACK_SPECIMEN_RUN,BLACK_OR_INHERITED,REFERENCE_SPECIMEN_OR_INSTRUCTION,YES,LibreOffice-derived OOXML inspection of hash-verified legacy source; inherited properties remain explicit as such.
HFUT_REF_DOC,P008,MANUSCRIPT_SPECIMEN_CONTENT,9,.,.,,,,,7.5,FALSE,FALSE,AUTO_OR_INHERITED,,FALSE,FALSE,,FALSE,,,BLACK_SPECIMEN_RUN,BLACK_OR_INHERITED,REFERENCE_SPECIMEN_OR_INSTRUCTION,YES,LibreOffice-derived OOXML inspection of hash-verified legacy source; inherited properties remain explicit as such.
HFUT_REF_DOC,P008,MANUSCRIPT_SPECIMEN_CONTENT,10,再生细骨料水泥砂浆力学性能试验研究,再生细骨料水泥砂浆力学性能试验研究,,,,宋体;SimSun,7.5,FALSE,FALSE,AUTO_OR_INHERITED,,FALSE,FALSE,,FALSE,,,BLACK_SPECIMEN_RUN,BLACK_OR_INHERITED,REFERENCE_SPECIMEN_OR_INSTRUCTION,YES,LibreOffice-derived OOXML inspection of hash-verified legacy source; inherited properties remain explicit as such.
HFUT_REF_DOC,P008,MANUSCRIPT_SPECIMEN_CONTENT,11,[J].,[J].,,,,,7.5,FALSE,FALSE,AUTO_OR_INHERITED,,FALSE,FALSE,,FALSE,,,BLACK_SPECIMEN_RUN,BLACK_OR_INHERITED,REFERENCE_SPECIMEN_OR_INSTRUCTION,YES,LibreOffice-derived OOXML inspection of hash-verified legacy source; inherited properties remain explicit as such.
HFUT_REF_DOC,P008,MANUSCRIPT_SPECIMEN_CONTENT,12,混凝土,混凝土,,,,宋体;SimSun,7.5,FALSE,FALSE,AUTO_OR_INHERITED,,FALSE,FALSE,,FALSE,,,BLACK_SPECIMEN_RUN,BLACK_OR_INHERITED,REFERENCE_SPECIMEN_OR_INSTRUCTION,YES,LibreOffice-derived OOXML inspection of hash-verified legacy source; inherited properties remain explicit as such.
HFUT_REF_DOC,P008,MANUSCRIPT_SPECIMEN_CONTENT,13,",2020(7):106-108,113.",",2020(7):106-108,113.",,,,,7.5,FALSE,FALSE,AUTO_OR_INHERITED,,FALSE,FALSE,,FALSE,,,BLACK_SPECIMEN_RUN,BLACK_OR_INHERITED,REFERENCE_SPECIMEN_OR_INSTRUCTION,YES,LibreOffice-derived OOXML inspection of hash-verified legacy source; inherited properties remain explicit as such.
HFUT_REF_DOC,P009,MANUSCRIPT_SPECIMEN_CONTENT,1,[,[,,,,,7.5,FALSE,FALSE,AUTO_OR_INHERITED,,FALSE,FALSE,,FALSE,,,BLACK_SPECIMEN_RUN,BLACK_OR_INHERITED,REFERENCE_SPECIMEN_OR_INSTRUCTION,YES,LibreOffice-derived OOXML inspection of hash-verified legacy source; inherited properties remain explicit as such.
HFUT_REF_DOC,P009,MANUSCRIPT_SPECIMEN_CONTENT,2,4]  ,4],,,,,7.5,FALSE,FALSE,AUTO_OR_INHERITED,,FALSE,FALSE,,TRUE,,  ,BLACK_SPECIMEN_RUN,BLACK_OR_INHERITED,REFERENCE_SPECIMEN_OR_INSTRUCTION,YES,LibreOffice-derived OOXML inspection of hash-verified legacy source; inherited properties remain explicit as such.
HFUT_REF_DOC,P009,MANUSCRIPT_SPECIMEN_CONTENT,3,张群,张群,,,,,7.5,FALSE,FALSE,AUTO_OR_INHERITED,,FALSE,FALSE,,FALSE,,,BLACK_SPECIMEN_RUN,BLACK_OR_INHERITED,REFERENCE_SPECIMEN_OR_INSTRUCTION,YES,LibreOffice-derived OOXML inspection of hash-verified legacy source; inherited properties remain explicit as such.
HFUT_REF_DOC,P009,MANUSCRIPT_SPECIMEN_CONTENT,4,",",",",,,,,7.5,FALSE,FALSE,AUTO_OR_INHERITED,,FALSE,FALSE,,FALSE,,,BLACK_SPECIMEN_RUN,BLACK_OR_INHERITED,REFERENCE_SPECIMEN_OR_INSTRUCTION,YES,LibreOffice-derived OOXML inspection of hash-verified legacy source; inherited properties remain explicit as such.
HFUT_REF_DOC,P009,MANUSCRIPT_SPECIMEN_CONTENT,5,程志宝,程志宝,,,,,7.5,FALSE,FALSE,AUTO_OR_INHERITED,,FALSE,FALSE,,FALSE,,,BLACK_SPECIMEN_RUN,BLACK_OR_INHERITED,REFERENCE_SPECIMEN_OR_INSTRUCTION,YES,LibreOffice-derived OOXML inspection of hash-verified legacy source; inherited properties remain explicit as such.
HFUT_REF_DOC,P009,MANUSCRIPT_SPECIMEN_CONTENT,6,",",",",,,,,7.5,FALSE,FALSE,AUTO_OR_INHERITED,,FALSE,FALSE,,FALSE,,,BLACK_SPECIMEN_RUN,BLACK_OR_INHERITED,REFERENCE_SPECIMEN_OR_INSTRUCTION,YES,LibreOffice-derived OOXML inspection of hash-verified legacy source; inherited properties remain explicit as such.
HFUT_REF_DOC,P009,MANUSCRIPT_SPECIMEN_CONTENT,7,石志飞,石志飞,,,,,7.5,FALSE,FALSE,AUTO_OR_INHERITED,,FALSE,FALSE,,FALSE,,,BLACK_SPECIMEN_RUN,BLACK_OR_INHERITED,REFERENCE_SPECIMEN_OR_INSTRUCTION,YES,LibreOffice-derived OOXML inspection of hash-verified legacy source; inherited properties remain explicit as such.
HFUT_REF_DOC,P009,MANUSCRIPT_SPECIMEN_CONTENT,8,.,.,,,,,7.5,FALSE,FALSE,AUTO_OR_INHERITED,,FALSE,FALSE,,FALSE,,,BLACK_SPECIMEN_RUN,BLACK_OR_INHERITED,REFERENCE_SPECIMEN_OR_INSTRUCTION,YES,LibreOffice-derived OOXML inspection of hash-verified legacy source; inherited properties remain explicit as such.
HFUT_REF_DOC,P009,MANUSCRIPT_SPECIMEN_CONTENT,9,惯性增强动力吸振器,惯性增强动力吸振器,,,,,7.5,FALSE,FALSE,AUTO_OR_INHERITED,,FALSE,FALSE,,FALSE,,,BLACK_SPECIMEN_RUN,BLACK_OR_INHERITED,REFERENCE_SPECIMEN_OR_INSTRUCTION,YES,LibreOffice-derived OOXML inspection of hash-verified legacy source; inherited properties remain explicit as such.
HFUT_REF_DOC,P009,MANUSCRIPT_SPECIMEN_CONTENT,10,-,-,,,,,7.5,FALSE,FALSE,AUTO_OR_INHERITED,,FALSE,FALSE,,FALSE,,,BLACK_SPECIMEN_RUN,BLACK_OR_INHERITED,REFERENCE_SPECIMEN_OR_INSTRUCTION,YES,LibreOffice-derived OOXML inspection of hash-verified legacy source; inherited properties remain explicit as such.
HFUT_REF_DOC,P009,MANUSCRIPT_SPECIMEN_CONTENT,11,浮置板轨道低频减振性能研究,浮置板轨道低频减振性能研究,,,,,7.5,FALSE,FALSE,AUTO_OR_INHERITED,,FALSE,FALSE,,FALSE,,,BLACK_SPECIMEN_RUN,BLACK_OR_INHERITED,REFERENCE_SPECIMEN_OR_INSTRUCTION,YES,LibreOffice-derived OOXML inspection of hash-verified legacy source; inherited properties remain explicit as such.
HFUT_REF_DOC,P009,MANUSCRIPT_SPECIMEN_CONTENT,12,[,[,,,,,7.5,FALSE,FALSE,AUTO_OR_INHERITED,,FALSE,FALSE,,FALSE,,,BLACK_SPECIMEN_RUN,BLACK_OR_INHERITED,REFERENCE_SPECIMEN_OR_INSTRUCTION,YES,LibreOffice-derived OOXML inspection of hash-verified legacy source; inherited properties remain explicit as such.
HFUT_REF_DOC,P009,MANUSCRIPT_SPECIMEN_CONTENT,13,J,J,,,,,7.5,FALSE,FALSE,AUTO_OR_INHERITED,,FALSE,FALSE,,FALSE,,,BLACK_SPECIMEN_RUN,BLACK_OR_INHERITED,REFERENCE_SPECIMEN_OR_INSTRUCTION,YES,LibreOffice-derived OOXML inspection of hash-verified legacy source; inherited properties remain explicit as such.
HFUT_REF_DOC,P009,MANUSCRIPT_SPECIMEN_CONTENT,14,/,/,,,,,7.5,FALSE,FALSE,AUTO_OR_INHERITED,,FALSE,FALSE,,FALSE,,,BLACK_SPECIMEN_RUN,BLACK_OR_INHERITED,REFERENCE_SPECIMEN_OR_INSTRUCTION,YES,LibreOffice-derived OOXML inspection of hash-verified legacy source; inherited properties remain explicit as such.
HFUT_REF_DOC,P009,MANUSCRIPT_SPECIMEN_CONTENT,15,O,O,,,,,7.5,FALSE,FALSE,AUTO_OR_INHERITED,,FALSE,FALSE,,FALSE,,,BLACK_SPECIMEN_RUN,BLACK_OR_INHERITED,REFERENCE_SPECIMEN_OR_INSTRUCTION,YES,LibreOffice-derived OOXML inspection of hash-verified legacy source; inherited properties remain explicit as such.
HFUT_REF_DOC,P009,MANUSCRIPT_SPECIMEN_CONTENT,16,L].,L].,,,,,7.5,FALSE,FALSE,AUTO_OR_INHERITED,,FALSE,FALSE,,FALSE,,,BLACK_SPECIMEN_RUN,BLACK_OR_INHERITED,REFERENCE_SPECIMEN_OR_INSTRUCTION,YES,LibreOffice-derived OOXML inspection of hash-verified legacy source; inherited properties remain explicit as such.
HFUT_REF_DOC,P009,MANUSCRIPT_SPECIMEN_CONTENT,17,铁道学报,铁道学报,,,,,7.5,FALSE,FALSE,AUTO_OR_INHERITED,,FALSE,FALSE,,FALSE,,,BLACK_SPECIMEN_RUN,BLACK_OR_INHERITED,REFERENCE_SPECIMEN_OR_INSTRUCTION,YES,LibreOffice-derived OOXML inspection of hash-verified legacy source; inherited properties remain explicit as such.
HFUT_REF_DOC,P009,MANUSCRIPT_SPECIMEN_CONTENT,18,",2024-05-09. ",",2024-05-09.",,,,,7.5,FALSE,FALSE,AUTO_OR_INHERITED,,FALSE,FALSE,,TRUE,, ,BLACK_SPECIMEN_RUN,BLACK_OR_INHERITED,REFERENCE_SPECIMEN_OR_INSTRUCTION,YES,LibreOffice-derived OOXML inspection of hash-verified legacy source; inherited properties remain explicit as such.
HFUT_REF_DOC,P009,MANUSCRIPT_SPECIMEN_CONTENT,19,.,.,,,,,7.5,FALSE,FALSE,AUTO_OR_INHERITED,,FALSE,FALSE,,FALSE,,,BLACK_SPECIMEN_RUN,BLACK_OR_INHERITED,REFERENCE_SPECIMEN_OR_INSTRUCTION,YES,LibreOffice-derived OOXML inspection of hash-verified legacy source; inherited properties remain explicit as such.
HFUT_REF_DOC,P009,MANUSCRIPT_SPECIMEN_CONTENT,20,  ,,,,,,7.5,FALSE,FALSE,AUTO_OR_INHERITED,,FALSE,FALSE,,TRUE,  ,  ,BLACK_SPECIMEN_RUN,BLACK_OR_INHERITED,REFERENCE_SPECIMEN_OR_INSTRUCTION,YES,LibreOffice-derived OOXML inspection of hash-verified legacy source; inherited properties remain explicit as such.
HFUT_REF_DOC,P009,MANUSCRIPT_SPECIMEN_CONTENT,21,(,(,,,,,7.5,TRUE,FALSE,FF0000,,FALSE,FALSE,,FALSE,,,RED_INSTRUCTION_RUN,RED,RED_INSTRUCTIONAL_ANNOTATION,NO,LibreOffice-derived OOXML inspection of hash-verified legacy source; inherited properties remain explicit as such.
HFUT_REF_DOC,P009,MANUSCRIPT_SPECIMEN_CONTENT,22,注,注,,,,,7.5,TRUE,FALSE,FF0000,,FALSE,FALSE,,FALSE,,,RED_INSTRUCTION_RUN,RED,RED_INSTRUCTIONAL_ANNOTATION,NO,LibreOffice-derived OOXML inspection of hash-verified legacy source; inherited properties remain explicit as such.
HFUT_REF_DOC,P009,MANUSCRIPT_SPECIMEN_CONTENT,23,:,:,,,,,7.5,TRUE,FALSE,FF0000,,FALSE,FALSE,,FALSE,,,RED_INSTRUCTION_RUN,RED,RED_INSTRUCTIONAL_ANNOTATION,NO,LibreOffice-derived OOXML inspection of hash-verified legacy source; inherited properties remain explicit as such.
HFUT_REF_DOC,P009,MANUSCRIPT_SPECIMEN_CONTENT,24,日期为在线出版日期,日期为在线出版日期,,,,,7.5,TRUE,FALSE,FF0000,,FALSE,FALSE,,FALSE,,,RED_INSTRUCTION_RUN,RED,RED_INSTRUCTIONAL_ANNOTATION,NO,LibreOffice-derived OOXML inspection of hash-verified legacy source; inherited properties remain explicit as such.
HFUT_REF_DOC,P009,MANUSCRIPT_SPECIMEN_CONTENT,25,),),,,,,7.5,TRUE,FALSE,FF0000,,FALSE,FALSE,,FALSE,,,RED_INSTRUCTION_RUN,RED,RED_INSTRUCTIONAL_ANNOTATION,NO,LibreOffice-derived OOXML inspection of hash-verified legacy source; inherited properties remain explicit as such.
HFUT_REF_DOC,P010,MANUSCRIPT_SPECIMEN_CONTENT,1,[,[,,,,,7.5,FALSE,FALSE,AUTO_OR_INHERITED,,FALSE,FALSE,,FALSE,,,BLACK_SPECIMEN_RUN,BLACK_OR_INHERITED,REFERENCE_SPECIMEN_OR_INSTRUCTION,YES,LibreOffice-derived OOXML inspection of hash-verified legacy source; inherited properties remain explicit as such.
HFUT_REF_DOC,P010,MANUSCRIPT_SPECIMEN_CONTENT,2,5]  ,5],,,,,7.5,FALSE,FALSE,AUTO_OR_INHERITED,,FALSE,FALSE,,TRUE,,  ,BLACK_SPECIMEN_RUN,BLACK_OR_INHERITED,REFERENCE_SPECIMEN_OR_INSTRUCTION,YES,LibreOffice-derived OOXML inspection of hash-verified legacy source; inherited properties remain explicit as such.
HFUT_REF_DOC,P010,MANUSCRIPT_SPECIMEN_CONTENT,3,王利平,王利平,,,,,7.5,FALSE,FALSE,AUTO_OR_INHERITED,,FALSE,FALSE,,FALSE,,,BLACK_SPECIMEN_RUN,BLACK_OR_INHERITED,REFERENCE_SPECIMEN_OR_INSTRUCTION,YES,LibreOffice-derived OOXML inspection of hash-verified legacy source; inherited properties remain explicit as such.
HFUT_REF_DOC,P010,MANUSCRIPT_SPECIMEN_CONTENT,4,",",",",,,,,7.5,FALSE,FALSE,AUTO_OR_INHERITED,,FALSE,FALSE,,FALSE,,,BLACK_SPECIMEN_RUN,BLACK_OR_INHERITED,REFERENCE_SPECIMEN_OR_INSTRUCTION,YES,LibreOffice-derived OOXML inspection of hash-verified legacy source; inherited properties remain explicit as such.
HFUT_REF_DOC,P010,MANUSCRIPT_SPECIMEN_CONTENT,5,王福新,王福新,,,,,7.5,FALSE,FALSE,AUTO_OR_INHERITED,,FALSE,FALSE,,FALSE,,,BLACK_SPECIMEN_RUN,BLACK_OR_INHERITED,REFERENCE_SPECIMEN_OR_INSTRUCTION,YES,LibreOffice-derived OOXML inspection of hash-verified legacy source; inherited properties remain explicit as such.
HFUT_REF_DOC,P010,MANUSCRIPT_SPECIMEN_CONTENT,6,",",",",,,,,7.5,FALSE,FALSE,AUTO_OR_INHERITED,,FALSE,FALSE,,FALSE,,,BLACK_SPECIMEN_RUN,BLACK_OR_INHERITED,REFERENCE_SPECIMEN_OR_INSTRUCTION,YES,LibreOffice-derived OOXML inspection of hash-verified legacy source; inherited properties remain explicit as such.
HFUT_REF_DOC,P010,MANUSCRIPT_SPECIMEN_CONTENT,7,刘洪,刘洪,,,,,7.5,FALSE,FALSE,AUTO_OR_INHERITED,,FALSE,FALSE,,FALSE,,,BLACK_SPECIMEN_RUN,BLACK_OR_INHERITED,REFERENCE_SPECIMEN_OR_INSTRUCTION,YES,LibreOffice-derived OOXML inspection of hash-verified legacy source; inherited properties remain explicit as such.
HFUT_REF_DOC,P010,MANUSCRIPT_SPECIMEN_CONTENT,8,.,.,,,,,7.5,FALSE,FALSE,AUTO_OR_INHERITED,,FALSE,FALSE,,FALSE,,,BLACK_SPECIMEN_RUN,BLACK_OR_INHERITED,REFERENCE_SPECIMEN_OR_INSTRUCTION,YES,LibreOffice-derived OOXML inspection of hash-verified legacy source; inherited properties remain explicit as such.
HFUT_REF_DOC,P010,MANUSCRIPT_SPECIMEN_CONTENT,9,过冷大水滴环境粒径分布模拟方法研究进展,过冷大水滴环境粒径分布模拟方法研究进展,,,,,7.5,FALSE,FALSE,AUTO_OR_INHERITED,,FALSE,FALSE,,FALSE,,,BLACK_SPECIMEN_RUN,BLACK_OR_INHERITED,REFERENCE_SPECIMEN_OR_INSTRUCTION,YES,LibreOffice-derived OOXML inspection of hash-verified legacy source; inherited properties remain explicit as such.
HFUT_REF_DOC,P010,MANUSCRIPT_SPECIMEN_CONTENT,10,[,[,,,,,7.5,FALSE,FALSE,AUTO_OR_INHERITED,,FALSE,FALSE,,FALSE,,,BLACK_SPECIMEN_RUN,BLACK_OR_INHERITED,REFERENCE_SPECIMEN_OR_INSTRUCTION,YES,LibreOffice-derived OOXML inspection of hash-verified legacy source; inherited properties remain explicit as such.
HFUT_REF_DOC,P010,MANUSCRIPT_SPECIMEN_CONTENT,11,J,J,,,,,7.5,FALSE,FALSE,AUTO_OR_INHERITED,,FALSE,FALSE,,FALSE,,,BLACK_SPECIMEN_RUN,BLACK_OR_INHERITED,REFERENCE_SPECIMEN_OR_INSTRUCTION,YES,LibreOffice-derived OOXML inspection of hash-verified legacy source; inherited properties remain explicit as such.
HFUT_REF_DOC,P010,MANUSCRIPT_SPECIMEN_CONTENT,12,].,].,,,,,7.5,FALSE,FALSE,AUTO_OR_INHERITED,,FALSE,FALSE,,FALSE,,,BLACK_SPECIMEN_RUN,BLACK_OR_INHERITED,REFERENCE_SPECIMEN_OR_INSTRUCTION,YES,LibreOffice-derived OOXML inspection of hash-verified legacy source; inherited properties remain explicit as such.
HFUT_REF_DOC,P010,MANUSCRIPT_SPECIMEN_CONTENT,13,航空学报,航空学报,,,,,7.5,FALSE,FALSE,AUTO_OR_INHERITED,,FALSE,FALSE,,FALSE,,,BLACK_SPECIMEN_RUN,BLACK_OR_INHERITED,REFERENCE_SPECIMEN_OR_INSTRUCTION,YES,LibreOffice-derived OOXML inspection of hash-verified legacy source; inherited properties remain explicit as such.
HFUT_REF_DOC,P010,MANUSCRIPT_SPECIMEN_CONTENT,14,",2024,45(",",2024,45(",,,,,7.5,FALSE,FALSE,AUTO_OR_INHERITED,,FALSE,FALSE,,FALSE,,,BLACK_SPECIMEN_RUN,BLACK_OR_INHERITED,REFERENCE_SPECIMEN_OR_INSTRUCTION,YES,LibreOffice-derived OOXML inspection of hash-verified legacy source; inherited properties remain explicit as such.
HFUT_REF_DOC,P010,MANUSCRIPT_SPECIMEN_CONTENT,15,增刊,增刊,,,,,7.5,FALSE,FALSE,AUTO_OR_INHERITED,,FALSE,FALSE,,FALSE,,,BLACK_SPECIMEN_RUN,BLACK_OR_INHERITED,REFERENCE_SPECIMEN_OR_INSTRUCTION,YES,LibreOffice-derived OOXML inspection of hash-verified legacy source; inherited properties remain explicit as such.
HFUT_REF_DOC,P010,MANUSCRIPT_SPECIMEN_CONTENT,16,1):730570.,1):730570.,,,,,7.5,FALSE,FALSE,AUTO_OR_INHERITED,,FALSE,FALSE,,FALSE,,,BLACK_SPECIMEN_RUN,BLACK_OR_INHERITED,REFERENCE_SPECIMEN_OR_INSTRUCTION,YES,LibreOffice-derived OOXML inspection of hash-verified legacy source; inherited properties remain explicit as such.
HFUT_REF_DOC,P011,MANUSCRIPT_SPECIMEN_CONTENT,1,"[6] Fei Yang, Li Weiqin, Zong Guangquan, et al. Cholecystolithotomy combined ","[6] Fei Yang, Li Weiqin, Zong Guangquan, et al. Cholecystolithotomy combined",,,,,7.5,FALSE,FALSE,AUTO_OR_INHERITED,,FALSE,FALSE,,TRUE,, ,BLACK_SPECIMEN_RUN,BLACK_OR_INHERITED,REFERENCE_SPECIMEN_OR_INSTRUCTION,YES,LibreOffice-derived OOXML inspection of hash-verified legacy source; inherited properties remain explicit as such.
HFUT_REF_DOC,P011,MANUSCRIPT_SPECIMEN_CONTENT,2,Armillarisin A,Armillarisin A,,,,,7.5,FALSE,TRUE,AUTO_OR_INHERITED,,FALSE,FALSE,,FALSE,,,BLACK_SPECIMEN_RUN,BLACK_OR_INHERITED,REFERENCE_SPECIMEN_OR_INSTRUCTION,YES,LibreOffice-derived OOXML inspection of hash-verified legacy source; inherited properties remain explicit as such.
HFUT_REF_DOC,P011,MANUSCRIPT_SPECIMEN_CONTENT,3," versus cholecystectomy in cirrhotic portal hypertension patients with symptomatic cholelithiasis[J]. Chirurgia, 2017, 112(2): 143-","versus cholecystectomy in cirrhotic portal hypertension patients with symptomatic cholelithiasis[J]. Chirurgia, 2017, 112(2): 143-",,,,,7.5,FALSE,FALSE,AUTO_OR_INHERITED,,FALSE,FALSE,,TRUE, ,,BLACK_SPECIMEN_RUN,BLACK_OR_INHERITED,REFERENCE_SPECIMEN_OR_INSTRUCTION,YES,LibreOffice-derived OOXML inspection of hash-verified legacy source; inherited properties remain explicit as such.
HFUT_REF_DOC,P011,MANUSCRIPT_SPECIMEN_CONTENT,4,1,1,,,,,7.5,FALSE,FALSE,AUTO_OR_INHERITED,,FALSE,FALSE,,FALSE,,,BLACK_SPECIMEN_RUN,BLACK_OR_INHERITED,REFERENCE_SPECIMEN_OR_INSTRUCTION,YES,LibreOffice-derived OOXML inspection of hash-verified legacy source; inherited properties remain explicit as such.
HFUT_REF_DOC,P011,MANUSCRIPT_SPECIMEN_CONTENT,5,51.,51.,,,,,7.5,FALSE,FALSE,AUTO_OR_INHERITED,,FALSE,FALSE,,FALSE,,,BLACK_SPECIMEN_RUN,BLACK_OR_INHERITED,REFERENCE_SPECIMEN_OR_INSTRUCTION,YES,LibreOffice-derived OOXML inspection of hash-verified legacy source; inherited properties remain explicit as such.
HFUT_REF_DOC,P012,MANUSCRIPT_FORMAT_INSTRUCTION,1,二,二,,,,宋体;SimSun,INHERITED_OR_UNSET,TRUE,FALSE,FF0000,,FALSE,FALSE,,FALSE,,,RED_INSTRUCTION_RUN,RED,RED_INSTRUCTIONAL_ANNOTATION,NO,LibreOffice-derived OOXML inspection of hash-verified legacy source; inherited properties remain explicit as such.
HFUT_REF_DOC,P012,MANUSCRIPT_FORMAT_INSTRUCTION,2, ,,,,Times New Roman,Times New Roman,INHERITED_OR_UNSET,TRUE,FALSE,FF0000,,FALSE,FALSE,,TRUE, , ,RED_INSTRUCTION_RUN,RED,RED_INSTRUCTIONAL_ANNOTATION,NO,LibreOffice-derived OOXML inspection of hash-verified legacy source; inherited properties remain explicit as such.
HFUT_REF_DOC,P012,MANUSCRIPT_FORMAT_INSTRUCTION,3,专著：,专著：,,,,宋体;SimSun,INHERITED_OR_UNSET,TRUE,FALSE,FF0000,,FALSE,FALSE,,FALSE,,,RED_INSTRUCTION_RUN,RED,RED_INSTRUCTIONAL_ANNOTATION,NO,LibreOffice-derived OOXML inspection of hash-verified legacy source; inherited properties remain explicit as such.
HFUT_REF_DOC,P012,MANUSCRIPT_FORMAT_INSTRUCTION,4,[,[,,,,宋体;SimSun,INHERITED_OR_UNSET,TRUE,FALSE,FF0000,,FALSE,FALSE,,FALSE,,,RED_INSTRUCTION_RUN,RED,RED_INSTRUCTIONAL_ANNOTATION,NO,LibreOffice-derived OOXML inspection of hash-verified legacy source; inherited properties remain explicit as such.
HFUT_REF_DOC,P012,MANUSCRIPT_FORMAT_INSTRUCTION,5,序号,序号,,,,宋体;SimSun,INHERITED_OR_UNSET,TRUE,FALSE,FF0000,,FALSE,FALSE,,FALSE,,,RED_INSTRUCTION_RUN,RED,RED_INSTRUCTIONAL_ANNOTATION,NO,LibreOffice-derived OOXML inspection of hash-verified legacy source; inherited properties remain explicit as such.
HFUT_REF_DOC,P012,MANUSCRIPT_FORMAT_INSTRUCTION,6,],],,,,宋体;SimSun,INHERITED_OR_UNSET,TRUE,FALSE,FF0000,,FALSE,FALSE,,FALSE,,,RED_INSTRUCTION_RUN,RED,RED_INSTRUCTIONAL_ANNOTATION,NO,LibreOffice-derived OOXML inspection of hash-verified legacy source; inherited properties remain explicit as such.
HFUT_REF_DOC,P012,MANUSCRIPT_FORMAT_INSTRUCTION,7,作者（,作者（,,,,宋体;SimSun,INHERITED_OR_UNSET,TRUE,FALSE,FF0000,,FALSE,FALSE,,FALSE,,,RED_INSTRUCTION_RUN,RED,RED_INSTRUCTIONAL_ANNOTATION,NO,LibreOffice-derived OOXML inspection of hash-verified legacy source; inherited properties remain explicit as such.
HFUT_REF_DOC,P012,MANUSCRIPT_FORMAT_INSTRUCTION,8,格式要求同期刊,格式要求同期刊,,,,宋体;SimSun,INHERITED_OR_UNSET,TRUE,FALSE,FF0000,,FALSE,FALSE,,FALSE,,,RED_INSTRUCTION_RUN,RED,RED_INSTRUCTIONAL_ANNOTATION,NO,LibreOffice-derived OOXML inspection of hash-verified legacy source; inherited properties remain explicit as such.
HFUT_REF_DOC,P012,MANUSCRIPT_FORMAT_INSTRUCTION,9,）,）,,,,宋体;SimSun,INHERITED_OR_UNSET,TRUE,FALSE,FF0000,,FALSE,FALSE,,FALSE,,,RED_INSTRUCTION_RUN,RED,RED_INSTRUCTIONAL_ANNOTATION,NO,LibreOffice-derived OOXML inspection of hash-verified legacy source; inherited properties remain explicit as such.
HFUT_REF_DOC,P012,MANUSCRIPT_FORMAT_INSTRUCTION,10,.,.,,,,宋体;SimSun,INHERITED_OR_UNSET,TRUE,FALSE,FF0000,,FALSE,FALSE,,FALSE,,,RED_INSTRUCTION_RUN,RED,RED_INSTRUCTIONAL_ANNOTATION,NO,LibreOffice-derived OOXML inspection of hash-verified legacy source; inherited properties remain explicit as such.
HFUT_REF_DOC,P012,MANUSCRIPT_FORMAT_INSTRUCTION,11,书名,书名,,,,宋体;SimSun,INHERITED_OR_UNSET,TRUE,FALSE,FF0000,,FALSE,FALSE,,FALSE,,,RED_INSTRUCTION_RUN,RED,RED_INSTRUCTIONAL_ANNOTATION,NO,LibreOffice-derived OOXML inspection of hash-verified legacy source; inherited properties remain explicit as such.
HFUT_REF_DOC,P012,MANUSCRIPT_FORMAT_INSTRUCTION,12,[M].,[M].,,,,宋体;SimSun,INHERITED_OR_UNSET,TRUE,FALSE,FF0000,,FALSE,FALSE,,FALSE,,,RED_INSTRUCTION_RUN,RED,RED_INSTRUCTIONAL_ANNOTATION,NO,LibreOffice-derived OOXML inspection of hash-verified legacy source; inherited properties remain explicit as such.
HFUT_REF_DOC,P012,MANUSCRIPT_FORMAT_INSTRUCTION,13,版本（第一版不写）,版本（第一版不写）,,,,宋体;SimSun,INHERITED_OR_UNSET,TRUE,FALSE,FF0000,,FALSE,FALSE,,FALSE,,,RED_INSTRUCTION_RUN,RED,RED_INSTRUCTIONAL_ANNOTATION,NO,LibreOffice-derived OOXML inspection of hash-verified legacy source; inherited properties remain explicit as such.
HFUT_REF_DOC,P012,MANUSCRIPT_FORMAT_INSTRUCTION,14,.,.,,,,宋体;SimSun,INHERITED_OR_UNSET,TRUE,FALSE,FF0000,,FALSE,FALSE,,FALSE,,,RED_INSTRUCTION_RUN,RED,RED_INSTRUCTIONAL_ANNOTATION,NO,LibreOffice-derived OOXML inspection of hash-verified legacy source; inherited properties remain explicit as such.
HFUT_REF_DOC,P012,MANUSCRIPT_FORMAT_INSTRUCTION,15,出版地：出版者,出版地：出版者,,,,宋体;SimSun,INHERITED_OR_UNSET,TRUE,FALSE,FF0000,,FALSE,FALSE,,FALSE,,,RED_INSTRUCTION_RUN,RED,RED_INSTRUCTIONAL_ANNOTATION,NO,LibreOffice-derived OOXML inspection of hash-verified legacy source; inherited properties remain explicit as such.
HFUT_REF_DOC,P012,MANUSCRIPT_FORMAT_INSTRUCTION,16,",",",",,,,宋体;SimSun,INHERITED_OR_UNSET,TRUE,FALSE,FF0000,,FALSE,FALSE,,FALSE,,,RED_INSTRUCTION_RUN,RED,RED_INSTRUCTIONAL_ANNOTATION,NO,LibreOffice-derived OOXML inspection of hash-verified legacy source; inherited properties remain explicit as such.
HFUT_REF_DOC,P012,MANUSCRIPT_FORMAT_INSTRUCTION,17,出版年,出版年,,,,宋体;SimSun,INHERITED_OR_UNSET,TRUE,FALSE,FF0000,,FALSE,FALSE,,FALSE,,,RED_INSTRUCTION_RUN,RED,RED_INSTRUCTIONAL_ANNOTATION,NO,LibreOffice-derived OOXML inspection of hash-verified legacy source; inherited properties remain explicit as such.
HFUT_REF_DOC,P012,MANUSCRIPT_FORMAT_INSTRUCTION,18,:,:,,,,宋体;SimSun,INHERITED_OR_UNSET,TRUE,FALSE,FF0000,,FALSE,FALSE,,FALSE,,,RED_INSTRUCTION_RUN,RED,RED_INSTRUCTIONAL_ANNOTATION,NO,LibreOffice-derived OOXML inspection of hash-verified legacy source; inherited properties remain explicit as such.
HFUT_REF_DOC,P012,MANUSCRIPT_FORMAT_INSTRUCTION,19,析出文献页码,析出文献页码,,,,宋体;SimSun,INHERITED_OR_UNSET,TRUE,FALSE,FF0000,,FALSE,FALSE,,FALSE,,,RED_INSTRUCTION_RUN,RED,RED_INSTRUCTIONAL_ANNOTATION,NO,LibreOffice-derived OOXML inspection of hash-verified legacy source; inherited properties remain explicit as such.
HFUT_REF_DOC,P012,MANUSCRIPT_FORMAT_INSTRUCTION,20,(,(,,,,宋体;SimSun,INHERITED_OR_UNSET,TRUE,FALSE,0000FF,,FALSE,FALSE,,FALSE,,,BLACK_SPECIMEN_RUN,BLACK_OR_INHERITED,REFERENCE_SPECIMEN_OR_INSTRUCTION,YES,LibreOffice-derived OOXML inspection of hash-verified legacy source; inherited properties remain explicit as such.
HFUT_REF_DOC,P012,MANUSCRIPT_FORMAT_INSTRUCTION,21,可以不标注,可以不标注,,,,宋体;SimSun,INHERITED_OR_UNSET,TRUE,FALSE,0000FF,,FALSE,FALSE,,FALSE,,,BLACK_SPECIMEN_RUN,BLACK_OR_INHERITED,REFERENCE_SPECIMEN_OR_INSTRUCTION,YES,LibreOffice-derived OOXML inspection of hash-verified legacy source; inherited properties remain explicit as such.
HFUT_REF_DOC,P012,MANUSCRIPT_FORMAT_INSTRUCTION,22,),),,,,宋体;SimSun,INHERITED_OR_UNSET,TRUE,FALSE,0000FF,,FALSE,FALSE,,FALSE,,,BLACK_SPECIMEN_RUN,BLACK_OR_INHERITED,REFERENCE_SPECIMEN_OR_INSTRUCTION,YES,LibreOffice-derived OOXML inspection of hash-verified legacy source; inherited properties remain explicit as such.
HFUT_REF_DOC,P012,MANUSCRIPT_FORMAT_INSTRUCTION,23,.,.,,,,宋体;SimSun,INHERITED_OR_UNSET,TRUE,FALSE,FF0000,,FALSE,FALSE,,FALSE,,,RED_INSTRUCTION_RUN,RED,RED_INSTRUCTIONAL_ANNOTATION,NO,LibreOffice-derived OOXML inspection of hash-verified legacy source; inherited properties remain explicit as such.
HFUT_REF_DOC,P013,MANUSCRIPT_SPECIMEN_CONTENT,1,[7]  ,[7],,,,,7.5,FALSE,FALSE,AUTO_OR_INHERITED,,FALSE,FALSE,,TRUE,,  ,BLACK_SPECIMEN_RUN,BLACK_OR_INHERITED,REFERENCE_SPECIMEN_OR_INSTRUCTION,YES,LibreOffice-derived OOXML inspection of hash-verified legacy source; inherited properties remain explicit as such.
HFUT_REF_DOC,P013,MANUSCRIPT_SPECIMEN_CONTENT,2,吴业正,吴业正,,,,宋体;SimSun,7.5,FALSE,FALSE,AUTO_OR_INHERITED,,FALSE,FALSE,,FALSE,,,BLACK_SPECIMEN_RUN,BLACK_OR_INHERITED,REFERENCE_SPECIMEN_OR_INSTRUCTION,YES,LibreOffice-derived OOXML inspection of hash-verified legacy source; inherited properties remain explicit as such.
HFUT_REF_DOC,P013,MANUSCRIPT_SPECIMEN_CONTENT,3,",",",",,,,,7.5,FALSE,FALSE,AUTO_OR_INHERITED,,FALSE,FALSE,,FALSE,,,BLACK_SPECIMEN_RUN,BLACK_OR_INHERITED,REFERENCE_SPECIMEN_OR_INSTRUCTION,YES,LibreOffice-derived OOXML inspection of hash-verified legacy source; inherited properties remain explicit as such.
HFUT_REF_DOC,P013,MANUSCRIPT_SPECIMEN_CONTENT,4,李红旗,李红旗,,,,宋体;SimSun,7.5,FALSE,FALSE,AUTO_OR_INHERITED,,FALSE,FALSE,,FALSE,,,BLACK_SPECIMEN_RUN,BLACK_OR_INHERITED,REFERENCE_SPECIMEN_OR_INSTRUCTION,YES,LibreOffice-derived OOXML inspection of hash-verified legacy source; inherited properties remain explicit as such.
HFUT_REF_DOC,P013,MANUSCRIPT_SPECIMEN_CONTENT,5,",",",",,,,,7.5,FALSE,FALSE,AUTO_OR_INHERITED,,FALSE,FALSE,,FALSE,,,BLACK_SPECIMEN_RUN,BLACK_OR_INHERITED,REFERENCE_SPECIMEN_OR_INSTRUCTION,YES,LibreOffice-derived OOXML inspection of hash-verified legacy source; inherited properties remain explicit as such.
HFUT_REF_DOC,P013,MANUSCRIPT_SPECIMEN_CONTENT,6,张华,张华,,,,宋体;SimSun,7.5,FALSE,FALSE,AUTO_OR_INHERITED,,FALSE,FALSE,,FALSE,,,BLACK_SPECIMEN_RUN,BLACK_OR_INHERITED,REFERENCE_SPECIMEN_OR_INSTRUCTION,YES,LibreOffice-derived OOXML inspection of hash-verified legacy source; inherited properties remain explicit as such.
HFUT_REF_DOC,P013,MANUSCRIPT_SPECIMEN_CONTENT,7,.,.,,,,,7.5,FALSE,FALSE,AUTO_OR_INHERITED,,FALSE,FALSE,,FALSE,,,BLACK_SPECIMEN_RUN,BLACK_OR_INHERITED,REFERENCE_SPECIMEN_OR_INSTRUCTION,YES,LibreOffice-derived OOXML inspection of hash-verified legacy source; inherited properties remain explicit as such.
HFUT_REF_DOC,P013,MANUSCRIPT_SPECIMEN_CONTENT,8,制冷压缩机,制冷压缩机,,,,宋体;SimSun,7.5,FALSE,FALSE,AUTO_OR_INHERITED,,FALSE,FALSE,,FALSE,,,BLACK_SPECIMEN_RUN,BLACK_OR_INHERITED,REFERENCE_SPECIMEN_OR_INSTRUCTION,YES,LibreOffice-derived OOXML inspection of hash-verified legacy source; inherited properties remain explicit as such.
HFUT_REF_DOC,P013,MANUSCRIPT_SPECIMEN_CONTENT,9,[M].3,[M].3,,,,,7.5,FALSE,FALSE,AUTO_OR_INHERITED,,FALSE,FALSE,,FALSE,,,BLACK_SPECIMEN_RUN,BLACK_OR_INHERITED,REFERENCE_SPECIMEN_OR_INSTRUCTION,YES,LibreOffice-derived OOXML inspection of hash-verified legacy source; inherited properties remain explicit as such.
HFUT_REF_DOC,P013,MANUSCRIPT_SPECIMEN_CONTENT,10,版,版,,,,宋体;SimSun,7.5,FALSE,FALSE,AUTO_OR_INHERITED,,FALSE,FALSE,,FALSE,,,BLACK_SPECIMEN_RUN,BLACK_OR_INHERITED,REFERENCE_SPECIMEN_OR_INSTRUCTION,YES,LibreOffice-derived OOXML inspection of hash-verified legacy source; inherited properties remain explicit as such.
HFUT_REF_DOC,P013,MANUSCRIPT_SPECIMEN_CONTENT,11,.,.,,,,,7.5,FALSE,FALSE,AUTO_OR_INHERITED,,FALSE,FALSE,,FALSE,,,BLACK_SPECIMEN_RUN,BLACK_OR_INHERITED,REFERENCE_SPECIMEN_OR_INSTRUCTION,YES,LibreOffice-derived OOXML inspection of hash-verified legacy source; inherited properties remain explicit as such.
HFUT_REF_DOC,P013,MANUSCRIPT_SPECIMEN_CONTENT,12,北京,北京,,,,宋体;SimSun,7.5,FALSE,FALSE,AUTO_OR_INHERITED,,FALSE,FALSE,,FALSE,,,BLACK_SPECIMEN_RUN,BLACK_OR_INHERITED,REFERENCE_SPECIMEN_OR_INSTRUCTION,YES,LibreOffice-derived OOXML inspection of hash-verified legacy source; inherited properties remain explicit as such.
HFUT_REF_DOC,P013,MANUSCRIPT_SPECIMEN_CONTENT,13,:,:,,,,,7.5,FALSE,FALSE,AUTO_OR_INHERITED,,FALSE,FALSE,,FALSE,,,BLACK_SPECIMEN_RUN,BLACK_OR_INHERITED,REFERENCE_SPECIMEN_OR_INSTRUCTION,YES,LibreOffice-derived OOXML inspection of hash-verified legacy source; inherited properties remain explicit as such.
HFUT_REF_DOC,P013,MANUSCRIPT_SPECIMEN_CONTENT,14,机械工业出版社,机械工业出版社,,,,宋体;SimSun,7.5,FALSE,FALSE,AUTO_OR_INHERITED,,FALSE,FALSE,,FALSE,,,BLACK_SPECIMEN_RUN,BLACK_OR_INHERITED,REFERENCE_SPECIMEN_OR_INSTRUCTION,YES,LibreOffice-derived OOXML inspection of hash-verified legacy source; inherited properties remain explicit as such.
HFUT_REF_DOC,P013,MANUSCRIPT_SPECIMEN_CONTENT,15,",2019:38-39.",",2019:38-39.",,,,,7.5,FALSE,FALSE,AUTO_OR_INHERITED,,FALSE,FALSE,,FALSE,,,BLACK_SPECIMEN_RUN,BLACK_OR_INHERITED,REFERENCE_SPECIMEN_OR_INSTRUCTION,YES,LibreOffice-derived OOXML inspection of hash-verified legacy source; inherited properties remain explicit as such.
HFUT_REF_DOC,P014,MANUSCRIPT_SPECIMEN_CONTENT,1,[8]  ,[8],,,,,7.5,FALSE,FALSE,AUTO_OR_INHERITED,,FALSE,FALSE,,TRUE,,  ,BLACK_SPECIMEN_RUN,BLACK_OR_INHERITED,REFERENCE_SPECIMEN_OR_INSTRUCTION,YES,LibreOffice-derived OOXML inspection of hash-verified legacy source; inherited properties remain explicit as such.
HFUT_REF_DOC,P014,MANUSCRIPT_SPECIMEN_CONTENT,2,"Kelly Rainer R, Turban E, Potter R E, et al.","Kelly Rainer R, Turban E, Potter R E, et al.",,,,,7.5,FALSE,FALSE,333333,,FALSE,FALSE,,FALSE,,,BLACK_SPECIMEN_RUN,BLACK_OR_INHERITED,REFERENCE_SPECIMEN_OR_INSTRUCTION,YES,LibreOffice-derived OOXML inspection of hash-verified legacy source; inherited properties remain explicit as such.
HFUT_REF_DOC,P014,MANUSCRIPT_SPECIMEN_CONTENT,3, ,,,,,,7.5,FALSE,FALSE,000000,,FALSE,FALSE,,TRUE, , ,BLACK_SPECIMEN_RUN,BLACK_OR_INHERITED,REFERENCE_SPECIMEN_OR_INSTRUCTION,YES,LibreOffice-derived OOXML inspection of hash-verified legacy source; inherited properties remain explicit as such.
HFUT_REF_DOC,P014,MANUSCRIPT_SPECIMEN_CONTENT,4,"Introduction to information systems[M].3rd ed.[S.l.]: John Wiley & Sons,Inc.,","Introduction to information systems[M].3rd ed.[S.l.]: John Wiley & Sons,Inc.,",,,,,7.5,FALSE,FALSE,AUTO_OR_INHERITED,,FALSE,FALSE,,FALSE,,,BLACK_SPECIMEN_RUN,BLACK_OR_INHERITED,REFERENCE_SPECIMEN_OR_INSTRUCTION,YES,LibreOffice-derived OOXML inspection of hash-verified legacy source; inherited properties remain explicit as such.
HFUT_REF_DOC,P015,MANUSCRIPT_FORMAT_INSTRUCTION,1,2010.,2010.,,,,,7.5,FALSE,FALSE,AUTO_OR_INHERITED,,FALSE,FALSE,,FALSE,,,BLACK_SPECIMEN_RUN,BLACK_OR_INHERITED,REFERENCE_SPECIMEN_OR_INSTRUCTION,YES,LibreOffice-derived OOXML inspection of hash-verified legacy source; inherited properties remain explicit as such.
HFUT_REF_DOC,P016,MANUSCRIPT_SPECIMEN_CONTENT,1,[9]  Baliga B T.,[9] Baliga B T.,,,,,7.5,FALSE,FALSE,AUTO_OR_INHERITED,,FALSE,FALSE,,FALSE,,,BLACK_SPECIMEN_RUN,BLACK_OR_INHERITED,REFERENCE_SPECIMEN_OR_INSTRUCTION,YES,LibreOffice-derived OOXML inspection of hash-verified legacy source; inherited properties remain explicit as such.
HFUT_REF_DOC,P016,MANUSCRIPT_SPECIMEN_CONTENT,2,功率半导体器件基础,功率半导体器件基础,,,,宋体;SimSun,7.5,FALSE,FALSE,AUTO_OR_INHERITED,,FALSE,FALSE,,FALSE,,,BLACK_SPECIMEN_RUN,BLACK_OR_INHERITED,REFERENCE_SPECIMEN_OR_INSTRUCTION,YES,LibreOffice-derived OOXML inspection of hash-verified legacy source; inherited properties remain explicit as such.
HFUT_REF_DOC,P016,MANUSCRIPT_SPECIMEN_CONTENT,3,[M].,[M].,,,,,7.5,FALSE,FALSE,AUTO_OR_INHERITED,,FALSE,FALSE,,FALSE,,,BLACK_SPECIMEN_RUN,BLACK_OR_INHERITED,REFERENCE_SPECIMEN_OR_INSTRUCTION,YES,LibreOffice-derived OOXML inspection of hash-verified legacy source; inherited properties remain explicit as such.
HFUT_REF_DOC,P016,MANUSCRIPT_SPECIMEN_CONTENT,4,韩郑生,韩郑生,,,,宋体;SimSun,7.5,FALSE,FALSE,AUTO_OR_INHERITED,,FALSE,FALSE,,FALSE,,,BLACK_SPECIMEN_RUN,BLACK_OR_INHERITED,REFERENCE_SPECIMEN_OR_INSTRUCTION,YES,LibreOffice-derived OOXML inspection of hash-verified legacy source; inherited properties remain explicit as such.
HFUT_REF_DOC,P016,MANUSCRIPT_SPECIMEN_CONTENT,5,",",",",,,,,7.5,FALSE,FALSE,AUTO_OR_INHERITED,,FALSE,FALSE,,FALSE,,,BLACK_SPECIMEN_RUN,BLACK_OR_INHERITED,REFERENCE_SPECIMEN_OR_INSTRUCTION,YES,LibreOffice-derived OOXML inspection of hash-verified legacy source; inherited properties remain explicit as such.
HFUT_REF_DOC,P016,MANUSCRIPT_SPECIMEN_CONTENT,6,陆江,陆江,,,,宋体;SimSun,7.5,FALSE,FALSE,AUTO_OR_INHERITED,,FALSE,FALSE,,FALSE,,,BLACK_SPECIMEN_RUN,BLACK_OR_INHERITED,REFERENCE_SPECIMEN_OR_INSTRUCTION,YES,LibreOffice-derived OOXML inspection of hash-verified legacy source; inherited properties remain explicit as such.
HFUT_REF_DOC,P016,MANUSCRIPT_SPECIMEN_CONTENT,7,",",",",,,,,7.5,FALSE,FALSE,AUTO_OR_INHERITED,,FALSE,FALSE,,FALSE,,,BLACK_SPECIMEN_RUN,BLACK_OR_INHERITED,REFERENCE_SPECIMEN_OR_INSTRUCTION,YES,LibreOffice-derived OOXML inspection of hash-verified legacy source; inherited properties remain explicit as such.
HFUT_REF_DOC,P016,MANUSCRIPT_SPECIMEN_CONTENT,8,宋李梅,宋李梅,,,,宋体;SimSun,7.5,FALSE,FALSE,AUTO_OR_INHERITED,,FALSE,FALSE,,FALSE,,,BLACK_SPECIMEN_RUN,BLACK_OR_INHERITED,REFERENCE_SPECIMEN_OR_INSTRUCTION,YES,LibreOffice-derived OOXML inspection of hash-verified legacy source; inherited properties remain explicit as such.
HFUT_REF_DOC,P016,MANUSCRIPT_SPECIMEN_CONTENT,9,",",",",,,,,7.5,FALSE,FALSE,AUTO_OR_INHERITED,,FALSE,FALSE,,FALSE,,,BLACK_SPECIMEN_RUN,BLACK_OR_INHERITED,REFERENCE_SPECIMEN_OR_INSTRUCTION,YES,LibreOffice-derived OOXML inspection of hash-verified legacy source; inherited properties remain explicit as such.
HFUT_REF_DOC,P016,MANUSCRIPT_SPECIMEN_CONTENT,10,等,等,,,,宋体;SimSun,7.5,FALSE,FALSE,AUTO_OR_INHERITED,,FALSE,FALSE,,FALSE,,,BLACK_SPECIMEN_RUN,BLACK_OR_INHERITED,REFERENCE_SPECIMEN_OR_INSTRUCTION,YES,LibreOffice-derived OOXML inspection of hash-verified legacy source; inherited properties remain explicit as such.
HFUT_REF_DOC,P016,MANUSCRIPT_SPECIMEN_CONTENT,11,",",",",,,,,7.5,FALSE,FALSE,AUTO_OR_INHERITED,,FALSE,FALSE,,FALSE,,,BLACK_SPECIMEN_RUN,BLACK_OR_INHERITED,REFERENCE_SPECIMEN_OR_INSTRUCTION,YES,LibreOffice-derived OOXML inspection of hash-verified legacy source; inherited properties remain explicit as such.
HFUT_REF_DOC,P016,MANUSCRIPT_SPECIMEN_CONTENT,12,译,译,,,,宋体;SimSun,7.5,FALSE,FALSE,AUTO_OR_INHERITED,,FALSE,FALSE,,FALSE,,,BLACK_SPECIMEN_RUN,BLACK_OR_INHERITED,REFERENCE_SPECIMEN_OR_INSTRUCTION,YES,LibreOffice-derived OOXML inspection of hash-verified legacy source; inherited properties remain explicit as such.
HFUT_REF_DOC,P016,MANUSCRIPT_SPECIMEN_CONTENT,13,.,.,,,,,7.5,FALSE,FALSE,AUTO_OR_INHERITED,,FALSE,FALSE,,FALSE,,,BLACK_SPECIMEN_RUN,BLACK_OR_INHERITED,REFERENCE_SPECIMEN_OR_INSTRUCTION,YES,LibreOffice-derived OOXML inspection of hash-verified legacy source; inherited properties remain explicit as such.
HFUT_REF_DOC,P016,MANUSCRIPT_SPECIMEN_CONTENT,14,北京,北京,,,,宋体;SimSun,7.5,FALSE,FALSE,AUTO_OR_INHERITED,,FALSE,FALSE,,FALSE,,,BLACK_SPECIMEN_RUN,BLACK_OR_INHERITED,REFERENCE_SPECIMEN_OR_INSTRUCTION,YES,LibreOffice-derived OOXML inspection of hash-verified legacy source; inherited properties remain explicit as such.
HFUT_REF_DOC,P016,MANUSCRIPT_SPECIMEN_CONTENT,15,:,:,,,,,7.5,FALSE,FALSE,AUTO_OR_INHERITED,,FALSE,FALSE,,FALSE,,,BLACK_SPECIMEN_RUN,BLACK_OR_INHERITED,REFERENCE_SPECIMEN_OR_INSTRUCTION,YES,LibreOffice-derived OOXML inspection of hash-verified legacy source; inherited properties remain explicit as such.
HFUT_REF_DOC,P016,MANUSCRIPT_SPECIMEN_CONTENT,16,电子工业出版社,电子工业出版社,,,,宋体;SimSun,7.5,FALSE,FALSE,AUTO_OR_INHERITED,,FALSE,FALSE,,FALSE,,,BLACK_SPECIMEN_RUN,BLACK_OR_INHERITED,REFERENCE_SPECIMEN_OR_INSTRUCTION,YES,LibreOffice-derived OOXML inspection of hash-verified legacy source; inherited properties remain explicit as such.
HFUT_REF_DOC,P016,MANUSCRIPT_SPECIMEN_CONTENT,17,",2013.",",2013.",,,,,7.5,FALSE,FALSE,AUTO_OR_INHERITED,,FALSE,FALSE,,FALSE,,,BLACK_SPECIMEN_RUN,BLACK_OR_INHERITED,REFERENCE_SPECIMEN_OR_INSTRUCTION,YES,LibreOffice-derived OOXML inspection of hash-verified legacy source; inherited properties remain explicit as such.
HFUT_REF_DOC,P017,MANUSCRIPT_SPECIMEN_CONTENT,1,[,[,,,,,7.5,FALSE,FALSE,AUTO_OR_INHERITED,,FALSE,FALSE,,FALSE,,,BLACK_SPECIMEN_RUN,BLACK_OR_INHERITED,REFERENCE_SPECIMEN_OR_INSTRUCTION,YES,LibreOffice-derived OOXML inspection of hash-verified legacy source; inherited properties remain explicit as such.
HFUT_REF_DOC,P017,MANUSCRIPT_SPECIMEN_CONTENT,2,10] K,10] K,,,,,7.5,FALSE,FALSE,AUTO_OR_INHERITED,,FALSE,FALSE,,FALSE,,,BLACK_SPECIMEN_RUN,BLACK_OR_INHERITED,REFERENCE_SPECIMEN_OR_INSTRUCTION,YES,LibreOffice-derived OOXML inspection of hash-verified legacy source; inherited properties remain explicit as such.
HFUT_REF_DOC,P017,MANUSCRIPT_SPECIMEN_CONTENT,3,inchy,inchy,,,,,7.5,FALSE,FALSE,AUTO_OR_INHERITED,,FALSE,FALSE,,FALSE,,,BLACK_SPECIMEN_RUN,BLACK_OR_INHERITED,REFERENCE_SPECIMEN_OR_INSTRUCTION,YES,LibreOffice-derived OOXML inspection of hash-verified legacy source; inherited properties remain explicit as such.
HFUT_REF_DOC,P017,MANUSCRIPT_SPECIMEN_CONTENT,4, A. S,A. S,,,,,7.5,FALSE,FALSE,AUTO_OR_INHERITED,,FALSE,FALSE,,TRUE, ,,BLACK_SPECIMEN_RUN,BLACK_OR_INHERITED,REFERENCE_SPECIMEN_OR_INSTRUCTION,YES,LibreOffice-derived OOXML inspection of hash-verified legacy source; inherited properties remain explicit as such.
HFUT_REF_DOC,P017,MANUSCRIPT_SPECIMEN_CONTENT,5,eed,eed,,,,,7.5,FALSE,FALSE,AUTO_OR_INHERITED,,FALSE,FALSE,,FALSE,,,BLACK_SPECIMEN_RUN,BLACK_OR_INHERITED,REFERENCE_SPECIMEN_OR_INSTRUCTION,YES,LibreOffice-derived OOXML inspection of hash-verified legacy source; inherited properties remain explicit as such.
HFUT_REF_DOC,P017,MANUSCRIPT_SPECIMEN_CONTENT,6,"s, science, and struggle: the global politics of transgenic crops[M]. Cambridge, Mass.: MIT Press, 2012:50.","s, science, and struggle: the global politics of transgenic crops[M]. Cambridge, Mass.: MIT Press, 2012:50.",,,,,7.5,FALSE,FALSE,AUTO_OR_INHERITED,,FALSE,FALSE,,FALSE,,,BLACK_SPECIMEN_RUN,BLACK_OR_INHERITED,REFERENCE_SPECIMEN_OR_INSTRUCTION,YES,LibreOffice-derived OOXML inspection of hash-verified legacy source; inherited properties remain explicit as such.
HFUT_REF_DOC,P018,MANUSCRIPT_FORMAT_INSTRUCTION,1,三,三,,,,宋体;SimSun,INHERITED_OR_UNSET,TRUE,FALSE,FF0000,,FALSE,FALSE,,FALSE,,,RED_INSTRUCTION_RUN,RED,RED_INSTRUCTIONAL_ANNOTATION,NO,LibreOffice-derived OOXML inspection of hash-verified legacy source; inherited properties remain explicit as such.
HFUT_REF_DOC,P018,MANUSCRIPT_FORMAT_INSTRUCTION,2, ,,,,Times New Roman,Times New Roman,INHERITED_OR_UNSET,TRUE,FALSE,FF0000,,FALSE,FALSE,,TRUE, , ,RED_INSTRUCTION_RUN,RED,RED_INSTRUCTIONAL_ANNOTATION,NO,LibreOffice-derived OOXML inspection of hash-verified legacy source; inherited properties remain explicit as such.
HFUT_REF_DOC,P018,MANUSCRIPT_FORMAT_INSTRUCTION,3,会议论文集：,会议论文集：,,,,宋体;SimSun,INHERITED_OR_UNSET,TRUE,FALSE,FF0000,,FALSE,FALSE,,FALSE,,,RED_INSTRUCTION_RUN,RED,RED_INSTRUCTIONAL_ANNOTATION,NO,LibreOffice-derived OOXML inspection of hash-verified legacy source; inherited properties remain explicit as such.
HFUT_REF_DOC,P018,MANUSCRIPT_FORMAT_INSTRUCTION,4,[,[,,,,,INHERITED_OR_UNSET,TRUE,FALSE,FF0000,,FALSE,FALSE,,FALSE,,,RED_INSTRUCTION_RUN,RED,RED_INSTRUCTIONAL_ANNOTATION,NO,LibreOffice-derived OOXML inspection of hash-verified legacy source; inherited properties remain explicit as such.
HFUT_REF_DOC,P018,MANUSCRIPT_FORMAT_INSTRUCTION,5,序号,序号,,,,宋体;SimSun,INHERITED_OR_UNSET,TRUE,FALSE,FF0000,,FALSE,FALSE,,FALSE,,,RED_INSTRUCTION_RUN,RED,RED_INSTRUCTIONAL_ANNOTATION,NO,LibreOffice-derived OOXML inspection of hash-verified legacy source; inherited properties remain explicit as such.
HFUT_REF_DOC,P018,MANUSCRIPT_FORMAT_INSTRUCTION,6,],],,,,,INHERITED_OR_UNSET,TRUE,FALSE,FF0000,,FALSE,FALSE,,FALSE,,,RED_INSTRUCTION_RUN,RED,RED_INSTRUCTIONAL_ANNOTATION,NO,LibreOffice-derived OOXML inspection of hash-verified legacy source; inherited properties remain explicit as such.
HFUT_REF_DOC,P018,MANUSCRIPT_FORMAT_INSTRUCTION,7,作者（,作者（,,,,宋体;SimSun,INHERITED_OR_UNSET,TRUE,FALSE,FF0000,,FALSE,FALSE,,FALSE,,,RED_INSTRUCTION_RUN,RED,RED_INSTRUCTIONAL_ANNOTATION,NO,LibreOffice-derived OOXML inspection of hash-verified legacy source; inherited properties remain explicit as such.
HFUT_REF_DOC,P018,MANUSCRIPT_FORMAT_INSTRUCTION,8,格式要求同期刊,格式要求同期刊,,,,宋体;SimSun,INHERITED_OR_UNSET,TRUE,FALSE,FF0000,,FALSE,FALSE,,FALSE,,,RED_INSTRUCTION_RUN,RED,RED_INSTRUCTIONAL_ANNOTATION,NO,LibreOffice-derived OOXML inspection of hash-verified legacy source; inherited properties remain explicit as such.
HFUT_REF_DOC,P018,MANUSCRIPT_FORMAT_INSTRUCTION,9,）,）,,,,宋体;SimSun,INHERITED_OR_UNSET,TRUE,FALSE,FF0000,,FALSE,FALSE,,FALSE,,,RED_INSTRUCTION_RUN,RED,RED_INSTRUCTIONAL_ANNOTATION,NO,LibreOffice-derived OOXML inspection of hash-verified legacy source; inherited properties remain explicit as such.
HFUT_REF_DOC,P018,MANUSCRIPT_FORMAT_INSTRUCTION,10,.,.,,,,,INHERITED_OR_UNSET,TRUE,FALSE,FF0000,,FALSE,FALSE,,FALSE,,,RED_INSTRUCTION_RUN,RED,RED_INSTRUCTIONAL_ANNOTATION,NO,LibreOffice-derived OOXML inspection of hash-verified legacy source; inherited properties remain explicit as such.
HFUT_REF_DOC,P018,MANUSCRIPT_FORMAT_INSTRUCTION,11,题名,题名,,,,宋体;SimSun,INHERITED_OR_UNSET,TRUE,FALSE,FF0000,,FALSE,FALSE,,FALSE,,,RED_INSTRUCTION_RUN,RED,RED_INSTRUCTIONAL_ANNOTATION,NO,LibreOffice-derived OOXML inspection of hash-verified legacy source; inherited properties remain explicit as such.
HFUT_REF_DOC,P018,MANUSCRIPT_FORMAT_INSTRUCTION,12,[C]//,[C]//,,,,,INHERITED_OR_UNSET,TRUE,FALSE,FF0000,,FALSE,FALSE,,FALSE,,,RED_INSTRUCTION_RUN,RED,RED_INSTRUCTIONAL_ANNOTATION,NO,LibreOffice-derived OOXML inspection of hash-verified legacy source; inherited properties remain explicit as such.
HFUT_REF_DOC,P018,MANUSCRIPT_FORMAT_INSTRUCTION,13,编者,编者,,,,宋体;SimSun,INHERITED_OR_UNSET,TRUE,FALSE,FF0000,,FALSE,FALSE,,FALSE,,,RED_INSTRUCTION_RUN,RED,RED_INSTRUCTIONAL_ANNOTATION,NO,LibreOffice-derived OOXML inspection of hash-verified legacy source; inherited properties remain explicit as such.
HFUT_REF_DOC,P018,MANUSCRIPT_FORMAT_INSTRUCTION,14,.,.,,,,,INHERITED_OR_UNSET,TRUE,FALSE,FF0000,,FALSE,FALSE,,FALSE,,,RED_INSTRUCTION_RUN,RED,RED_INSTRUCTIONAL_ANNOTATION,NO,LibreOffice-derived OOXML inspection of hash-verified legacy source; inherited properties remain explicit as such.
HFUT_REF_DOC,P018,MANUSCRIPT_FORMAT_INSTRUCTION,15,论文集名,论文集名,,,,宋体;SimSun,INHERITED_OR_UNSET,TRUE,FALSE,FF0000,,FALSE,FALSE,,FALSE,,,RED_INSTRUCTION_RUN,RED,RED_INSTRUCTIONAL_ANNOTATION,NO,LibreOffice-derived OOXML inspection of hash-verified legacy source; inherited properties remain explicit as such.
HFUT_REF_DOC,P018,MANUSCRIPT_FORMAT_INSTRUCTION,16,（会议名称）,（会议名称）,,,,宋体;SimSun,INHERITED_OR_UNSET,TRUE,FALSE,FF0000,,FALSE,FALSE,,FALSE,,,RED_INSTRUCTION_RUN,RED,RED_INSTRUCTIONAL_ANNOTATION,NO,LibreOffice-derived OOXML inspection of hash-verified legacy source; inherited properties remain explicit as such.
HFUT_REF_DOC,P018,MANUSCRIPT_FORMAT_INSTRUCTION,17,.,.,,,,,INHERITED_OR_UNSET,TRUE,FALSE,FF0000,,FALSE,FALSE,,FALSE,,,RED_INSTRUCTION_RUN,RED,RED_INSTRUCTIONAL_ANNOTATION,NO,LibreOffice-derived OOXML inspection of hash-verified legacy source; inherited properties remain explicit as such.
HFUT_REF_DOC,P018,MANUSCRIPT_FORMAT_INSTRUCTION,18,出版地,出版地,,,,宋体;SimSun,INHERITED_OR_UNSET,TRUE,FALSE,FF0000,,FALSE,FALSE,,FALSE,,,RED_INSTRUCTION_RUN,RED,RED_INSTRUCTIONAL_ANNOTATION,NO,LibreOffice-derived OOXML inspection of hash-verified legacy source; inherited properties remain explicit as such.
HFUT_REF_DOC,P018,MANUSCRIPT_FORMAT_INSTRUCTION,19,:,:,,,,,INHERITED_OR_UNSET,TRUE,FALSE,FF0000,,FALSE,FALSE,,FALSE,,,RED_INSTRUCTION_RUN,RED,RED_INSTRUCTIONAL_ANNOTATION,NO,LibreOffice-derived OOXML inspection of hash-verified legacy source; inherited properties remain explicit as such.
HFUT_REF_DOC,P018,MANUSCRIPT_FORMAT_INSTRUCTION,20,出版者,出版者,,,,宋体;SimSun,INHERITED_OR_UNSET,TRUE,FALSE,FF0000,,FALSE,FALSE,,FALSE,,,RED_INSTRUCTION_RUN,RED,RED_INSTRUCTIONAL_ANNOTATION,NO,LibreOffice-derived OOXML inspection of hash-verified legacy source; inherited properties remain explicit as such.
HFUT_REF_DOC,P018,MANUSCRIPT_FORMAT_INSTRUCTION,21,",",",",,,,,INHERITED_OR_UNSET,TRUE,FALSE,FF0000,,FALSE,FALSE,,FALSE,,,RED_INSTRUCTION_RUN,RED,RED_INSTRUCTIONAL_ANNOTATION,NO,LibreOffice-derived OOXML inspection of hash-verified legacy source; inherited properties remain explicit as such.
HFUT_REF_DOC,P018,MANUSCRIPT_FORMAT_INSTRUCTION,22,出版年,出版年,,,,宋体;SimSun,INHERITED_OR_UNSET,TRUE,FALSE,FF0000,,FALSE,FALSE,,FALSE,,,RED_INSTRUCTION_RUN,RED,RED_INSTRUCTIONAL_ANNOTATION,NO,LibreOffice-derived OOXML inspection of hash-verified legacy source; inherited properties remain explicit as such.
HFUT_REF_DOC,P018,MANUSCRIPT_FORMAT_INSTRUCTION,23,:,:,,,,,INHERITED_OR_UNSET,TRUE,FALSE,FF0000,,FALSE,FALSE,,FALSE,,,RED_INSTRUCTION_RUN,RED,RED_INSTRUCTIONAL_ANNOTATION,NO,LibreOffice-derived OOXML inspection of hash-verified legacy source; inherited properties remain explicit as such.
HFUT_REF_DOC,P018,MANUSCRIPT_FORMAT_INSTRUCTION,24,起止页码,起止页码,,,,宋体;SimSun,INHERITED_OR_UNSET,TRUE,FALSE,FF0000,,FALSE,FALSE,,FALSE,,,RED_INSTRUCTION_RUN,RED,RED_INSTRUCTIONAL_ANNOTATION,NO,LibreOffice-derived OOXML inspection of hash-verified legacy source; inherited properties remain explicit as such.
HFUT_REF_DOC,P018,MANUSCRIPT_FORMAT_INSTRUCTION,25,.,.,,,,,INHERITED_OR_UNSET,TRUE,FALSE,FF0000,,FALSE,FALSE,,FALSE,,,RED_INSTRUCTION_RUN,RED,RED_INSTRUCTIONAL_ANNOTATION,NO,LibreOffice-derived OOXML inspection of hash-verified legacy source; inherited properties remain explicit as such.
HFUT_REF_DOC,P019,MANUSCRIPT_SPECIMEN_CONTENT,1,"[11] Rajyalakshmi P, Sathappan S, Jyothi Rani M, et al. A novel image processing system to recognize and classify images using integrated advanced CNN and FPGA for IoT based applications [C]// 2022 4th International Conference on Inventive Research in Computing Applications","[11] Rajyalakshmi P, Sathappan S, Jyothi Rani M, et al. A novel image processing system to recognize and classify images using integrated advanced CNN and FPGA for IoT based applications [C]// 2022 4th International Conference on Inventive Research in Computing Applications",,,,,7.5,FALSE,FALSE,AUTO_OR_INHERITED,,FALSE,FALSE,,FALSE,,,BLACK_SPECIMEN_RUN,BLACK_OR_INHERITED,REFERENCE_SPECIMEN_OR_INSTRUCTION,YES,LibreOffice-derived OOXML inspection of hash-verified legacy source; inherited properties remain explicit as such.
HFUT_REF_DOC,P019,MANUSCRIPT_SPECIMEN_CONTENT,2,. ,.,,,,,7.5,FALSE,FALSE,AUTO_OR_INHERITED,,FALSE,FALSE,,TRUE,, ,BLACK_SPECIMEN_RUN,BLACK_OR_INHERITED,REFERENCE_SPECIMEN_OR_INSTRUCTION,YES,LibreOffice-derived OOXML inspection of hash-verified legacy source; inherited properties remain explicit as such.
HFUT_REF_DOC,P019,MANUSCRIPT_SPECIMEN_CONTENT,3,"Coimbatore: IEEE,2022:365-368.","Coimbatore: IEEE,2022:365-368.",,,,,7.5,FALSE,FALSE,AUTO_OR_INHERITED,,FALSE,FALSE,,FALSE,,,BLACK_SPECIMEN_RUN,BLACK_OR_INHERITED,REFERENCE_SPECIMEN_OR_INSTRUCTION,YES,LibreOffice-derived OOXML inspection of hash-verified legacy source; inherited properties remain explicit as such.
HFUT_REF_DOC,P020,MANUSCRIPT_SPECIMEN_CONTENT,1,[,[,,,,,7.5,FALSE,FALSE,AUTO_OR_INHERITED,,FALSE,FALSE,,FALSE,,,BLACK_SPECIMEN_RUN,BLACK_OR_INHERITED,REFERENCE_SPECIMEN_OR_INSTRUCTION,YES,LibreOffice-derived OOXML inspection of hash-verified legacy source; inherited properties remain explicit as such.
HFUT_REF_DOC,P020,MANUSCRIPT_SPECIMEN_CONTENT,2,"12] Fourney M E. Advances in holographic photoelasticity [C]// GottenbergW G. Symposium on Applications of Holography in Mechanics, August23-25, 1971, University of Southern California, Los Angeles, California. New York: ASME, 1971: 17-38.","12] Fourney M E. Advances in holographic photoelasticity [C]// GottenbergW G. Symposium on Applications of Holography in Mechanics, August23-25, 1971, University of Southern California, Los Angeles, California. New York: ASME, 1971: 17-38.",,,,,7.5,FALSE,FALSE,AUTO_OR_INHERITED,,FALSE,FALSE,,FALSE,,,BLACK_SPECIMEN_RUN,BLACK_OR_INHERITED,REFERENCE_SPECIMEN_OR_INSTRUCTION,YES,LibreOffice-derived OOXML inspection of hash-verified legacy source; inherited properties remain explicit as such.
HFUT_REF_DOC,P021,MANUSCRIPT_SPECIMEN_CONTENT,1,[,[,,,,,7.5,FALSE,FALSE,AUTO_OR_INHERITED,,FALSE,FALSE,,FALSE,,,BLACK_SPECIMEN_RUN,BLACK_OR_INHERITED,REFERENCE_SPECIMEN_OR_INSTRUCTION,YES,LibreOffice-derived OOXML inspection of hash-verified legacy source; inherited properties remain explicit as such.
HFUT_REF_DOC,P021,MANUSCRIPT_SPECIMEN_CONTENT,2,13,13,,,,,7.5,FALSE,FALSE,AUTO_OR_INHERITED,,FALSE,FALSE,,FALSE,,,BLACK_SPECIMEN_RUN,BLACK_OR_INHERITED,REFERENCE_SPECIMEN_OR_INSTRUCTION,YES,LibreOffice-derived OOXML inspection of hash-verified legacy source; inherited properties remain explicit as such.
HFUT_REF_DOC,P021,MANUSCRIPT_SPECIMEN_CONTENT,3,] ,],,,,,7.5,FALSE,FALSE,AUTO_OR_INHERITED,,FALSE,FALSE,,TRUE,, ,BLACK_SPECIMEN_RUN,BLACK_OR_INHERITED,REFERENCE_SPECIMEN_OR_INSTRUCTION,YES,LibreOffice-derived OOXML inspection of hash-verified legacy source; inherited properties remain explicit as such.
HFUT_REF_DOC,P021,MANUSCRIPT_SPECIMEN_CONTENT,4,乔晓罡,乔晓罡,,,,,7.5,FALSE,FALSE,AUTO_OR_INHERITED,,FALSE,FALSE,,FALSE,,,BLACK_SPECIMEN_RUN,BLACK_OR_INHERITED,REFERENCE_SPECIMEN_OR_INSTRUCTION,YES,LibreOffice-derived OOXML inspection of hash-verified legacy source; inherited properties remain explicit as such.
HFUT_REF_DOC,P021,MANUSCRIPT_SPECIMEN_CONTENT,5,",",",",,,,,7.5,FALSE,FALSE,AUTO_OR_INHERITED,,FALSE,FALSE,,FALSE,,,BLACK_SPECIMEN_RUN,BLACK_OR_INHERITED,REFERENCE_SPECIMEN_OR_INSTRUCTION,YES,LibreOffice-derived OOXML inspection of hash-verified legacy source; inherited properties remain explicit as such.
HFUT_REF_DOC,P021,MANUSCRIPT_SPECIMEN_CONTENT,6,李文静,李文静,,,,,7.5,FALSE,FALSE,AUTO_OR_INHERITED,,FALSE,FALSE,,FALSE,,,BLACK_SPECIMEN_RUN,BLACK_OR_INHERITED,REFERENCE_SPECIMEN_OR_INSTRUCTION,YES,LibreOffice-derived OOXML inspection of hash-verified legacy source; inherited properties remain explicit as such.
HFUT_REF_DOC,P021,MANUSCRIPT_SPECIMEN_CONTENT,7,.,.,,,,,7.5,FALSE,FALSE,AUTO_OR_INHERITED,,FALSE,FALSE,,FALSE,,,BLACK_SPECIMEN_RUN,BLACK_OR_INHERITED,REFERENCE_SPECIMEN_OR_INSTRUCTION,YES,LibreOffice-derived OOXML inspection of hash-verified legacy source; inherited properties remain explicit as such.
HFUT_REF_DOC,P021,MANUSCRIPT_SPECIMEN_CONTENT,8,从一些国家雨水利用情况谈我国的雨水利用,从一些国家雨水利用情况谈我国的雨水利用,,,,,7.5,FALSE,FALSE,AUTO_OR_INHERITED,,FALSE,FALSE,,FALSE,,,BLACK_SPECIMEN_RUN,BLACK_OR_INHERITED,REFERENCE_SPECIMEN_OR_INSTRUCTION,YES,LibreOffice-derived OOXML inspection of hash-verified legacy source; inherited properties remain explicit as such.
HFUT_REF_DOC,P021,MANUSCRIPT_SPECIMEN_CONTENT,9,[C]// ,[C]//,,,,,7.5,FALSE,FALSE,AUTO_OR_INHERITED,,FALSE,FALSE,,TRUE,, ,BLACK_SPECIMEN_RUN,BLACK_OR_INHERITED,REFERENCE_SPECIMEN_OR_INSTRUCTION,YES,LibreOffice-derived OOXML inspection of hash-verified legacy source; inherited properties remain explicit as such.
HFUT_REF_DOC,P021,MANUSCRIPT_SPECIMEN_CONTENT,10,“,“,宋体;SimSun,宋体;SimSun,,宋体;SimSun,7.5,FALSE,FALSE,AUTO_OR_INHERITED,,FALSE,FALSE,,FALSE,,,BLACK_SPECIMEN_RUN,BLACK_OR_INHERITED,REFERENCE_SPECIMEN_OR_INSTRUCTION,YES,LibreOffice-derived OOXML inspection of hash-verified legacy source; inherited properties remain explicit as such.
HFUT_REF_DOC,P021,MANUSCRIPT_SPECIMEN_CONTENT,11,建设资源节约型、环境友好型社会”高层论坛论文集,建设资源节约型、环境友好型社会”高层论坛论文集,,,,,7.5,FALSE,FALSE,AUTO_OR_INHERITED,,FALSE,FALSE,,FALSE,,,BLACK_SPECIMEN_RUN,BLACK_OR_INHERITED,REFERENCE_SPECIMEN_OR_INSTRUCTION,YES,LibreOffice-derived OOXML inspection of hash-verified legacy source; inherited properties remain explicit as such.
HFUT_REF_DOC,P021,MANUSCRIPT_SPECIMEN_CONTENT,12,.,.,,,,,7.5,FALSE,FALSE,AUTO_OR_INHERITED,,FALSE,FALSE,,FALSE,,,BLACK_SPECIMEN_RUN,BLACK_OR_INHERITED,REFERENCE_SPECIMEN_OR_INSTRUCTION,YES,LibreOffice-derived OOXML inspection of hash-verified legacy source; inherited properties remain explicit as such.
HFUT_REF_DOC,P021,MANUSCRIPT_SPECIMEN_CONTENT,13,陕西,陕西,,,,,7.5,FALSE,FALSE,AUTO_OR_INHERITED,,FALSE,FALSE,,FALSE,,,BLACK_SPECIMEN_RUN,BLACK_OR_INHERITED,REFERENCE_SPECIMEN_OR_INSTRUCTION,YES,LibreOffice-derived OOXML inspection of hash-verified legacy source; inherited properties remain explicit as such.
HFUT_REF_DOC,P021,MANUSCRIPT_SPECIMEN_CONTENT,14,:,:,,,,,7.5,FALSE,FALSE,AUTO_OR_INHERITED,,FALSE,FALSE,,FALSE,,,BLACK_SPECIMEN_RUN,BLACK_OR_INHERITED,REFERENCE_SPECIMEN_OR_INSTRUCTION,YES,LibreOffice-derived OOXML inspection of hash-verified legacy source; inherited properties remain explicit as such.
HFUT_REF_DOC,P021,MANUSCRIPT_SPECIMEN_CONTENT,15,西安地图出版社,西安地图出版社,,,,,7.5,FALSE,FALSE,AUTO_OR_INHERITED,,FALSE,FALSE,,FALSE,,,BLACK_SPECIMEN_RUN,BLACK_OR_INHERITED,REFERENCE_SPECIMEN_OR_INSTRUCTION,YES,LibreOffice-derived OOXML inspection of hash-verified legacy source; inherited properties remain explicit as such.
HFUT_REF_DOC,P021,MANUSCRIPT_SPECIMEN_CONTENT,16,",2007:239-242.",",2007:239-242.",,,,,7.5,FALSE,FALSE,AUTO_OR_INHERITED,,FALSE,FALSE,,FALSE,,,BLACK_SPECIMEN_RUN,BLACK_OR_INHERITED,REFERENCE_SPECIMEN_OR_INSTRUCTION,YES,LibreOffice-derived OOXML inspection of hash-verified legacy source; inherited properties remain explicit as such.
HFUT_REF_DOC,P022,MANUSCRIPT_SPECIMEN_CONTENT,1,[,[,,,,,7.5,FALSE,FALSE,AUTO_OR_INHERITED,,FALSE,FALSE,,FALSE,,,BLACK_SPECIMEN_RUN,BLACK_OR_INHERITED,REFERENCE_SPECIMEN_OR_INSTRUCTION,YES,LibreOffice-derived OOXML inspection of hash-verified legacy source; inherited properties remain explicit as such.
HFUT_REF_DOC,P022,MANUSCRIPT_SPECIMEN_CONTENT,2,14] ,14],,,,,7.5,FALSE,FALSE,AUTO_OR_INHERITED,,FALSE,FALSE,,TRUE,, ,BLACK_SPECIMEN_RUN,BLACK_OR_INHERITED,REFERENCE_SPECIMEN_OR_INSTRUCTION,YES,LibreOffice-derived OOXML inspection of hash-verified legacy source; inherited properties remain explicit as such.
HFUT_REF_DOC,P022,MANUSCRIPT_SPECIMEN_CONTENT,3,肖希明,肖希明,,,,,7.5,FALSE,FALSE,AUTO_OR_INHERITED,,FALSE,FALSE,,FALSE,,,BLACK_SPECIMEN_RUN,BLACK_OR_INHERITED,REFERENCE_SPECIMEN_OR_INSTRUCTION,YES,LibreOffice-derived OOXML inspection of hash-verified legacy source; inherited properties remain explicit as such.
HFUT_REF_DOC,P022,MANUSCRIPT_SPECIMEN_CONTENT,4,",",",",,,,,7.5,FALSE,FALSE,AUTO_OR_INHERITED,,FALSE,FALSE,,FALSE,,,BLACK_SPECIMEN_RUN,BLACK_OR_INHERITED,REFERENCE_SPECIMEN_OR_INSTRUCTION,YES,LibreOffice-derived OOXML inspection of hash-verified legacy source; inherited properties remain explicit as such.
HFUT_REF_DOC,P022,MANUSCRIPT_SPECIMEN_CONTENT,5,石庆功,石庆功,,,,,7.5,FALSE,FALSE,AUTO_OR_INHERITED,,FALSE,FALSE,,FALSE,,,BLACK_SPECIMEN_RUN,BLACK_OR_INHERITED,REFERENCE_SPECIMEN_OR_INSTRUCTION,YES,LibreOffice-derived OOXML inspection of hash-verified legacy source; inherited properties remain explicit as such.
HFUT_REF_DOC,P022,MANUSCRIPT_SPECIMEN_CONTENT,6,",",",",,,,,7.5,FALSE,FALSE,AUTO_OR_INHERITED,,FALSE,FALSE,,FALSE,,,BLACK_SPECIMEN_RUN,BLACK_OR_INHERITED,REFERENCE_SPECIMEN_OR_INSTRUCTION,YES,LibreOffice-derived OOXML inspection of hash-verified legacy source; inherited properties remain explicit as such.
HFUT_REF_DOC,P022,MANUSCRIPT_SPECIMEN_CONTENT,7,刘奕,刘奕,,,,,7.5,FALSE,FALSE,AUTO_OR_INHERITED,,FALSE,FALSE,,FALSE,,,BLACK_SPECIMEN_RUN,BLACK_OR_INHERITED,REFERENCE_SPECIMEN_OR_INSTRUCTION,YES,LibreOffice-derived OOXML inspection of hash-verified legacy source; inherited properties remain explicit as such.
HFUT_REF_DOC,P022,MANUSCRIPT_SPECIMEN_CONTENT,8,.,.,,,,,7.5,FALSE,FALSE,AUTO_OR_INHERITED,,FALSE,FALSE,,FALSE,,,BLACK_SPECIMEN_RUN,BLACK_OR_INHERITED,REFERENCE_SPECIMEN_OR_INSTRUCTION,YES,LibreOffice-derived OOXML inspection of hash-verified legacy source; inherited properties remain explicit as such.
HFUT_REF_DOC,P022,MANUSCRIPT_SPECIMEN_CONTENT,9,民国图书馆学教育的社会贡献,民国图书馆学教育的社会贡献,,,,,7.5,FALSE,FALSE,AUTO_OR_INHERITED,,FALSE,FALSE,,FALSE,,,BLACK_SPECIMEN_RUN,BLACK_OR_INHERITED,REFERENCE_SPECIMEN_OR_INSTRUCTION,YES,LibreOffice-derived OOXML inspection of hash-verified legacy source; inherited properties remain explicit as such.
HFUT_REF_DOC,P022,MANUSCRIPT_SPECIMEN_CONTENT,10,[C]//,[C]//,,,,,7.5,FALSE,FALSE,AUTO_OR_INHERITED,,FALSE,FALSE,,FALSE,,,BLACK_SPECIMEN_RUN,BLACK_OR_INHERITED,REFERENCE_SPECIMEN_OR_INSTRUCTION,YES,LibreOffice-derived OOXML inspection of hash-verified legacy source; inherited properties remain explicit as such.
HFUT_REF_DOC,P022,MANUSCRIPT_SPECIMEN_CONTENT,11,纪念北京大学图书馆学教育,纪念北京大学图书馆学教育,,,,,7.5,FALSE,FALSE,AUTO_OR_INHERITED,,FALSE,FALSE,,FALSE,,,BLACK_SPECIMEN_RUN,BLACK_OR_INHERITED,REFERENCE_SPECIMEN_OR_INSTRUCTION,YES,LibreOffice-derived OOXML inspection of hash-verified legacy source; inherited properties remain explicit as such.
HFUT_REF_DOC,P022,MANUSCRIPT_SPECIMEN_CONTENT,12,100,100,,,,,7.5,FALSE,FALSE,AUTO_OR_INHERITED,,FALSE,FALSE,,FALSE,,,BLACK_SPECIMEN_RUN,BLACK_OR_INHERITED,REFERENCE_SPECIMEN_OR_INSTRUCTION,YES,LibreOffice-derived OOXML inspection of hash-verified legacy source; inherited properties remain explicit as such.
HFUT_REF_DOC,P022,MANUSCRIPT_SPECIMEN_CONTENT,13,周年研讨会论文集,周年研讨会论文集,,,,,7.5,FALSE,FALSE,AUTO_OR_INHERITED,,FALSE,FALSE,,FALSE,,,BLACK_SPECIMEN_RUN,BLACK_OR_INHERITED,REFERENCE_SPECIMEN_OR_INSTRUCTION,YES,LibreOffice-derived OOXML inspection of hash-verified legacy source; inherited properties remain explicit as such.
HFUT_REF_DOC,P022,MANUSCRIPT_SPECIMEN_CONTENT,14,.,.,,,,,7.5,FALSE,FALSE,AUTO_OR_INHERITED,,FALSE,FALSE,,FALSE,,,BLACK_SPECIMEN_RUN,BLACK_OR_INHERITED,REFERENCE_SPECIMEN_OR_INSTRUCTION,YES,LibreOffice-derived OOXML inspection of hash-verified legacy source; inherited properties remain explicit as such.
HFUT_REF_DOC,P022,MANUSCRIPT_SPECIMEN_CONTENT,15,北京,北京,,,,,7.5,FALSE,FALSE,AUTO_OR_INHERITED,,FALSE,FALSE,,FALSE,,,BLACK_SPECIMEN_RUN,BLACK_OR_INHERITED,REFERENCE_SPECIMEN_OR_INSTRUCTION,YES,LibreOffice-derived OOXML inspection of hash-verified legacy source; inherited properties remain explicit as such.
HFUT_REF_DOC,P022,MANUSCRIPT_SPECIMEN_CONTENT,16,:,:,,,,,7.5,FALSE,FALSE,AUTO_OR_INHERITED,,FALSE,FALSE,,FALSE,,,BLACK_SPECIMEN_RUN,BLACK_OR_INHERITED,REFERENCE_SPECIMEN_OR_INSTRUCTION,YES,LibreOffice-derived OOXML inspection of hash-verified legacy source; inherited properties remain explicit as such.
HFUT_REF_DOC,P022,MANUSCRIPT_SPECIMEN_CONTENT,17,北京大学信息管理系,北京大学信息管理系,,,,,7.5,FALSE,FALSE,AUTO_OR_INHERITED,,FALSE,FALSE,,FALSE,,,BLACK_SPECIMEN_RUN,BLACK_OR_INHERITED,REFERENCE_SPECIMEN_OR_INSTRUCTION,YES,LibreOffice-derived OOXML inspection of hash-verified legacy source; inherited properties remain explicit as such.
HFUT_REF_DOC,P022,MANUSCRIPT_SPECIMEN_CONTENT,18,",",",",,,,,7.5,FALSE,FALSE,AUTO_OR_INHERITED,,FALSE,FALSE,,FALSE,,,BLACK_SPECIMEN_RUN,BLACK_OR_INHERITED,REFERENCE_SPECIMEN_OR_INSTRUCTION,YES,LibreOffice-derived OOXML inspection of hash-verified legacy source; inherited properties remain explicit as such.
HFUT_REF_DOC,P022,MANUSCRIPT_SPECIMEN_CONTENT,19,2024:134-147,2024:134-147,,,,,7.5,FALSE,FALSE,AUTO_OR_INHERITED,,FALSE,FALSE,,FALSE,,,BLACK_SPECIMEN_RUN,BLACK_OR_INHERITED,REFERENCE_SPECIMEN_OR_INSTRUCTION,YES,LibreOffice-derived OOXML inspection of hash-verified legacy source; inherited properties remain explicit as such.
HFUT_REF_DOC,P022,MANUSCRIPT_SPECIMEN_CONTENT,20,.,.,,,,,7.5,FALSE,FALSE,AUTO_OR_INHERITED,,FALSE,FALSE,,FALSE,,,BLACK_SPECIMEN_RUN,BLACK_OR_INHERITED,REFERENCE_SPECIMEN_OR_INSTRUCTION,YES,LibreOffice-derived OOXML inspection of hash-verified legacy source; inherited properties remain explicit as such.
HFUT_REF_DOC,P023,MANUSCRIPT_FORMAT_INSTRUCTION,1,四,四,,,,宋体;SimSun,INHERITED_OR_UNSET,TRUE,FALSE,FF0000,,FALSE,FALSE,,FALSE,,,RED_INSTRUCTION_RUN,RED,RED_INSTRUCTIONAL_ANNOTATION,NO,LibreOffice-derived OOXML inspection of hash-verified legacy source; inherited properties remain explicit as such.
HFUT_REF_DOC,P023,MANUSCRIPT_FORMAT_INSTRUCTION,2, ,,,,Times New Roman,Times New Roman,INHERITED_OR_UNSET,TRUE,FALSE,FF0000,,FALSE,FALSE,,TRUE, , ,RED_INSTRUCTION_RUN,RED,RED_INSTRUCTIONAL_ANNOTATION,NO,LibreOffice-derived OOXML inspection of hash-verified legacy source; inherited properties remain explicit as such.
HFUT_REF_DOC,P023,MANUSCRIPT_FORMAT_INSTRUCTION,3,学位论文：,学位论文：,,,,宋体;SimSun,INHERITED_OR_UNSET,TRUE,FALSE,FF0000,,FALSE,FALSE,,FALSE,,,RED_INSTRUCTION_RUN,RED,RED_INSTRUCTIONAL_ANNOTATION,NO,LibreOffice-derived OOXML inspection of hash-verified legacy source; inherited properties remain explicit as such.
HFUT_REF_DOC,P023,MANUSCRIPT_FORMAT_INSTRUCTION,4,[,[,,,,宋体;SimSun,INHERITED_OR_UNSET,TRUE,FALSE,FF0000,,FALSE,FALSE,,FALSE,,,RED_INSTRUCTION_RUN,RED,RED_INSTRUCTIONAL_ANNOTATION,NO,LibreOffice-derived OOXML inspection of hash-verified legacy source; inherited properties remain explicit as such.
HFUT_REF_DOC,P023,MANUSCRIPT_FORMAT_INSTRUCTION,5,序号,序号,,,,宋体;SimSun,INHERITED_OR_UNSET,TRUE,FALSE,FF0000,,FALSE,FALSE,,FALSE,,,RED_INSTRUCTION_RUN,RED,RED_INSTRUCTIONAL_ANNOTATION,NO,LibreOffice-derived OOXML inspection of hash-verified legacy source; inherited properties remain explicit as such.
HFUT_REF_DOC,P023,MANUSCRIPT_FORMAT_INSTRUCTION,6,],],,,,宋体;SimSun,INHERITED_OR_UNSET,TRUE,FALSE,FF0000,,FALSE,FALSE,,FALSE,,,RED_INSTRUCTION_RUN,RED,RED_INSTRUCTIONAL_ANNOTATION,NO,LibreOffice-derived OOXML inspection of hash-verified legacy source; inherited properties remain explicit as such.
HFUT_REF_DOC,P023,MANUSCRIPT_FORMAT_INSTRUCTION,7, ,,,,,宋体;SimSun,INHERITED_OR_UNSET,TRUE,FALSE,FF0000,,FALSE,FALSE,,TRUE, , ,RED_INSTRUCTION_RUN,RED,RED_INSTRUCTIONAL_ANNOTATION,NO,LibreOffice-derived OOXML inspection of hash-verified legacy source; inherited properties remain explicit as such.
HFUT_REF_DOC,P023,MANUSCRIPT_FORMAT_INSTRUCTION,8,作者（,作者（,,,,宋体;SimSun,INHERITED_OR_UNSET,TRUE,FALSE,FF0000,,FALSE,FALSE,,FALSE,,,RED_INSTRUCTION_RUN,RED,RED_INSTRUCTIONAL_ANNOTATION,NO,LibreOffice-derived OOXML inspection of hash-verified legacy source; inherited properties remain explicit as such.
HFUT_REF_DOC,P023,MANUSCRIPT_FORMAT_INSTRUCTION,9,格式要求同期刊,格式要求同期刊,,,,宋体;SimSun,INHERITED_OR_UNSET,TRUE,FALSE,FF0000,,FALSE,FALSE,,FALSE,,,RED_INSTRUCTION_RUN,RED,RED_INSTRUCTIONAL_ANNOTATION,NO,LibreOffice-derived OOXML inspection of hash-verified legacy source; inherited properties remain explicit as such.
HFUT_REF_DOC,P023,MANUSCRIPT_FORMAT_INSTRUCTION,10,）,）,,,,宋体;SimSun,INHERITED_OR_UNSET,TRUE,FALSE,FF0000,,FALSE,FALSE,,FALSE,,,RED_INSTRUCTION_RUN,RED,RED_INSTRUCTIONAL_ANNOTATION,NO,LibreOffice-derived OOXML inspection of hash-verified legacy source; inherited properties remain explicit as such.
HFUT_REF_DOC,P023,MANUSCRIPT_FORMAT_INSTRUCTION,11,.,.,,,,宋体;SimSun,INHERITED_OR_UNSET,TRUE,FALSE,FF0000,,FALSE,FALSE,,FALSE,,,RED_INSTRUCTION_RUN,RED,RED_INSTRUCTIONAL_ANNOTATION,NO,LibreOffice-derived OOXML inspection of hash-verified legacy source; inherited properties remain explicit as such.
HFUT_REF_DOC,P023,MANUSCRIPT_FORMAT_INSTRUCTION,12,题名,题名,,,,宋体;SimSun,INHERITED_OR_UNSET,TRUE,FALSE,FF0000,,FALSE,FALSE,,FALSE,,,RED_INSTRUCTION_RUN,RED,RED_INSTRUCTIONAL_ANNOTATION,NO,LibreOffice-derived OOXML inspection of hash-verified legacy source; inherited properties remain explicit as such.
HFUT_REF_DOC,P023,MANUSCRIPT_FORMAT_INSTRUCTION,13,[D].,[D].,,,,宋体;SimSun,INHERITED_OR_UNSET,TRUE,FALSE,FF0000,,FALSE,FALSE,,FALSE,,,RED_INSTRUCTION_RUN,RED,RED_INSTRUCTIONAL_ANNOTATION,NO,LibreOffice-derived OOXML inspection of hash-verified legacy source; inherited properties remain explicit as such.
HFUT_REF_DOC,P023,MANUSCRIPT_FORMAT_INSTRUCTION,14,保存地点,保存地点,,,,宋体;SimSun,INHERITED_OR_UNSET,TRUE,FALSE,FF0000,,FALSE,FALSE,,FALSE,,,RED_INSTRUCTION_RUN,RED,RED_INSTRUCTIONAL_ANNOTATION,NO,LibreOffice-derived OOXML inspection of hash-verified legacy source; inherited properties remain explicit as such.
HFUT_REF_DOC,P023,MANUSCRIPT_FORMAT_INSTRUCTION,15,:,:,,,,宋体;SimSun,INHERITED_OR_UNSET,TRUE,FALSE,FF0000,,FALSE,FALSE,,FALSE,,,RED_INSTRUCTION_RUN,RED,RED_INSTRUCTIONAL_ANNOTATION,NO,LibreOffice-derived OOXML inspection of hash-verified legacy source; inherited properties remain explicit as such.
HFUT_REF_DOC,P023,MANUSCRIPT_FORMAT_INSTRUCTION,16,保存单位，授予年份,保存单位，授予年份,,,,宋体;SimSun,INHERITED_OR_UNSET,TRUE,FALSE,FF0000,,FALSE,FALSE,,FALSE,,,RED_INSTRUCTION_RUN,RED,RED_INSTRUCTIONAL_ANNOTATION,NO,LibreOffice-derived OOXML inspection of hash-verified legacy source; inherited properties remain explicit as such.
HFUT_REF_DOC,P023,MANUSCRIPT_FORMAT_INSTRUCTION,17,：引文页码,：引文页码,,,,宋体;SimSun,INHERITED_OR_UNSET,TRUE,FALSE,FF0000,,FALSE,FALSE,,FALSE,,,RED_INSTRUCTION_RUN,RED,RED_INSTRUCTIONAL_ANNOTATION,NO,LibreOffice-derived OOXML inspection of hash-verified legacy source; inherited properties remain explicit as such.
HFUT_REF_DOC,P023,MANUSCRIPT_FORMAT_INSTRUCTION,18,.,.,,,,宋体;SimSun,INHERITED_OR_UNSET,TRUE,FALSE,FF0000,,FALSE,FALSE,,FALSE,,,RED_INSTRUCTION_RUN,RED,RED_INSTRUCTIONAL_ANNOTATION,NO,LibreOffice-derived OOXML inspection of hash-verified legacy source; inherited properties remain explicit as such.
HFUT_REF_DOC,P024,MANUSCRIPT_SPECIMEN_CONTENT,1,[15] ,[15],,,,,7.5,FALSE,FALSE,AUTO_OR_INHERITED,,FALSE,FALSE,,TRUE,, ,BLACK_SPECIMEN_RUN,BLACK_OR_INHERITED,REFERENCE_SPECIMEN_OR_INSTRUCTION,YES,LibreOffice-derived OOXML inspection of hash-verified legacy source; inherited properties remain explicit as such.
HFUT_REF_DOC,P024,MANUSCRIPT_SPECIMEN_CONTENT,2,王琦,王琦,,,,宋体;SimSun,7.5,FALSE,FALSE,AUTO_OR_INHERITED,,FALSE,FALSE,,FALSE,,,BLACK_SPECIMEN_RUN,BLACK_OR_INHERITED,REFERENCE_SPECIMEN_OR_INSTRUCTION,YES,LibreOffice-derived OOXML inspection of hash-verified legacy source; inherited properties remain explicit as such.
HFUT_REF_DOC,P024,MANUSCRIPT_SPECIMEN_CONTENT,3,.,.,,,,宋体;SimSun,7.5,FALSE,FALSE,AUTO_OR_INHERITED,,FALSE,FALSE,,FALSE,,,BLACK_SPECIMEN_RUN,BLACK_OR_INHERITED,REFERENCE_SPECIMEN_OR_INSTRUCTION,YES,LibreOffice-derived OOXML inspection of hash-verified legacy source; inherited properties remain explicit as such.
HFUT_REF_DOC,P024,MANUSCRIPT_SPECIMEN_CONTENT,4,融合星载,融合星载,,,,宋体;SimSun,7.5,FALSE,FALSE,AUTO_OR_INHERITED,,FALSE,FALSE,,FALSE,,,BLACK_SPECIMEN_RUN,BLACK_OR_INHERITED,REFERENCE_SPECIMEN_OR_INSTRUCTION,YES,LibreOffice-derived OOXML inspection of hash-verified legacy source; inherited properties remain explicit as such.
HFUT_REF_DOC,P024,MANUSCRIPT_SPECIMEN_CONTENT,5,GNSS-R,GNSS-R,,,,宋体;SimSun,7.5,FALSE,FALSE,AUTO_OR_INHERITED,,FALSE,FALSE,,FALSE,,,BLACK_SPECIMEN_RUN,BLACK_OR_INHERITED,REFERENCE_SPECIMEN_OR_INSTRUCTION,YES,LibreOffice-derived OOXML inspection of hash-verified legacy source; inherited properties remain explicit as such.
HFUT_REF_DOC,P024,MANUSCRIPT_SPECIMEN_CONTENT,6,和,和,,,,宋体;SimSun,7.5,FALSE,FALSE,AUTO_OR_INHERITED,,FALSE,FALSE,,FALSE,,,BLACK_SPECIMEN_RUN,BLACK_OR_INHERITED,REFERENCE_SPECIMEN_OR_INSTRUCTION,YES,LibreOffice-derived OOXML inspection of hash-verified legacy source; inherited properties remain explicit as such.
HFUT_REF_DOC,P024,MANUSCRIPT_SPECIMEN_CONTENT,7,SAR,SAR,,,,宋体;SimSun,7.5,FALSE,FALSE,AUTO_OR_INHERITED,,FALSE,FALSE,,FALSE,,,BLACK_SPECIMEN_RUN,BLACK_OR_INHERITED,REFERENCE_SPECIMEN_OR_INSTRUCTION,YES,LibreOffice-derived OOXML inspection of hash-verified legacy source; inherited properties remain explicit as such.
HFUT_REF_DOC,P024,MANUSCRIPT_SPECIMEN_CONTENT,8,数据的高时空分辨率土壤湿度反演方法研究,数据的高时空分辨率土壤湿度反演方法研究,,,,宋体;SimSun,7.5,FALSE,FALSE,AUTO_OR_INHERITED,,FALSE,FALSE,,FALSE,,,BLACK_SPECIMEN_RUN,BLACK_OR_INHERITED,REFERENCE_SPECIMEN_OR_INSTRUCTION,YES,LibreOffice-derived OOXML inspection of hash-verified legacy source; inherited properties remain explicit as such.
HFUT_REF_DOC,P024,MANUSCRIPT_SPECIMEN_CONTENT,9,[D].,[D].,,,,宋体;SimSun,7.5,FALSE,FALSE,AUTO_OR_INHERITED,,FALSE,FALSE,,FALSE,,,BLACK_SPECIMEN_RUN,BLACK_OR_INHERITED,REFERENCE_SPECIMEN_OR_INSTRUCTION,YES,LibreOffice-derived OOXML inspection of hash-verified legacy source; inherited properties remain explicit as such.
HFUT_REF_DOC,P024,MANUSCRIPT_SPECIMEN_CONTENT,10,武汉,武汉,,,,宋体;SimSun,7.5,FALSE,FALSE,AUTO_OR_INHERITED,,FALSE,FALSE,,FALSE,,,BLACK_SPECIMEN_RUN,BLACK_OR_INHERITED,REFERENCE_SPECIMEN_OR_INSTRUCTION,YES,LibreOffice-derived OOXML inspection of hash-verified legacy source; inherited properties remain explicit as such.
HFUT_REF_DOC,P024,MANUSCRIPT_SPECIMEN_CONTENT,11,:,:,,,,宋体;SimSun,7.5,FALSE,FALSE,AUTO_OR_INHERITED,,FALSE,FALSE,,FALSE,,,BLACK_SPECIMEN_RUN,BLACK_OR_INHERITED,REFERENCE_SPECIMEN_OR_INSTRUCTION,YES,LibreOffice-derived OOXML inspection of hash-verified legacy source; inherited properties remain explicit as such.
HFUT_REF_DOC,P024,MANUSCRIPT_SPECIMEN_CONTENT,12,武汉大学,武汉大学,,,,宋体;SimSun,7.5,FALSE,FALSE,AUTO_OR_INHERITED,,FALSE,FALSE,,FALSE,,,BLACK_SPECIMEN_RUN,BLACK_OR_INHERITED,REFERENCE_SPECIMEN_OR_INSTRUCTION,YES,LibreOffice-derived OOXML inspection of hash-verified legacy source; inherited properties remain explicit as such.
HFUT_REF_DOC,P024,MANUSCRIPT_SPECIMEN_CONTENT,13,",2022:87.",",2022:87.",,,,宋体;SimSun,7.5,FALSE,FALSE,AUTO_OR_INHERITED,,FALSE,FALSE,,FALSE,,,BLACK_SPECIMEN_RUN,BLACK_OR_INHERITED,REFERENCE_SPECIMEN_OR_INSTRUCTION,YES,LibreOffice-derived OOXML inspection of hash-verified legacy source; inherited properties remain explicit as such.
HFUT_REF_DOC,P025,MANUSCRIPT_SPECIMEN_CONTENT,1,"[16] Christou A. Improving knowledge graph understanding with contextual views [D]. Ohio: Wrigbt State University, 2024: 18.","[16] Christou A. Improving knowledge graph understanding with contextual views [D]. Ohio: Wrigbt State University, 2024: 18.",,,,,7.5,FALSE,FALSE,AUTO_OR_INHERITED,,FALSE,FALSE,,FALSE,,,BLACK_SPECIMEN_RUN,BLACK_OR_INHERITED,REFERENCE_SPECIMEN_OR_INSTRUCTION,YES,LibreOffice-derived OOXML inspection of hash-verified legacy source; inherited properties remain explicit as such.
HFUT_REF_DOC,P026,MANUSCRIPT_FORMAT_INSTRUCTION,1,五,五,,,,宋体;SimSun,INHERITED_OR_UNSET,TRUE,FALSE,FF0000,,FALSE,FALSE,,FALSE,,,RED_INSTRUCTION_RUN,RED,RED_INSTRUCTIONAL_ANNOTATION,NO,LibreOffice-derived OOXML inspection of hash-verified legacy source; inherited properties remain explicit as such.
HFUT_REF_DOC,P026,MANUSCRIPT_FORMAT_INSTRUCTION,2, ,,,,Times New Roman,Times New Roman,INHERITED_OR_UNSET,TRUE,FALSE,FF0000,,FALSE,FALSE,,TRUE, , ,RED_INSTRUCTION_RUN,RED,RED_INSTRUCTIONAL_ANNOTATION,NO,LibreOffice-derived OOXML inspection of hash-verified legacy source; inherited properties remain explicit as such.
HFUT_REF_DOC,P026,MANUSCRIPT_FORMAT_INSTRUCTION,3,标准：,标准：,,,,宋体;SimSun,INHERITED_OR_UNSET,TRUE,FALSE,FF0000,,FALSE,FALSE,,FALSE,,,RED_INSTRUCTION_RUN,RED,RED_INSTRUCTIONAL_ANNOTATION,NO,LibreOffice-derived OOXML inspection of hash-verified legacy source; inherited properties remain explicit as such.
HFUT_REF_DOC,P026,MANUSCRIPT_FORMAT_INSTRUCTION,4,[,[,,,,宋体;SimSun,INHERITED_OR_UNSET,TRUE,FALSE,FF0000,,FALSE,FALSE,,FALSE,,,RED_INSTRUCTION_RUN,RED,RED_INSTRUCTIONAL_ANNOTATION,NO,LibreOffice-derived OOXML inspection of hash-verified legacy source; inherited properties remain explicit as such.
HFUT_REF_DOC,P026,MANUSCRIPT_FORMAT_INSTRUCTION,5,序号,序号,,,,宋体;SimSun,INHERITED_OR_UNSET,TRUE,FALSE,FF0000,,FALSE,FALSE,,FALSE,,,RED_INSTRUCTION_RUN,RED,RED_INSTRUCTIONAL_ANNOTATION,NO,LibreOffice-derived OOXML inspection of hash-verified legacy source; inherited properties remain explicit as such.
HFUT_REF_DOC,P026,MANUSCRIPT_FORMAT_INSTRUCTION,6,],],,,,宋体;SimSun,INHERITED_OR_UNSET,TRUE,FALSE,FF0000,,FALSE,FALSE,,FALSE,,,RED_INSTRUCTION_RUN,RED,RED_INSTRUCTIONAL_ANNOTATION,NO,LibreOffice-derived OOXML inspection of hash-verified legacy source; inherited properties remain explicit as such.
HFUT_REF_DOC,P026,MANUSCRIPT_FORMAT_INSTRUCTION,7, ,,,,,宋体;SimSun,INHERITED_OR_UNSET,TRUE,FALSE,FF0000,,FALSE,FALSE,,TRUE, , ,RED_INSTRUCTION_RUN,RED,RED_INSTRUCTIONAL_ANNOTATION,NO,LibreOffice-derived OOXML inspection of hash-verified legacy source; inherited properties remain explicit as such.
HFUT_REF_DOC,P026,MANUSCRIPT_FORMAT_INSTRUCTION,8,标准编号,标准编号,,,,宋体;SimSun,INHERITED_OR_UNSET,TRUE,FALSE,FF0000,,FALSE,FALSE,,FALSE,,,RED_INSTRUCTION_RUN,RED,RED_INSTRUCTIONAL_ANNOTATION,NO,LibreOffice-derived OOXML inspection of hash-verified legacy source; inherited properties remain explicit as such.
HFUT_REF_DOC,P026,MANUSCRIPT_FORMAT_INSTRUCTION,9, ,,,,Times New Roman,Times New Roman,INHERITED_OR_UNSET,TRUE,FALSE,FF0000,,FALSE,FALSE,,TRUE, , ,RED_INSTRUCTION_RUN,RED,RED_INSTRUCTIONAL_ANNOTATION,NO,LibreOffice-derived OOXML inspection of hash-verified legacy source; inherited properties remain explicit as such.
HFUT_REF_DOC,P026,MANUSCRIPT_FORMAT_INSTRUCTION,10,标准名称,标准名称,,,,宋体;SimSun,INHERITED_OR_UNSET,TRUE,FALSE,FF0000,,FALSE,FALSE,,FALSE,,,RED_INSTRUCTION_RUN,RED,RED_INSTRUCTIONAL_ANNOTATION,NO,LibreOffice-derived OOXML inspection of hash-verified legacy source; inherited properties remain explicit as such.
HFUT_REF_DOC,P026,MANUSCRIPT_FORMAT_INSTRUCTION,11,[S].,[S].,,,,宋体;SimSun,INHERITED_OR_UNSET,TRUE,FALSE,FF0000,,FALSE,FALSE,,FALSE,,,RED_INSTRUCTION_RUN,RED,RED_INSTRUCTIONAL_ANNOTATION,NO,LibreOffice-derived OOXML inspection of hash-verified legacy source; inherited properties remain explicit as such.
HFUT_REF_DOC,P027,MANUSCRIPT_SPECIMEN_CONTENT,1,[17]  GB/T 22068—2018 ,[17] GB/T 22068—2018,,,,,7.5,FALSE,FALSE,AUTO_OR_INHERITED,,FALSE,FALSE,,TRUE,, ,BLACK_SPECIMEN_RUN,BLACK_OR_INHERITED,REFERENCE_SPECIMEN_OR_INSTRUCTION,YES,LibreOffice-derived OOXML inspection of hash-verified legacy source; inherited properties remain explicit as such.
HFUT_REF_DOC,P027,MANUSCRIPT_SPECIMEN_CONTENT,2,汽车空调用电动压缩机总成,汽车空调用电动压缩机总成,,,,宋体;SimSun,7.5,FALSE,FALSE,AUTO_OR_INHERITED,,FALSE,FALSE,,FALSE,,,BLACK_SPECIMEN_RUN,BLACK_OR_INHERITED,REFERENCE_SPECIMEN_OR_INSTRUCTION,YES,LibreOffice-derived OOXML inspection of hash-verified legacy source; inherited properties remain explicit as such.
HFUT_REF_DOC,P027,MANUSCRIPT_SPECIMEN_CONTENT,3,[S].,[S].,,,,,7.5,FALSE,FALSE,AUTO_OR_INHERITED,,FALSE,FALSE,,FALSE,,,BLACK_SPECIMEN_RUN,BLACK_OR_INHERITED,REFERENCE_SPECIMEN_OR_INSTRUCTION,YES,LibreOffice-derived OOXML inspection of hash-verified legacy source; inherited properties remain explicit as such.
HFUT_REF_DOC,P028,MANUSCRIPT_SPECIMEN_CONTENT,1,[18]  IEC/IEEE 61636-1:2021 Software interface for maintenance information collection and analysis (SIMICA): exchanging test results and session information via the eXtensible Markup Language (XML)[S].,[18] IEC/IEEE 61636-1:2021 Software interface for maintenance information collection and analysis (SIMICA): exchanging test results and session information via the eXtensible Markup Language (XML)[S].,,,,,7.5,FALSE,FALSE,AUTO_OR_INHERITED,,FALSE,FALSE,,FALSE,,,BLACK_SPECIMEN_RUN,BLACK_OR_INHERITED,REFERENCE_SPECIMEN_OR_INSTRUCTION,YES,LibreOffice-derived OOXML inspection of hash-verified legacy source; inherited properties remain explicit as such.
HFUT_REF_DOC,P029,MANUSCRIPT_FORMAT_INSTRUCTION,1,六,六,,,,宋体;SimSun,INHERITED_OR_UNSET,TRUE,FALSE,FF0000,,FALSE,FALSE,,FALSE,,,RED_INSTRUCTION_RUN,RED,RED_INSTRUCTIONAL_ANNOTATION,NO,LibreOffice-derived OOXML inspection of hash-verified legacy source; inherited properties remain explicit as such.
HFUT_REF_DOC,P029,MANUSCRIPT_FORMAT_INSTRUCTION,2, ,,,,Times New Roman,Times New Roman,INHERITED_OR_UNSET,TRUE,FALSE,FF0000,,FALSE,FALSE,,TRUE, , ,RED_INSTRUCTION_RUN,RED,RED_INSTRUCTIONAL_ANNOTATION,NO,LibreOffice-derived OOXML inspection of hash-verified legacy source; inherited properties remain explicit as such.
HFUT_REF_DOC,P029,MANUSCRIPT_FORMAT_INSTRUCTION,3,预印本：,预印本：,,,,宋体;SimSun,INHERITED_OR_UNSET,TRUE,FALSE,FF0000,,FALSE,FALSE,,FALSE,,,RED_INSTRUCTION_RUN,RED,RED_INSTRUCTIONAL_ANNOTATION,NO,LibreOffice-derived OOXML inspection of hash-verified legacy source; inherited properties remain explicit as such.
HFUT_REF_DOC,P029,MANUSCRIPT_FORMAT_INSTRUCTION,4,[,[,,,,宋体;SimSun,INHERITED_OR_UNSET,TRUE,FALSE,FF0000,,FALSE,FALSE,,FALSE,,,RED_INSTRUCTION_RUN,RED,RED_INSTRUCTIONAL_ANNOTATION,NO,LibreOffice-derived OOXML inspection of hash-verified legacy source; inherited properties remain explicit as such.
HFUT_REF_DOC,P029,MANUSCRIPT_FORMAT_INSTRUCTION,5,序号,序号,,,,宋体;SimSun,INHERITED_OR_UNSET,TRUE,FALSE,FF0000,,FALSE,FALSE,,FALSE,,,RED_INSTRUCTION_RUN,RED,RED_INSTRUCTIONAL_ANNOTATION,NO,LibreOffice-derived OOXML inspection of hash-verified legacy source; inherited properties remain explicit as such.
HFUT_REF_DOC,P029,MANUSCRIPT_FORMAT_INSTRUCTION,6,] ,],,,,宋体;SimSun,INHERITED_OR_UNSET,TRUE,FALSE,FF0000,,FALSE,FALSE,,TRUE,, ,RED_INSTRUCTION_RUN,RED,RED_INSTRUCTIONAL_ANNOTATION,NO,LibreOffice-derived OOXML inspection of hash-verified legacy source; inherited properties remain explicit as such.
HFUT_REF_DOC,P029,MANUSCRIPT_FORMAT_INSTRUCTION,7,作者,作者,,,,宋体;SimSun,INHERITED_OR_UNSET,TRUE,FALSE,FF0000,,FALSE,FALSE,,FALSE,,,RED_INSTRUCTION_RUN,RED,RED_INSTRUCTIONAL_ANNOTATION,NO,LibreOffice-derived OOXML inspection of hash-verified legacy source; inherited properties remain explicit as such.
HFUT_REF_DOC,P029,MANUSCRIPT_FORMAT_INSTRUCTION,8,（,（,,,,宋体;SimSun,INHERITED_OR_UNSET,TRUE,FALSE,FF0000,,FALSE,FALSE,,FALSE,,,RED_INSTRUCTION_RUN,RED,RED_INSTRUCTIONAL_ANNOTATION,NO,LibreOffice-derived OOXML inspection of hash-verified legacy source; inherited properties remain explicit as such.
HFUT_REF_DOC,P029,MANUSCRIPT_FORMAT_INSTRUCTION,9,格式要求同期刊,格式要求同期刊,,,,宋体;SimSun,INHERITED_OR_UNSET,TRUE,FALSE,FF0000,,FALSE,FALSE,,FALSE,,,RED_INSTRUCTION_RUN,RED,RED_INSTRUCTIONAL_ANNOTATION,NO,LibreOffice-derived OOXML inspection of hash-verified legacy source; inherited properties remain explicit as such.
HFUT_REF_DOC,P029,MANUSCRIPT_FORMAT_INSTRUCTION,10,）,）,,,,宋体;SimSun,INHERITED_OR_UNSET,TRUE,FALSE,FF0000,,FALSE,FALSE,,FALSE,,,RED_INSTRUCTION_RUN,RED,RED_INSTRUCTIONAL_ANNOTATION,NO,LibreOffice-derived OOXML inspection of hash-verified legacy source; inherited properties remain explicit as such.
HFUT_REF_DOC,P029,MANUSCRIPT_FORMAT_INSTRUCTION,11,.,.,,,,宋体;SimSun,INHERITED_OR_UNSET,TRUE,FALSE,FF0000,,FALSE,FALSE,,FALSE,,,RED_INSTRUCTION_RUN,RED,RED_INSTRUCTIONAL_ANNOTATION,NO,LibreOffice-derived OOXML inspection of hash-verified legacy source; inherited properties remain explicit as such.
HFUT_REF_DOC,P029,MANUSCRIPT_FORMAT_INSTRUCTION,12,题名,题名,,,,宋体;SimSun,INHERITED_OR_UNSET,TRUE,FALSE,FF0000,,FALSE,FALSE,,FALSE,,,RED_INSTRUCTION_RUN,RED,RED_INSTRUCTIONAL_ANNOTATION,NO,LibreOffice-derived OOXML inspection of hash-verified legacy source; inherited properties remain explicit as such.
HFUT_REF_DOC,P029,MANUSCRIPT_FORMAT_INSTRUCTION,13,[P,[P,,,,宋体;SimSun,INHERITED_OR_UNSET,TRUE,FALSE,FF0000,,FALSE,FALSE,,FALSE,,,RED_INSTRUCTION_RUN,RED,RED_INSTRUCTIONAL_ANNOTATION,NO,LibreOffice-derived OOXML inspection of hash-verified legacy source; inherited properties remain explicit as such.
HFUT_REF_DOC,P029,MANUSCRIPT_FORMAT_INSTRUCTION,14,P,P,,,,宋体;SimSun,INHERITED_OR_UNSET,TRUE,FALSE,FF0000,,FALSE,FALSE,,FALSE,,,RED_INSTRUCTION_RUN,RED,RED_INSTRUCTIONAL_ANNOTATION,NO,LibreOffice-derived OOXML inspection of hash-verified legacy source; inherited properties remain explicit as such.
HFUT_REF_DOC,P029,MANUSCRIPT_FORMAT_INSTRUCTION,15,/,/,,,,宋体;SimSun,INHERITED_OR_UNSET,TRUE,FALSE,FF0000,,FALSE,FALSE,,FALSE,,,RED_INSTRUCTION_RUN,RED,RED_INSTRUCTIONAL_ANNOTATION,NO,LibreOffice-derived OOXML inspection of hash-verified legacy source; inherited properties remain explicit as such.
HFUT_REF_DOC,P029,MANUSCRIPT_FORMAT_INSTRUCTION,16,OL,OL,,,,宋体;SimSun,INHERITED_OR_UNSET,TRUE,FALSE,FF0000,,FALSE,FALSE,,FALSE,,,RED_INSTRUCTION_RUN,RED,RED_INSTRUCTIONAL_ANNOTATION,NO,LibreOffice-derived OOXML inspection of hash-verified legacy source; inherited properties remain explicit as such.
HFUT_REF_DOC,P029,MANUSCRIPT_FORMAT_INSTRUCTION,17,].,].,,,,宋体;SimSun,INHERITED_OR_UNSET,TRUE,FALSE,FF0000,,FALSE,FALSE,,FALSE,,,RED_INSTRUCTION_RUN,RED,RED_INSTRUCTIONAL_ANNOTATION,NO,LibreOffice-derived OOXML inspection of hash-verified legacy source; inherited properties remain explicit as such.
HFUT_REF_DOC,P029,MANUSCRIPT_FORMAT_INSTRUCTION,18,版本,版本,,,,宋体;SimSun,INHERITED_OR_UNSET,TRUE,FALSE,FF0000,,FALSE,FALSE,,FALSE,,,RED_INSTRUCTION_RUN,RED,RED_INSTRUCTIONAL_ANNOTATION,NO,LibreOffice-derived OOXML inspection of hash-verified legacy source; inherited properties remain explicit as such.
HFUT_REF_DOC,P029,MANUSCRIPT_FORMAT_INSTRUCTION,19,.,.,,,,宋体;SimSun,INHERITED_OR_UNSET,TRUE,FALSE,FF0000,,FALSE,FALSE,,FALSE,,,RED_INSTRUCTION_RUN,RED,RED_INSTRUCTIONAL_ANNOTATION,NO,LibreOffice-derived OOXML inspection of hash-verified legacy source; inherited properties remain explicit as such.
HFUT_REF_DOC,P029,MANUSCRIPT_FORMAT_INSTRUCTION,20,出版平台,出版平台,,,,宋体;SimSun,INHERITED_OR_UNSET,TRUE,FALSE,FF0000,,FALSE,FALSE,,FALSE,,,RED_INSTRUCTION_RUN,RED,RED_INSTRUCTIONAL_ANNOTATION,NO,LibreOffice-derived OOXML inspection of hash-verified legacy source; inherited properties remain explicit as such.
HFUT_REF_DOC,P029,MANUSCRIPT_FORMAT_INSTRUCTION,21,(,(,,,,宋体;SimSun,INHERITED_OR_UNSET,TRUE,FALSE,FF0000,,FALSE,FALSE,,FALSE,,,RED_INSTRUCTION_RUN,RED,RED_INSTRUCTIONAL_ANNOTATION,NO,LibreOffice-derived OOXML inspection of hash-verified legacy source; inherited properties remain explicit as such.
HFUT_REF_DOC,P029,MANUSCRIPT_FORMAT_INSTRUCTION,22,创建或修改日期,创建或修改日期,,,,宋体;SimSun,INHERITED_OR_UNSET,TRUE,FALSE,FF0000,,FALSE,FALSE,,FALSE,,,RED_INSTRUCTION_RUN,RED,RED_INSTRUCTIONAL_ANNOTATION,NO,LibreOffice-derived OOXML inspection of hash-verified legacy source; inherited properties remain explicit as such.
HFUT_REF_DOC,P029,MANUSCRIPT_FORMAT_INSTRUCTION,23,)[,)[,,,,宋体;SimSun,INHERITED_OR_UNSET,TRUE,FALSE,FF0000,,FALSE,FALSE,,FALSE,,,RED_INSTRUCTION_RUN,RED,RED_INSTRUCTIONAL_ANNOTATION,NO,LibreOffice-derived OOXML inspection of hash-verified legacy source; inherited properties remain explicit as such.
HFUT_REF_DOC,P029,MANUSCRIPT_FORMAT_INSTRUCTION,24,引用日期,引用日期,,,,宋体;SimSun,INHERITED_OR_UNSET,TRUE,FALSE,FF0000,,FALSE,FALSE,,FALSE,,,RED_INSTRUCTION_RUN,RED,RED_INSTRUCTIONAL_ANNOTATION,NO,LibreOffice-derived OOXML inspection of hash-verified legacy source; inherited properties remain explicit as such.
HFUT_REF_DOC,P029,MANUSCRIPT_FORMAT_INSTRUCTION,25,].,].,,,,宋体;SimSun,INHERITED_OR_UNSET,TRUE,FALSE,FF0000,,FALSE,FALSE,,FALSE,,,RED_INSTRUCTION_RUN,RED,RED_INSTRUCTIONAL_ANNOTATION,NO,LibreOffice-derived OOXML inspection of hash-verified legacy source; inherited properties remain explicit as such.
HFUT_REF_DOC,P029,MANUSCRIPT_FORMAT_INSTRUCTION,26,获取和访问路径,获取和访问路径,,,,宋体;SimSun,INHERITED_OR_UNSET,TRUE,FALSE,FF0000,,FALSE,FALSE,,FALSE,,,RED_INSTRUCTION_RUN,RED,RED_INSTRUCTIONAL_ANNOTATION,NO,LibreOffice-derived OOXML inspection of hash-verified legacy source; inherited properties remain explicit as such.
HFUT_REF_DOC,P029,MANUSCRIPT_FORMAT_INSTRUCTION,27,.,.,,,,宋体;SimSun,INHERITED_OR_UNSET,TRUE,FALSE,FF0000,,FALSE,FALSE,,FALSE,,,RED_INSTRUCTION_RUN,RED,RED_INSTRUCTIONAL_ANNOTATION,NO,LibreOffice-derived OOXML inspection of hash-verified legacy source; inherited properties remain explicit as such.
HFUT_REF_DOC,P030,MANUSCRIPT_SPECIMEN_CONTENT,1,[1,[1,,,,,7.5,FALSE,FALSE,AUTO_OR_INHERITED,,FALSE,FALSE,,FALSE,,,BLACK_SPECIMEN_RUN,BLACK_OR_INHERITED,REFERENCE_SPECIMEN_OR_INSTRUCTION,YES,LibreOffice-derived OOXML inspection of hash-verified legacy source; inherited properties remain explicit as such.
HFUT_REF_DOC,P030,MANUSCRIPT_SPECIMEN_CONTENT,2,9,9,,,,,7.5,FALSE,FALSE,AUTO_OR_INHERITED,,FALSE,FALSE,,FALSE,,,BLACK_SPECIMEN_RUN,BLACK_OR_INHERITED,REFERENCE_SPECIMEN_OR_INSTRUCTION,YES,LibreOffice-derived OOXML inspection of hash-verified legacy source; inherited properties remain explicit as such.
HFUT_REF_DOC,P030,MANUSCRIPT_SPECIMEN_CONTENT,3,] ,],,,,,7.5,FALSE,FALSE,AUTO_OR_INHERITED,,FALSE,FALSE,,TRUE,, ,BLACK_SPECIMEN_RUN,BLACK_OR_INHERITED,REFERENCE_SPECIMEN_OR_INSTRUCTION,YES,LibreOffice-derived OOXML inspection of hash-verified legacy source; inherited properties remain explicit as such.
HFUT_REF_DOC,P030,MANUSCRIPT_SPECIMEN_CONTENT,4,"Courbariaux M, Hubara I, Soudry D, et al","Courbariaux M, Hubara I, Soudry D, et al",,,,,7.5,FALSE,FALSE,AUTO_OR_INHERITED,,FALSE,FALSE,,FALSE,,,BLACK_SPECIMEN_RUN,BLACK_OR_INHERITED,REFERENCE_SPECIMEN_OR_INSTRUCTION,YES,LibreOffice-derived OOXML inspection of hash-verified legacy source; inherited properties remain explicit as such.
HFUT_REF_DOC,P030,MANUSCRIPT_SPECIMEN_CONTENT,5,. ,.,,,,,7.5,FALSE,FALSE,AUTO_OR_INHERITED,,FALSE,FALSE,,TRUE,, ,BLACK_SPECIMEN_RUN,BLACK_OR_INHERITED,REFERENCE_SPECIMEN_OR_INSTRUCTION,YES,LibreOffice-derived OOXML inspection of hash-verified legacy source; inherited properties remain explicit as such.
HFUT_REF_DOC,P030,MANUSCRIPT_SPECIMEN_CONTENT,6,Binarized ,Binarized,,,,,7.5,FALSE,FALSE,AUTO_OR_INHERITED,,FALSE,FALSE,,TRUE,, ,BLACK_SPECIMEN_RUN,BLACK_OR_INHERITED,REFERENCE_SPECIMEN_OR_INSTRUCTION,YES,LibreOffice-derived OOXML inspection of hash-verified legacy source; inherited properties remain explicit as such.
HFUT_REF_DOC,P030,MANUSCRIPT_SPECIMEN_CONTENT,7,n,n,,,,,7.5,FALSE,FALSE,AUTO_OR_INHERITED,,FALSE,FALSE,,FALSE,,,BLACK_SPECIMEN_RUN,BLACK_OR_INHERITED,REFERENCE_SPECIMEN_OR_INSTRUCTION,YES,LibreOffice-derived OOXML inspection of hash-verified legacy source; inherited properties remain explicit as such.
HFUT_REF_DOC,P030,MANUSCRIPT_SPECIMEN_CONTENT,8,eural ,eural,,,,,7.5,FALSE,FALSE,AUTO_OR_INHERITED,,FALSE,FALSE,,TRUE,, ,BLACK_SPECIMEN_RUN,BLACK_OR_INHERITED,REFERENCE_SPECIMEN_OR_INSTRUCTION,YES,LibreOffice-derived OOXML inspection of hash-verified legacy source; inherited properties remain explicit as such.
HFUT_REF_DOC,P030,MANUSCRIPT_SPECIMEN_CONTENT,9,n,n,,,,,7.5,FALSE,FALSE,AUTO_OR_INHERITED,,FALSE,FALSE,,FALSE,,,BLACK_SPECIMEN_RUN,BLACK_OR_INHERITED,REFERENCE_SPECIMEN_OR_INSTRUCTION,YES,LibreOffice-derived OOXML inspection of hash-verified legacy source; inherited properties remain explicit as such.
HFUT_REF_DOC,P030,MANUSCRIPT_SPECIMEN_CONTENT,10,etworks: ,etworks:,,,,,7.5,FALSE,FALSE,AUTO_OR_INHERITED,,FALSE,FALSE,,TRUE,, ,BLACK_SPECIMEN_RUN,BLACK_OR_INHERITED,REFERENCE_SPECIMEN_OR_INSTRUCTION,YES,LibreOffice-derived OOXML inspection of hash-verified legacy source; inherited properties remain explicit as such.
HFUT_REF_DOC,P030,MANUSCRIPT_SPECIMEN_CONTENT,11,t,t,,,,,7.5,FALSE,FALSE,AUTO_OR_INHERITED,,FALSE,FALSE,,FALSE,,,BLACK_SPECIMEN_RUN,BLACK_OR_INHERITED,REFERENCE_SPECIMEN_OR_INSTRUCTION,YES,LibreOffice-derived OOXML inspection of hash-verified legacy source; inherited properties remain explicit as such.
HFUT_REF_DOC,P030,MANUSCRIPT_SPECIMEN_CONTENT,12,raining ,raining,,,,,7.5,FALSE,FALSE,AUTO_OR_INHERITED,,FALSE,FALSE,,TRUE,, ,BLACK_SPECIMEN_RUN,BLACK_OR_INHERITED,REFERENCE_SPECIMEN_OR_INSTRUCTION,YES,LibreOffice-derived OOXML inspection of hash-verified legacy source; inherited properties remain explicit as such.
HFUT_REF_DOC,P030,MANUSCRIPT_SPECIMEN_CONTENT,13,d,d,,,,,7.5,FALSE,FALSE,AUTO_OR_INHERITED,,FALSE,FALSE,,FALSE,,,BLACK_SPECIMEN_RUN,BLACK_OR_INHERITED,REFERENCE_SPECIMEN_OR_INSTRUCTION,YES,LibreOffice-derived OOXML inspection of hash-verified legacy source; inherited properties remain explicit as such.
HFUT_REF_DOC,P030,MANUSCRIPT_SPECIMEN_CONTENT,14,eep ,eep,,,,,7.5,FALSE,FALSE,AUTO_OR_INHERITED,,FALSE,FALSE,,TRUE,, ,BLACK_SPECIMEN_RUN,BLACK_OR_INHERITED,REFERENCE_SPECIMEN_OR_INSTRUCTION,YES,LibreOffice-derived OOXML inspection of hash-verified legacy source; inherited properties remain explicit as such.
HFUT_REF_DOC,P030,MANUSCRIPT_SPECIMEN_CONTENT,15,n,n,,,,,7.5,FALSE,FALSE,AUTO_OR_INHERITED,,FALSE,FALSE,,FALSE,,,BLACK_SPECIMEN_RUN,BLACK_OR_INHERITED,REFERENCE_SPECIMEN_OR_INSTRUCTION,YES,LibreOffice-derived OOXML inspection of hash-verified legacy source; inherited properties remain explicit as such.
HFUT_REF_DOC,P030,MANUSCRIPT_SPECIMEN_CONTENT,16,eural ,eural,,,,,7.5,FALSE,FALSE,AUTO_OR_INHERITED,,FALSE,FALSE,,TRUE,, ,BLACK_SPECIMEN_RUN,BLACK_OR_INHERITED,REFERENCE_SPECIMEN_OR_INSTRUCTION,YES,LibreOffice-derived OOXML inspection of hash-verified legacy source; inherited properties remain explicit as such.
HFUT_REF_DOC,P030,MANUSCRIPT_SPECIMEN_CONTENT,17,n,n,,,,,7.5,FALSE,FALSE,AUTO_OR_INHERITED,,FALSE,FALSE,,FALSE,,,BLACK_SPECIMEN_RUN,BLACK_OR_INHERITED,REFERENCE_SPECIMEN_OR_INSTRUCTION,YES,LibreOffice-derived OOXML inspection of hash-verified legacy source; inherited properties remain explicit as such.
HFUT_REF_DOC,P030,MANUSCRIPT_SPECIMEN_CONTENT,18,etworks with ,etworks with,,,,,7.5,FALSE,FALSE,AUTO_OR_INHERITED,,FALSE,FALSE,,TRUE,, ,BLACK_SPECIMEN_RUN,BLACK_OR_INHERITED,REFERENCE_SPECIMEN_OR_INSTRUCTION,YES,LibreOffice-derived OOXML inspection of hash-verified legacy source; inherited properties remain explicit as such.
HFUT_REF_DOC,P030,MANUSCRIPT_SPECIMEN_CONTENT,19,w,w,,,,,7.5,FALSE,FALSE,AUTO_OR_INHERITED,,FALSE,FALSE,,FALSE,,,BLACK_SPECIMEN_RUN,BLACK_OR_INHERITED,REFERENCE_SPECIMEN_OR_INSTRUCTION,YES,LibreOffice-derived OOXML inspection of hash-verified legacy source; inherited properties remain explicit as such.
HFUT_REF_DOC,P030,MANUSCRIPT_SPECIMEN_CONTENT,20,eights and ,eights and,,,,,7.5,FALSE,FALSE,AUTO_OR_INHERITED,,FALSE,FALSE,,TRUE,, ,BLACK_SPECIMEN_RUN,BLACK_OR_INHERITED,REFERENCE_SPECIMEN_OR_INSTRUCTION,YES,LibreOffice-derived OOXML inspection of hash-verified legacy source; inherited properties remain explicit as such.
HFUT_REF_DOC,P030,MANUSCRIPT_SPECIMEN_CONTENT,21,a,a,,,,,7.5,FALSE,FALSE,AUTO_OR_INHERITED,,FALSE,FALSE,,FALSE,,,BLACK_SPECIMEN_RUN,BLACK_OR_INHERITED,REFERENCE_SPECIMEN_OR_INSTRUCTION,YES,LibreOffice-derived OOXML inspection of hash-verified legacy source; inherited properties remain explicit as such.
HFUT_REF_DOC,P030,MANUSCRIPT_SPECIMEN_CONTENT,22,ctivations ,ctivations,,,,,7.5,FALSE,FALSE,AUTO_OR_INHERITED,,FALSE,FALSE,,TRUE,, ,BLACK_SPECIMEN_RUN,BLACK_OR_INHERITED,REFERENCE_SPECIMEN_OR_INSTRUCTION,YES,LibreOffice-derived OOXML inspection of hash-verified legacy source; inherited properties remain explicit as such.
HFUT_REF_DOC,P030,MANUSCRIPT_SPECIMEN_CONTENT,23,c,c,,,,,7.5,FALSE,FALSE,AUTO_OR_INHERITED,,FALSE,FALSE,,FALSE,,,BLACK_SPECIMEN_RUN,BLACK_OR_INHERITED,REFERENCE_SPECIMEN_OR_INSTRUCTION,YES,LibreOffice-derived OOXML inspection of hash-verified legacy source; inherited properties remain explicit as such.
HFUT_REF_DOC,P030,MANUSCRIPT_SPECIMEN_CONTENT,24,onstrained to +1 or ,onstrained to +1 or,,,,,7.5,FALSE,FALSE,AUTO_OR_INHERITED,,FALSE,FALSE,,TRUE,, ,BLACK_SPECIMEN_RUN,BLACK_OR_INHERITED,REFERENCE_SPECIMEN_OR_INSTRUCTION,YES,LibreOffice-derived OOXML inspection of hash-verified legacy source; inherited properties remain explicit as such.
HFUT_REF_DOC,P030,MANUSCRIPT_SPECIMEN_CONTENT,25,﹣,﹣,宋体;SimSun,宋体;SimSun,,宋体;SimSun,7.5,FALSE,FALSE,AUTO_OR_INHERITED,,FALSE,FALSE,,FALSE,,,BLACK_SPECIMEN_RUN,BLACK_OR_INHERITED,REFERENCE_SPECIMEN_OR_INSTRUCTION,YES,LibreOffice-derived OOXML inspection of hash-verified legacy source; inherited properties remain explicit as such.
HFUT_REF_DOC,P030,MANUSCRIPT_SPECIMEN_CONTENT,26,1,1,,,,,7.5,FALSE,FALSE,AUTO_OR_INHERITED,,FALSE,FALSE,,FALSE,,,BLACK_SPECIMEN_RUN,BLACK_OR_INHERITED,REFERENCE_SPECIMEN_OR_INSTRUCTION,YES,LibreOffice-derived OOXML inspection of hash-verified legacy source; inherited properties remain explicit as such.
HFUT_REF_DOC,P030,MANUSCRIPT_SPECIMEN_CONTENT,27,[,[,,,,,7.5,FALSE,FALSE,AUTO_OR_INHERITED,,FALSE,FALSE,,FALSE,,,BLACK_SPECIMEN_RUN,BLACK_OR_INHERITED,REFERENCE_SPECIMEN_OR_INSTRUCTION,YES,LibreOffice-derived OOXML inspection of hash-verified legacy source; inherited properties remain explicit as such.
HFUT_REF_DOC,P030,MANUSCRIPT_SPECIMEN_CONTENT,28,PP,PP,,,,,7.5,FALSE,FALSE,AUTO_OR_INHERITED,,FALSE,FALSE,,FALSE,,,BLACK_SPECIMEN_RUN,BLACK_OR_INHERITED,REFERENCE_SPECIMEN_OR_INSTRUCTION,YES,LibreOffice-derived OOXML inspection of hash-verified legacy source; inherited properties remain explicit as such.
HFUT_REF_DOC,P030,MANUSCRIPT_SPECIMEN_CONTENT,29,/OL].,/OL].,,,,,7.5,FALSE,FALSE,AUTO_OR_INHERITED,,FALSE,FALSE,,FALSE,,,BLACK_SPECIMEN_RUN,BLACK_OR_INHERITED,REFERENCE_SPECIMEN_OR_INSTRUCTION,YES,LibreOffice-derived OOXML inspection of hash-verified legacy source; inherited properties remain explicit as such.
HFUT_REF_DOC,P030,MANUSCRIPT_SPECIMEN_CONTENT,30,V3.,V3.,,,,,7.5,FALSE,FALSE,AUTO_OR_INHERITED,,FALSE,FALSE,,FALSE,,,BLACK_SPECIMEN_RUN,BLACK_OR_INHERITED,REFERENCE_SPECIMEN_OR_INSTRUCTION,YES,LibreOffice-derived OOXML inspection of hash-verified legacy source; inherited properties remain explicit as such.
HFUT_REF_DOC,P030,MANUSCRIPT_SPECIMEN_CONTENT,31,arXiv (2016-03-17)[,arXiv (2016-03-17)[,,,,,7.5,FALSE,FALSE,AUTO_OR_INHERITED,,FALSE,FALSE,,FALSE,,,BLACK_SPECIMEN_RUN,BLACK_OR_INHERITED,REFERENCE_SPECIMEN_OR_INSTRUCTION,YES,LibreOffice-derived OOXML inspection of hash-verified legacy source; inherited properties remain explicit as such.
HFUT_REF_DOC,P030,MANUSCRIPT_SPECIMEN_CONTENT,32,2025-06-24,2025-06-24,,,,,7.5,FALSE,FALSE,AUTO_OR_INHERITED,,FALSE,FALSE,,FALSE,,,BLACK_SPECIMEN_RUN,BLACK_OR_INHERITED,REFERENCE_SPECIMEN_OR_INSTRUCTION,YES,LibreOffice-derived OOXML inspection of hash-verified legacy source; inherited properties remain explicit as such.
HFUT_REF_DOC,P030,MANUSCRIPT_SPECIMEN_CONTENT,33,].http://doi.org/10.48550/arXiv.1602.02830.,].http://doi.org/10.48550/arXiv.1602.02830.,,,,,7.5,FALSE,FALSE,AUTO_OR_INHERITED,,FALSE,FALSE,,FALSE,,,BLACK_SPECIMEN_RUN,BLACK_OR_INHERITED,REFERENCE_SPECIMEN_OR_INSTRUCTION,YES,LibreOffice-derived OOXML inspection of hash-verified legacy source; inherited properties remain explicit as such.
HFUT_REF_DOC,P031,MANUSCRIPT_FORMAT_INSTRUCTION,1,七,七,,,,宋体;SimSun,INHERITED_OR_UNSET,TRUE,FALSE,FF0000,,FALSE,FALSE,,FALSE,,,RED_INSTRUCTION_RUN,RED,RED_INSTRUCTIONAL_ANNOTATION,NO,LibreOffice-derived OOXML inspection of hash-verified legacy source; inherited properties remain explicit as such.
HFUT_REF_DOC,P031,MANUSCRIPT_FORMAT_INSTRUCTION,2, ,,,,Times New Roman,Times New Roman,INHERITED_OR_UNSET,TRUE,FALSE,FF0000,,FALSE,FALSE,,TRUE, , ,RED_INSTRUCTION_RUN,RED,RED_INSTRUCTIONAL_ANNOTATION,NO,LibreOffice-derived OOXML inspection of hash-verified legacy source; inherited properties remain explicit as such.
HFUT_REF_DOC,P031,MANUSCRIPT_FORMAT_INSTRUCTION,3,网页、网站：,网页、网站：,,,,宋体;SimSun,INHERITED_OR_UNSET,TRUE,FALSE,FF0000,,FALSE,FALSE,,FALSE,,,RED_INSTRUCTION_RUN,RED,RED_INSTRUCTIONAL_ANNOTATION,NO,LibreOffice-derived OOXML inspection of hash-verified legacy source; inherited properties remain explicit as such.
HFUT_REF_DOC,P031,MANUSCRIPT_FORMAT_INSTRUCTION,4,[,[,,,,宋体;SimSun,INHERITED_OR_UNSET,TRUE,FALSE,FF0000,,FALSE,FALSE,,FALSE,,,RED_INSTRUCTION_RUN,RED,RED_INSTRUCTIONAL_ANNOTATION,NO,LibreOffice-derived OOXML inspection of hash-verified legacy source; inherited properties remain explicit as such.
HFUT_REF_DOC,P031,MANUSCRIPT_FORMAT_INSTRUCTION,5,序号,序号,,,,宋体;SimSun,INHERITED_OR_UNSET,TRUE,FALSE,FF0000,,FALSE,FALSE,,FALSE,,,RED_INSTRUCTION_RUN,RED,RED_INSTRUCTIONAL_ANNOTATION,NO,LibreOffice-derived OOXML inspection of hash-verified legacy source; inherited properties remain explicit as such.
HFUT_REF_DOC,P031,MANUSCRIPT_FORMAT_INSTRUCTION,6,],],,,,宋体;SimSun,INHERITED_OR_UNSET,TRUE,FALSE,FF0000,,FALSE,FALSE,,FALSE,,,RED_INSTRUCTION_RUN,RED,RED_INSTRUCTIONAL_ANNOTATION,NO,LibreOffice-derived OOXML inspection of hash-verified legacy source; inherited properties remain explicit as such.
HFUT_REF_DOC,P031,MANUSCRIPT_FORMAT_INSTRUCTION,7, ,,,,,宋体;SimSun,INHERITED_OR_UNSET,TRUE,FALSE,FF0000,,FALSE,FALSE,,TRUE, , ,RED_INSTRUCTION_RUN,RED,RED_INSTRUCTIONAL_ANNOTATION,NO,LibreOffice-derived OOXML inspection of hash-verified legacy source; inherited properties remain explicit as such.
HFUT_REF_DOC,P031,MANUSCRIPT_FORMAT_INSTRUCTION,8,作者（格式要求同期刊,作者（格式要求同期刊,,,,宋体;SimSun,INHERITED_OR_UNSET,TRUE,FALSE,FF0000,,FALSE,FALSE,,FALSE,,,RED_INSTRUCTION_RUN,RED,RED_INSTRUCTIONAL_ANNOTATION,NO,LibreOffice-derived OOXML inspection of hash-verified legacy source; inherited properties remain explicit as such.
HFUT_REF_DOC,P031,MANUSCRIPT_FORMAT_INSTRUCTION,9,）,）,,,,宋体;SimSun,INHERITED_OR_UNSET,TRUE,FALSE,FF0000,,FALSE,FALSE,,FALSE,,,RED_INSTRUCTION_RUN,RED,RED_INSTRUCTIONAL_ANNOTATION,NO,LibreOffice-derived OOXML inspection of hash-verified legacy source; inherited properties remain explicit as such.
HFUT_REF_DOC,P031,MANUSCRIPT_FORMAT_INSTRUCTION,10,(,(,,,,宋体;SimSun,INHERITED_OR_UNSET,TRUE,FALSE,0000FF,,FALSE,FALSE,,FALSE,,,BLACK_SPECIMEN_RUN,BLACK_OR_INHERITED,REFERENCE_SPECIMEN_OR_INSTRUCTION,YES,LibreOffice-derived OOXML inspection of hash-verified legacy source; inherited properties remain explicit as such.
HFUT_REF_DOC,P031,MANUSCRIPT_FORMAT_INSTRUCTION,11,有则必备,有则必备,,,,宋体;SimSun,INHERITED_OR_UNSET,TRUE,FALSE,0000FF,,FALSE,FALSE,,FALSE,,,BLACK_SPECIMEN_RUN,BLACK_OR_INHERITED,REFERENCE_SPECIMEN_OR_INSTRUCTION,YES,LibreOffice-derived OOXML inspection of hash-verified legacy source; inherited properties remain explicit as such.
HFUT_REF_DOC,P031,MANUSCRIPT_FORMAT_INSTRUCTION,12,),),,,,宋体;SimSun,INHERITED_OR_UNSET,TRUE,FALSE,0000FF,,FALSE,FALSE,,FALSE,,,BLACK_SPECIMEN_RUN,BLACK_OR_INHERITED,REFERENCE_SPECIMEN_OR_INSTRUCTION,YES,LibreOffice-derived OOXML inspection of hash-verified legacy source; inherited properties remain explicit as such.
HFUT_REF_DOC,P031,MANUSCRIPT_FORMAT_INSTRUCTION,13,.,.,,,,宋体;SimSun,INHERITED_OR_UNSET,TRUE,FALSE,FF0000,,FALSE,FALSE,,FALSE,,,RED_INSTRUCTION_RUN,RED,RED_INSTRUCTIONAL_ANNOTATION,NO,LibreOffice-derived OOXML inspection of hash-verified legacy source; inherited properties remain explicit as such.
HFUT_REF_DOC,P031,MANUSCRIPT_FORMAT_INSTRUCTION,14,题名,题名,,,,宋体;SimSun,INHERITED_OR_UNSET,TRUE,FALSE,FF0000,,FALSE,FALSE,,FALSE,,,RED_INSTRUCTION_RUN,RED,RED_INSTRUCTIONAL_ANNOTATION,NO,LibreOffice-derived OOXML inspection of hash-verified legacy source; inherited properties remain explicit as such.
HFUT_REF_DOC,P031,MANUSCRIPT_FORMAT_INSTRUCTION,15,[E,[E,,,,宋体;SimSun,INHERITED_OR_UNSET,TRUE,FALSE,FF0000,,FALSE,FALSE,,FALSE,,,RED_INSTRUCTION_RUN,RED,RED_INSTRUCTIONAL_ANNOTATION,NO,LibreOffice-derived OOXML inspection of hash-verified legacy source; inherited properties remain explicit as such.
HFUT_REF_DOC,P031,MANUSCRIPT_FORMAT_INSTRUCTION,16,B,B,,,,宋体;SimSun,INHERITED_OR_UNSET,TRUE,FALSE,FF0000,,FALSE,FALSE,,FALSE,,,RED_INSTRUCTION_RUN,RED,RED_INSTRUCTIONAL_ANNOTATION,NO,LibreOffice-derived OOXML inspection of hash-verified legacy source; inherited properties remain explicit as such.
HFUT_REF_DOC,P031,MANUSCRIPT_FORMAT_INSTRUCTION,17,/OL]. (,/OL]. (,,,,宋体;SimSun,INHERITED_OR_UNSET,TRUE,FALSE,FF0000,,FALSE,FALSE,,FALSE,,,RED_INSTRUCTION_RUN,RED,RED_INSTRUCTIONAL_ANNOTATION,NO,LibreOffice-derived OOXML inspection of hash-verified legacy source; inherited properties remain explicit as such.
HFUT_REF_DOC,P031,MANUSCRIPT_FORMAT_INSTRUCTION,18,创建或修改日期,创建或修改日期,,,,宋体;SimSun,INHERITED_OR_UNSET,TRUE,FALSE,FF0000,,FALSE,FALSE,,FALSE,,,RED_INSTRUCTION_RUN,RED,RED_INSTRUCTIONAL_ANNOTATION,NO,LibreOffice-derived OOXML inspection of hash-verified legacy source; inherited properties remain explicit as such.
HFUT_REF_DOC,P031,MANUSCRIPT_FORMAT_INSTRUCTION,19,)[,)[,,,,宋体;SimSun,INHERITED_OR_UNSET,TRUE,FALSE,FF0000,,FALSE,FALSE,,FALSE,,,RED_INSTRUCTION_RUN,RED,RED_INSTRUCTIONAL_ANNOTATION,NO,LibreOffice-derived OOXML inspection of hash-verified legacy source; inherited properties remain explicit as such.
HFUT_REF_DOC,P031,MANUSCRIPT_FORMAT_INSTRUCTION,20,引用日期,引用日期,,,,宋体;SimSun,INHERITED_OR_UNSET,TRUE,FALSE,FF0000,,FALSE,FALSE,,FALSE,,,RED_INSTRUCTION_RUN,RED,RED_INSTRUCTIONAL_ANNOTATION,NO,LibreOffice-derived OOXML inspection of hash-verified legacy source; inherited properties remain explicit as such.
HFUT_REF_DOC,P031,MANUSCRIPT_FORMAT_INSTRUCTION,21,]. ,].,,,,宋体;SimSun,INHERITED_OR_UNSET,TRUE,FALSE,FF0000,,FALSE,FALSE,,TRUE,, ,RED_INSTRUCTION_RUN,RED,RED_INSTRUCTIONAL_ANNOTATION,NO,LibreOffice-derived OOXML inspection of hash-verified legacy source; inherited properties remain explicit as such.
HFUT_REF_DOC,P031,MANUSCRIPT_FORMAT_INSTRUCTION,22,获取和访问路径,获取和访问路径,,,,宋体;SimSun,INHERITED_OR_UNSET,TRUE,FALSE,FF0000,,FALSE,FALSE,,FALSE,,,RED_INSTRUCTION_RUN,RED,RED_INSTRUCTIONAL_ANNOTATION,NO,LibreOffice-derived OOXML inspection of hash-verified legacy source; inherited properties remain explicit as such.
HFUT_REF_DOC,P031,MANUSCRIPT_FORMAT_INSTRUCTION,23,.,.,,,,宋体;SimSun,INHERITED_OR_UNSET,TRUE,FALSE,FF0000,,FALSE,FALSE,,FALSE,,,RED_INSTRUCTION_RUN,RED,RED_INSTRUCTIONAL_ANNOTATION,NO,LibreOffice-derived OOXML inspection of hash-verified legacy source; inherited properties remain explicit as such.
HFUT_REF_DOC,P032,MANUSCRIPT_SPECIMEN_CONTENT,1,"[20] Antonio M, Pepper L. Historias de Portugal: livros caidos [EB/OL].(2019-07-13)[2025-01-02].https://arquivo.pt/wayback20190905210731/http://publico.pt/2019/07/13/sociedade/noticia/podcast-his-torias-portugal-cuidadores-1879731.","[20] Antonio M, Pepper L. Historias de Portugal: livros caidos [EB/OL].(2019-07-13)[2025-01-02].https://arquivo.pt/wayback20190905210731/http://publico.pt/2019/07/13/sociedade/noticia/podcast-his-torias-portugal-cuidadores-1879731.",,,,,7.5,FALSE,FALSE,AUTO_OR_INHERITED,,FALSE,FALSE,,FALSE,,,BLACK_SPECIMEN_RUN,BLACK_OR_INHERITED,REFERENCE_SPECIMEN_OR_INSTRUCTION,YES,LibreOffice-derived OOXML inspection of hash-verified legacy source; inherited properties remain explicit as such.
HFUT_REF_DOC,P033,MANUSCRIPT_SPECIMEN_CONTENT,1,[21] ,[21],,,,,7.5,FALSE,FALSE,AUTO_OR_INHERITED,,FALSE,FALSE,,TRUE,, ,BLACK_SPECIMEN_RUN,BLACK_OR_INHERITED,REFERENCE_SPECIMEN_OR_INSTRUCTION,YES,LibreOffice-derived OOXML inspection of hash-verified legacy source; inherited properties remain explicit as such.
HFUT_REF_DOC,P033,MANUSCRIPT_SPECIMEN_CONTENT,2,中国国家博物馆,中国国家博物馆,,,,,7.5,FALSE,FALSE,AUTO_OR_INHERITED,,FALSE,FALSE,,FALSE,,,BLACK_SPECIMEN_RUN,BLACK_OR_INHERITED,REFERENCE_SPECIMEN_OR_INSTRUCTION,YES,LibreOffice-derived OOXML inspection of hash-verified legacy source; inherited properties remain explicit as such.
HFUT_REF_DOC,P033,MANUSCRIPT_SPECIMEN_CONTENT,3,[EB/,[EB/,,,,,7.5,FALSE,FALSE,AUTO_OR_INHERITED,,FALSE,FALSE,,FALSE,,,BLACK_SPECIMEN_RUN,BLACK_OR_INHERITED,REFERENCE_SPECIMEN_OR_INSTRUCTION,YES,LibreOffice-derived OOXML inspection of hash-verified legacy source; inherited properties remain explicit as such.
HFUT_REF_DOC,P033,MANUSCRIPT_SPECIMEN_CONTENT,4,O,O,,,,,7.5,FALSE,FALSE,AUTO_OR_INHERITED,,FALSE,FALSE,,FALSE,,,BLACK_SPECIMEN_RUN,BLACK_OR_INHERITED,REFERENCE_SPECIMEN_OR_INSTRUCTION,YES,LibreOffice-derived OOXML inspection of hash-verified legacy source; inherited properties remain explicit as such.
HFUT_REF_DOC,P033,MANUSCRIPT_SPECIMEN_CONTENT,5,L].[2025-05-06].,L].[2025-05-06].,,,,,7.5,FALSE,FALSE,AUTO_OR_INHERITED,,FALSE,FALSE,,FALSE,,,BLACK_SPECIMEN_RUN,BLACK_OR_INHERITED,REFERENCE_SPECIMEN_OR_INSTRUCTION,YES,LibreOffice-derived OOXML inspection of hash-verified legacy source; inherited properties remain explicit as such.
HFUT_REF_DOC,P033,MANUSCRIPT_SPECIMEN_CONTENT,6, ,,,,,,INHERITED_OR_UNSET,FALSE,FALSE,AUTO_OR_INHERITED,,FALSE,FALSE,,TRUE, , ,BLACK_SPECIMEN_RUN,BLACK_OR_INHERITED,REFERENCE_SPECIMEN_OR_INSTRUCTION,YES,LibreOffice-derived OOXML inspection of hash-verified legacy source; inherited properties remain explicit as such.
HFUT_REF_DOC,P033,MANUSCRIPT_SPECIMEN_CONTENT,7,https://www.,https://www.,,,,,7.5,FALSE,FALSE,AUTO_OR_INHERITED,,FALSE,FALSE,,FALSE,,,BLACK_SPECIMEN_RUN,BLACK_OR_INHERITED,REFERENCE_SPECIMEN_OR_INSTRUCTION,YES,LibreOffice-derived OOXML inspection of hash-verified legacy source; inherited properties remain explicit as such.
HFUT_REF_DOC,P033,MANUSCRIPT_SPECIMEN_CONTENT,8, ,,,,,,INHERITED_OR_UNSET,FALSE,FALSE,AUTO_OR_INHERITED,,FALSE,FALSE,,TRUE, , ,BLACK_SPECIMEN_RUN,BLACK_OR_INHERITED,REFERENCE_SPECIMEN_OR_INSTRUCTION,YES,LibreOffice-derived OOXML inspection of hash-verified legacy source; inherited properties remain explicit as such.
HFUT_REF_DOC,P033,MANUSCRIPT_SPECIMEN_CONTENT,9,c,c,,,,,7.5,FALSE,FALSE,AUTO_OR_INHERITED,,FALSE,FALSE,,FALSE,,,BLACK_SPECIMEN_RUN,BLACK_OR_INHERITED,REFERENCE_SPECIMEN_OR_INSTRUCTION,YES,LibreOffice-derived OOXML inspection of hash-verified legacy source; inherited properties remain explicit as such.
HFUT_REF_DOC,P033,MANUSCRIPT_SPECIMEN_CONTENT,10,hnmuseum,hnmuseum,,,,,7.5,FALSE,FALSE,AUTO_OR_INHERITED,,FALSE,FALSE,,FALSE,,,BLACK_SPECIMEN_RUN,BLACK_OR_INHERITED,REFERENCE_SPECIMEN_OR_INSTRUCTION,YES,LibreOffice-derived OOXML inspection of hash-verified legacy source; inherited properties remain explicit as such.
HFUT_REF_DOC,P033,MANUSCRIPT_SPECIMEN_CONTENT,11,.,.,,,,,7.5,FALSE,FALSE,AUTO_OR_INHERITED,,FALSE,FALSE,,FALSE,,,BLACK_SPECIMEN_RUN,BLACK_OR_INHERITED,REFERENCE_SPECIMEN_OR_INSTRUCTION,YES,LibreOffice-derived OOXML inspection of hash-verified legacy source; inherited properties remain explicit as such.
HFUT_REF_DOC,P033,MANUSCRIPT_SPECIMEN_CONTENT,12,cn,cn,,,,,7.5,FALSE,FALSE,AUTO_OR_INHERITED,,FALSE,FALSE,,FALSE,,,BLACK_SPECIMEN_RUN,BLACK_OR_INHERITED,REFERENCE_SPECIMEN_OR_INSTRUCTION,YES,LibreOffice-derived OOXML inspection of hash-verified legacy source; inherited properties remain explicit as such.
HFUT_REF_DOC,P033,MANUSCRIPT_SPECIMEN_CONTENT,13,/.,/.,,,,,7.5,FALSE,FALSE,AUTO_OR_INHERITED,,FALSE,FALSE,,FALSE,,,BLACK_SPECIMEN_RUN,BLACK_OR_INHERITED,REFERENCE_SPECIMEN_OR_INSTRUCTION,YES,LibreOffice-derived OOXML inspection of hash-verified legacy source; inherited properties remain explicit as such.
HFUT_REF_DOC,P034,MANUSCRIPT_FORMAT_INSTRUCTION,1,八,八,,,,宋体;SimSun,INHERITED_OR_UNSET,TRUE,FALSE,FF0000,,FALSE,FALSE,,FALSE,,,RED_INSTRUCTION_RUN,RED,RED_INSTRUCTIONAL_ANNOTATION,NO,LibreOffice-derived OOXML inspection of hash-verified legacy source; inherited properties remain explicit as such.
HFUT_REF_DOC,P034,MANUSCRIPT_FORMAT_INSTRUCTION,2, ,,,,Times New Roman,Times New Roman,INHERITED_OR_UNSET,TRUE,FALSE,FF0000,,FALSE,FALSE,,TRUE, , ,RED_INSTRUCTION_RUN,RED,RED_INSTRUCTIONAL_ANNOTATION,NO,LibreOffice-derived OOXML inspection of hash-verified legacy source; inherited properties remain explicit as such.
HFUT_REF_DOC,P034,MANUSCRIPT_FORMAT_INSTRUCTION,3,专利：,专利：,,,,宋体;SimSun,INHERITED_OR_UNSET,TRUE,FALSE,FF0000,,FALSE,FALSE,,FALSE,,,RED_INSTRUCTION_RUN,RED,RED_INSTRUCTIONAL_ANNOTATION,NO,LibreOffice-derived OOXML inspection of hash-verified legacy source; inherited properties remain explicit as such.
HFUT_REF_DOC,P034,MANUSCRIPT_FORMAT_INSTRUCTION,4,[,[,,,,宋体;SimSun,INHERITED_OR_UNSET,TRUE,FALSE,FF0000,,FALSE,FALSE,,FALSE,,,RED_INSTRUCTION_RUN,RED,RED_INSTRUCTIONAL_ANNOTATION,NO,LibreOffice-derived OOXML inspection of hash-verified legacy source; inherited properties remain explicit as such.
HFUT_REF_DOC,P034,MANUSCRIPT_FORMAT_INSTRUCTION,5,序号,序号,,,,宋体;SimSun,INHERITED_OR_UNSET,TRUE,FALSE,FF0000,,FALSE,FALSE,,FALSE,,,RED_INSTRUCTION_RUN,RED,RED_INSTRUCTIONAL_ANNOTATION,NO,LibreOffice-derived OOXML inspection of hash-verified legacy source; inherited properties remain explicit as such.
HFUT_REF_DOC,P034,MANUSCRIPT_FORMAT_INSTRUCTION,6,],],,,,宋体;SimSun,INHERITED_OR_UNSET,TRUE,FALSE,FF0000,,FALSE,FALSE,,FALSE,,,RED_INSTRUCTION_RUN,RED,RED_INSTRUCTIONAL_ANNOTATION,NO,LibreOffice-derived OOXML inspection of hash-verified legacy source; inherited properties remain explicit as such.
HFUT_REF_DOC,P034,MANUSCRIPT_FORMAT_INSTRUCTION,7, ,,,,,宋体;SimSun,INHERITED_OR_UNSET,TRUE,FALSE,FF0000,,FALSE,FALSE,,TRUE, , ,RED_INSTRUCTION_RUN,RED,RED_INSTRUCTIONAL_ANNOTATION,NO,LibreOffice-derived OOXML inspection of hash-verified legacy source; inherited properties remain explicit as such.
HFUT_REF_DOC,P034,MANUSCRIPT_FORMAT_INSTRUCTION,8,专利申请者或所有者,专利申请者或所有者,,,,宋体;SimSun,INHERITED_OR_UNSET,TRUE,FALSE,FF0000,,FALSE,FALSE,,FALSE,,,RED_INSTRUCTION_RUN,RED,RED_INSTRUCTIONAL_ANNOTATION,NO,LibreOffice-derived OOXML inspection of hash-verified legacy source; inherited properties remain explicit as such.
HFUT_REF_DOC,P034,MANUSCRIPT_FORMAT_INSTRUCTION,9,（,（,,,,宋体;SimSun,INHERITED_OR_UNSET,TRUE,FALSE,FF0000,,FALSE,FALSE,,FALSE,,,RED_INSTRUCTION_RUN,RED,RED_INSTRUCTIONAL_ANNOTATION,NO,LibreOffice-derived OOXML inspection of hash-verified legacy source; inherited properties remain explicit as such.
HFUT_REF_DOC,P034,MANUSCRIPT_FORMAT_INSTRUCTION,10,格式要求同期刊,格式要求同期刊,,,,宋体;SimSun,INHERITED_OR_UNSET,TRUE,FALSE,FF0000,,FALSE,FALSE,,FALSE,,,RED_INSTRUCTION_RUN,RED,RED_INSTRUCTIONAL_ANNOTATION,NO,LibreOffice-derived OOXML inspection of hash-verified legacy source; inherited properties remain explicit as such.
HFUT_REF_DOC,P034,MANUSCRIPT_FORMAT_INSTRUCTION,11,）,）,,,,宋体;SimSun,INHERITED_OR_UNSET,TRUE,FALSE,FF0000,,FALSE,FALSE,,FALSE,,,RED_INSTRUCTION_RUN,RED,RED_INSTRUCTIONAL_ANNOTATION,NO,LibreOffice-derived OOXML inspection of hash-verified legacy source; inherited properties remain explicit as such.
HFUT_REF_DOC,P034,MANUSCRIPT_FORMAT_INSTRUCTION,12,. ,.,,,,宋体;SimSun,INHERITED_OR_UNSET,TRUE,FALSE,FF0000,,FALSE,FALSE,,TRUE,, ,RED_INSTRUCTION_RUN,RED,RED_INSTRUCTIONAL_ANNOTATION,NO,LibreOffice-derived OOXML inspection of hash-verified legacy source; inherited properties remain explicit as such.
HFUT_REF_DOC,P034,MANUSCRIPT_FORMAT_INSTRUCTION,13,专利题名：专利编号,专利题名：专利编号,,,,宋体;SimSun,INHERITED_OR_UNSET,TRUE,FALSE,FF0000,,FALSE,FALSE,,FALSE,,,RED_INSTRUCTION_RUN,RED,RED_INSTRUCTIONAL_ANNOTATION,NO,LibreOffice-derived OOXML inspection of hash-verified legacy source; inherited properties remain explicit as such.
HFUT_REF_DOC,P034,MANUSCRIPT_FORMAT_INSTRUCTION,14,[P].,[P].,,,,宋体;SimSun,INHERITED_OR_UNSET,TRUE,FALSE,FF0000,,FALSE,FALSE,,FALSE,,,RED_INSTRUCTION_RUN,RED,RED_INSTRUCTIONAL_ANNOTATION,NO,LibreOffice-derived OOXML inspection of hash-verified legacy source; inherited properties remain explicit as such.
HFUT_REF_DOC,P034,MANUSCRIPT_FORMAT_INSTRUCTION,15,公告日期或公开日期,公告日期或公开日期,,,,宋体;SimSun,INHERITED_OR_UNSET,TRUE,FALSE,FF0000,,FALSE,FALSE,,FALSE,,,RED_INSTRUCTION_RUN,RED,RED_INSTRUCTIONAL_ANNOTATION,NO,LibreOffice-derived OOXML inspection of hash-verified legacy source; inherited properties remain explicit as such.
HFUT_REF_DOC,P034,MANUSCRIPT_FORMAT_INSTRUCTION,16,.,.,,,,宋体;SimSun,INHERITED_OR_UNSET,TRUE,FALSE,FF0000,,FALSE,FALSE,,FALSE,,,RED_INSTRUCTION_RUN,RED,RED_INSTRUCTIONAL_ANNOTATION,NO,LibreOffice-derived OOXML inspection of hash-verified legacy source; inherited properties remain explicit as such.
HFUT_REF_DOC,P035,MANUSCRIPT_FORMAT_INSTRUCTION,1, ,,,,Times New Roman,,7.5,FALSE,FALSE,AUTO_OR_INHERITED,,FALSE,FALSE,,TRUE, , ,BLACK_SPECIMEN_RUN,BLACK_OR_INHERITED,REFERENCE_SPECIMEN_OR_INSTRUCTION,YES,LibreOffice-derived OOXML inspection of hash-verified legacy source; inherited properties remain explicit as such.
HFUT_REF_DOC,P035,MANUSCRIPT_FORMAT_INSTRUCTION,2,[2,[2,,,方正书宋简体;宋体,,7.5,FALSE,FALSE,AUTO_OR_INHERITED,,FALSE,FALSE,,FALSE,,,BLACK_SPECIMEN_RUN,BLACK_OR_INHERITED,REFERENCE_SPECIMEN_OR_INSTRUCTION,YES,LibreOffice-derived OOXML inspection of hash-verified legacy source; inherited properties remain explicit as such.
HFUT_REF_DOC,P035,MANUSCRIPT_FORMAT_INSTRUCTION,3,2,2,,,方正书宋简体;宋体,,7.5,FALSE,FALSE,AUTO_OR_INHERITED,,FALSE,FALSE,,FALSE,,,BLACK_SPECIMEN_RUN,BLACK_OR_INHERITED,REFERENCE_SPECIMEN_OR_INSTRUCTION,YES,LibreOffice-derived OOXML inspection of hash-verified legacy source; inherited properties remain explicit as such.
HFUT_REF_DOC,P035,MANUSCRIPT_FORMAT_INSTRUCTION,4,],],,,方正书宋简体;宋体,,7.5,FALSE,FALSE,AUTO_OR_INHERITED,,FALSE,FALSE,,FALSE,,,BLACK_SPECIMEN_RUN,BLACK_OR_INHERITED,REFERENCE_SPECIMEN_OR_INSTRUCTION,YES,LibreOffice-derived OOXML inspection of hash-verified legacy source; inherited properties remain explicit as such.
HFUT_REF_DOC,P035,MANUSCRIPT_FORMAT_INSTRUCTION,5,姜锡洲,姜锡洲,,,,,7.5,FALSE,FALSE,AUTO_OR_INHERITED,,FALSE,FALSE,,FALSE,,,BLACK_SPECIMEN_RUN,BLACK_OR_INHERITED,REFERENCE_SPECIMEN_OR_INSTRUCTION,YES,LibreOffice-derived OOXML inspection of hash-verified legacy source; inherited properties remain explicit as such.
HFUT_REF_DOC,P035,MANUSCRIPT_FORMAT_INSTRUCTION,6,.,.,,,,,7.5,FALSE,FALSE,AUTO_OR_INHERITED,,FALSE,FALSE,,FALSE,,,BLACK_SPECIMEN_RUN,BLACK_OR_INHERITED,REFERENCE_SPECIMEN_OR_INSTRUCTION,YES,LibreOffice-derived OOXML inspection of hash-verified legacy source; inherited properties remain explicit as such.
HFUT_REF_DOC,P035,MANUSCRIPT_FORMAT_INSTRUCTION,7,一种温热外敷药制备方案,一种温热外敷药制备方案,,,,,7.5,FALSE,FALSE,AUTO_OR_INHERITED,,FALSE,FALSE,,FALSE,,,BLACK_SPECIMEN_RUN,BLACK_OR_INHERITED,REFERENCE_SPECIMEN_OR_INSTRUCTION,YES,LibreOffice-derived OOXML inspection of hash-verified legacy source; inherited properties remain explicit as such.
HFUT_REF_DOC,P035,MANUSCRIPT_FORMAT_INSTRUCTION,8,: 88105607.3[P].1989-07-26.,: 88105607.3[P].1989-07-26.,,,,,7.5,FALSE,FALSE,AUTO_OR_INHERITED,,FALSE,FALSE,,FALSE,,,BLACK_SPECIMEN_RUN,BLACK_OR_INHERITED,REFERENCE_SPECIMEN_OR_INSTRUCTION,YES,LibreOffice-derived OOXML inspection of hash-verified legacy source; inherited properties remain explicit as such.
HFUT_REF_DOC,P036,MANUSCRIPT_FORMAT_INSTRUCTION,1,九,九,,,,宋体;SimSun,INHERITED_OR_UNSET,TRUE,FALSE,FF0000,,FALSE,FALSE,,FALSE,,,RED_INSTRUCTION_RUN,RED,RED_INSTRUCTIONAL_ANNOTATION,NO,LibreOffice-derived OOXML inspection of hash-verified legacy source; inherited properties remain explicit as such.
HFUT_REF_DOC,P036,MANUSCRIPT_FORMAT_INSTRUCTION,2, ,,,,Times New Roman,Times New Roman,INHERITED_OR_UNSET,TRUE,FALSE,FF0000,,FALSE,FALSE,,TRUE, , ,RED_INSTRUCTION_RUN,RED,RED_INSTRUCTIONAL_ANNOTATION,NO,LibreOffice-derived OOXML inspection of hash-verified legacy source; inherited properties remain explicit as such.
HFUT_REF_DOC,P036,MANUSCRIPT_FORMAT_INSTRUCTION,3,报告：,报告：,,,,宋体;SimSun,INHERITED_OR_UNSET,TRUE,FALSE,FF0000,,FALSE,FALSE,,FALSE,,,RED_INSTRUCTION_RUN,RED,RED_INSTRUCTIONAL_ANNOTATION,NO,LibreOffice-derived OOXML inspection of hash-verified legacy source; inherited properties remain explicit as such.
HFUT_REF_DOC,P036,MANUSCRIPT_FORMAT_INSTRUCTION,4,[,[,,,,宋体;SimSun,INHERITED_OR_UNSET,TRUE,FALSE,FF0000,,FALSE,FALSE,,FALSE,,,RED_INSTRUCTION_RUN,RED,RED_INSTRUCTIONAL_ANNOTATION,NO,LibreOffice-derived OOXML inspection of hash-verified legacy source; inherited properties remain explicit as such.
HFUT_REF_DOC,P036,MANUSCRIPT_FORMAT_INSTRUCTION,5,序号,序号,,,,宋体;SimSun,INHERITED_OR_UNSET,TRUE,FALSE,FF0000,,FALSE,FALSE,,FALSE,,,RED_INSTRUCTION_RUN,RED,RED_INSTRUCTIONAL_ANNOTATION,NO,LibreOffice-derived OOXML inspection of hash-verified legacy source; inherited properties remain explicit as such.
HFUT_REF_DOC,P036,MANUSCRIPT_FORMAT_INSTRUCTION,6,],],,,,宋体;SimSun,INHERITED_OR_UNSET,TRUE,FALSE,FF0000,,FALSE,FALSE,,FALSE,,,RED_INSTRUCTION_RUN,RED,RED_INSTRUCTIONAL_ANNOTATION,NO,LibreOffice-derived OOXML inspection of hash-verified legacy source; inherited properties remain explicit as such.
HFUT_REF_DOC,P036,MANUSCRIPT_FORMAT_INSTRUCTION,7, ,,,,,宋体;SimSun,INHERITED_OR_UNSET,TRUE,FALSE,FF0000,,FALSE,FALSE,,TRUE, , ,RED_INSTRUCTION_RUN,RED,RED_INSTRUCTIONAL_ANNOTATION,NO,LibreOffice-derived OOXML inspection of hash-verified legacy source; inherited properties remain explicit as such.
HFUT_REF_DOC,P036,MANUSCRIPT_FORMAT_INSTRUCTION,8,作者,作者,,,,宋体;SimSun,INHERITED_OR_UNSET,TRUE,FALSE,FF0000,,FALSE,FALSE,,FALSE,,,RED_INSTRUCTION_RUN,RED,RED_INSTRUCTIONAL_ANNOTATION,NO,LibreOffice-derived OOXML inspection of hash-verified legacy source; inherited properties remain explicit as such.
HFUT_REF_DOC,P036,MANUSCRIPT_FORMAT_INSTRUCTION,9,(,(,,,,宋体;SimSun,INHERITED_OR_UNSET,TRUE,FALSE,FF0000,,FALSE,FALSE,,FALSE,,,RED_INSTRUCTION_RUN,RED,RED_INSTRUCTIONAL_ANNOTATION,NO,LibreOffice-derived OOXML inspection of hash-verified legacy source; inherited properties remain explicit as such.
HFUT_REF_DOC,P036,MANUSCRIPT_FORMAT_INSTRUCTION,10,格式要求同期刊,格式要求同期刊,,,,宋体;SimSun,INHERITED_OR_UNSET,TRUE,FALSE,FF0000,,FALSE,FALSE,,FALSE,,,RED_INSTRUCTION_RUN,RED,RED_INSTRUCTIONAL_ANNOTATION,NO,LibreOffice-derived OOXML inspection of hash-verified legacy source; inherited properties remain explicit as such.
HFUT_REF_DOC,P036,MANUSCRIPT_FORMAT_INSTRUCTION,11,).,).,,,,宋体;SimSun,INHERITED_OR_UNSET,TRUE,FALSE,FF0000,,FALSE,FALSE,,FALSE,,,RED_INSTRUCTION_RUN,RED,RED_INSTRUCTIONAL_ANNOTATION,NO,LibreOffice-derived OOXML inspection of hash-verified legacy source; inherited properties remain explicit as such.
HFUT_REF_DOC,P036,MANUSCRIPT_FORMAT_INSTRUCTION,12,报告题名,报告题名,,,,宋体;SimSun,INHERITED_OR_UNSET,TRUE,FALSE,FF0000,,FALSE,FALSE,,FALSE,,,RED_INSTRUCTION_RUN,RED,RED_INSTRUCTIONAL_ANNOTATION,NO,LibreOffice-derived OOXML inspection of hash-verified legacy source; inherited properties remain explicit as such.
HFUT_REF_DOC,P036,MANUSCRIPT_FORMAT_INSTRUCTION,13,:,:,,,,宋体;SimSun,INHERITED_OR_UNSET,TRUE,FALSE,FF0000,,FALSE,FALSE,,FALSE,,,RED_INSTRUCTION_RUN,RED,RED_INSTRUCTIONAL_ANNOTATION,NO,LibreOffice-derived OOXML inspection of hash-verified legacy source; inherited properties remain explicit as such.
HFUT_REF_DOC,P036,MANUSCRIPT_FORMAT_INSTRUCTION,14,报告编号,报告编号,,,,宋体;SimSun,INHERITED_OR_UNSET,TRUE,FALSE,FF0000,,FALSE,FALSE,,FALSE,,,RED_INSTRUCTION_RUN,RED,RED_INSTRUCTIONAL_ANNOTATION,NO,LibreOffice-derived OOXML inspection of hash-verified legacy source; inherited properties remain explicit as such.
HFUT_REF_DOC,P036,MANUSCRIPT_FORMAT_INSTRUCTION,15,[R].,[R].,,,,宋体;SimSun,INHERITED_OR_UNSET,TRUE,FALSE,FF0000,,FALSE,FALSE,,FALSE,,,RED_INSTRUCTION_RUN,RED,RED_INSTRUCTIONAL_ANNOTATION,NO,LibreOffice-derived OOXML inspection of hash-verified legacy source; inherited properties remain explicit as such.
HFUT_REF_DOC,P036,MANUSCRIPT_FORMAT_INSTRUCTION,16,出版地：出版者，出版年：引文页码,出版地：出版者，出版年：引文页码,,,,宋体;SimSun,INHERITED_OR_UNSET,TRUE,FALSE,FF0000,,FALSE,FALSE,,FALSE,,,RED_INSTRUCTION_RUN,RED,RED_INSTRUCTIONAL_ANNOTATION,NO,LibreOffice-derived OOXML inspection of hash-verified legacy source; inherited properties remain explicit as such.
HFUT_REF_DOC,P036,MANUSCRIPT_FORMAT_INSTRUCTION,17,.,.,,,,宋体;SimSun,INHERITED_OR_UNSET,TRUE,FALSE,FF0000,,FALSE,FALSE,,FALSE,,,RED_INSTRUCTION_RUN,RED,RED_INSTRUCTIONAL_ANNOTATION,NO,LibreOffice-derived OOXML inspection of hash-verified legacy source; inherited properties remain explicit as such.
HFUT_REF_DOC,P037,MANUSCRIPT_SPECIMEN_CONTENT,1,[,[,,,方正书宋简体;宋体,,7.5,FALSE,FALSE,AUTO_OR_INHERITED,,FALSE,FALSE,,FALSE,,,BLACK_SPECIMEN_RUN,BLACK_OR_INHERITED,REFERENCE_SPECIMEN_OR_INSTRUCTION,YES,LibreOffice-derived OOXML inspection of hash-verified legacy source; inherited properties remain explicit as such.
HFUT_REF_DOC,P037,MANUSCRIPT_SPECIMEN_CONTENT,2,23,23,,,方正书宋简体;宋体,,7.5,FALSE,FALSE,AUTO_OR_INHERITED,,FALSE,FALSE,,FALSE,,,BLACK_SPECIMEN_RUN,BLACK_OR_INHERITED,REFERENCE_SPECIMEN_OR_INSTRUCTION,YES,LibreOffice-derived OOXML inspection of hash-verified legacy source; inherited properties remain explicit as such.
HFUT_REF_DOC,P037,MANUSCRIPT_SPECIMEN_CONTENT,3,] ,],,,方正书宋简体;宋体,,7.5,FALSE,FALSE,AUTO_OR_INHERITED,,FALSE,FALSE,,TRUE,, ,BLACK_SPECIMEN_RUN,BLACK_OR_INHERITED,REFERENCE_SPECIMEN_OR_INSTRUCTION,YES,LibreOffice-derived OOXML inspection of hash-verified legacy source; inherited properties remain explicit as such.
HFUT_REF_DOC,P037,MANUSCRIPT_SPECIMEN_CONTENT,4,U.S. Department of Transportation Federal Highway Administration. Guidelines for handing excavated acid- producing,U.S. Department of Transportation Federal Highway Administration. Guidelines for handing excavated acid- producing,,,方正书宋简体;宋体,,7.5,FALSE,FALSE,AUTO_OR_INHERITED,,FALSE,FALSE,,FALSE,,,BLACK_SPECIMEN_RUN,BLACK_OR_INHERITED,REFERENCE_SPECIMEN_OR_INSTRUCTION,YES,LibreOffice-derived OOXML inspection of hash-verified legacy source; inherited properties remain explicit as such.
HFUT_REF_DOC,P037,MANUSCRIPT_SPECIMEN_CONTENT,5, ,,,,方正书宋简体;宋体,,7.5,FALSE,FALSE,AUTO_OR_INHERITED,,FALSE,FALSE,,TRUE, , ,BLACK_SPECIMEN_RUN,BLACK_OR_INHERITED,REFERENCE_SPECIMEN_OR_INSTRUCTION,YES,LibreOffice-derived OOXML inspection of hash-verified legacy source; inherited properties remain explicit as such.
HFUT_REF_DOC,P037,MANUSCRIPT_SPECIMEN_CONTENT,6,materials: PB 9I-194001[R]. Springfield: U.S. Depart,materials: PB 9I-194001[R]. Springfield: U.S. Depart,,,方正书宋简体;宋体,,7.5,FALSE,FALSE,AUTO_OR_INHERITED,,FALSE,FALSE,,FALSE,,,BLACK_SPECIMEN_RUN,BLACK_OR_INHERITED,REFERENCE_SPECIMEN_OR_INSTRUCTION,YES,LibreOffice-derived OOXML inspection of hash-verified legacy source; inherited properties remain explicit as such.
HFUT_REF_DOC,P037,MANUSCRIPT_SPECIMEN_CONTENT,7,m,m,,,方正书宋简体;宋体,,7.5,FALSE,FALSE,AUTO_OR_INHERITED,,FALSE,FALSE,,FALSE,,,BLACK_SPECIMEN_RUN,BLACK_OR_INHERITED,REFERENCE_SPECIMEN_OR_INSTRUCTION,YES,LibreOffice-derived OOXML inspection of hash-verified legacy source; inherited properties remain explicit as such.
HFUT_REF_DOC,P037,MANUSCRIPT_SPECIMEN_CONTENT,8,"ent of Commerce National Information Service, 1990: 25.","ent of Commerce National Information Service, 1990: 25.",,,方正书宋简体;宋体,,7.5,FALSE,FALSE,AUTO_OR_INHERITED,,FALSE,FALSE,,FALSE,,,BLACK_SPECIMEN_RUN,BLACK_OR_INHERITED,REFERENCE_SPECIMEN_OR_INSTRUCTION,YES,LibreOffice-derived OOXML inspection of hash-verified legacy source; inherited properties remain explicit as such.
HFUT_REF_DOC,P038,MANUSCRIPT_SPECIMEN_CONTENT,1,[,[,,,方正书宋简体;宋体,,7.5,FALSE,FALSE,AUTO_OR_INHERITED,,FALSE,FALSE,,FALSE,,,BLACK_SPECIMEN_RUN,BLACK_OR_INHERITED,REFERENCE_SPECIMEN_OR_INSTRUCTION,YES,LibreOffice-derived OOXML inspection of hash-verified legacy source; inherited properties remain explicit as such.
HFUT_REF_DOC,P038,MANUSCRIPT_SPECIMEN_CONTENT,2,24] ,24],,,方正书宋简体;宋体,,7.5,FALSE,FALSE,AUTO_OR_INHERITED,,FALSE,FALSE,,TRUE,, ,BLACK_SPECIMEN_RUN,BLACK_OR_INHERITED,REFERENCE_SPECIMEN_OR_INSTRUCTION,YES,LibreOffice-derived OOXML inspection of hash-verified legacy source; inherited properties remain explicit as such.
HFUT_REF_DOC,P038,MANUSCRIPT_SPECIMEN_CONTENT,3,中国互联网络信息中心,中国互联网络信息中心,,,方正书宋简体;宋体,,7.5,FALSE,FALSE,AUTO_OR_INHERITED,,FALSE,FALSE,,FALSE,,,BLACK_SPECIMEN_RUN,BLACK_OR_INHERITED,REFERENCE_SPECIMEN_OR_INSTRUCTION,YES,LibreOffice-derived OOXML inspection of hash-verified legacy source; inherited properties remain explicit as such.
HFUT_REF_DOC,P038,MANUSCRIPT_SPECIMEN_CONTENT,4,.,.,,,方正书宋简体;宋体,,7.5,FALSE,FALSE,AUTO_OR_INHERITED,,FALSE,FALSE,,FALSE,,,BLACK_SPECIMEN_RUN,BLACK_OR_INHERITED,REFERENCE_SPECIMEN_OR_INSTRUCTION,YES,LibreOffice-derived OOXML inspection of hash-verified legacy source; inherited properties remain explicit as such.
HFUT_REF_DOC,P038,MANUSCRIPT_SPECIMEN_CONTENT,5,第,第,,,方正书宋简体;宋体,,7.5,FALSE,FALSE,AUTO_OR_INHERITED,,FALSE,FALSE,,FALSE,,,BLACK_SPECIMEN_RUN,BLACK_OR_INHERITED,REFERENCE_SPECIMEN_OR_INSTRUCTION,YES,LibreOffice-derived OOXML inspection of hash-verified legacy source; inherited properties remain explicit as such.
HFUT_REF_DOC,P038,MANUSCRIPT_SPECIMEN_CONTENT,6,2,2,,,方正书宋简体;宋体,,7.5,FALSE,FALSE,AUTO_OR_INHERITED,,FALSE,FALSE,,FALSE,,,BLACK_SPECIMEN_RUN,BLACK_OR_INHERITED,REFERENCE_SPECIMEN_OR_INSTRUCTION,YES,LibreOffice-derived OOXML inspection of hash-verified legacy source; inherited properties remain explicit as such.
HFUT_REF_DOC,P038,MANUSCRIPT_SPECIMEN_CONTENT,7,9,9,,,方正书宋简体;宋体,,7.5,FALSE,FALSE,AUTO_OR_INHERITED,,FALSE,FALSE,,FALSE,,,BLACK_SPECIMEN_RUN,BLACK_OR_INHERITED,REFERENCE_SPECIMEN_OR_INSTRUCTION,YES,LibreOffice-derived OOXML inspection of hash-verified legacy source; inherited properties remain explicit as such.
HFUT_REF_DOC,P038,MANUSCRIPT_SPECIMEN_CONTENT,8,次中国互联网络发展状况统,次中国互联网络发展状况统,,,方正书宋简体;宋体,,7.5,FALSE,FALSE,AUTO_OR_INHERITED,,FALSE,FALSE,,FALSE,,,BLACK_SPECIMEN_RUN,BLACK_OR_INHERITED,REFERENCE_SPECIMEN_OR_INSTRUCTION,YES,LibreOffice-derived OOXML inspection of hash-verified legacy source; inherited properties remain explicit as such.
HFUT_REF_DOC,P038,MANUSCRIPT_SPECIMEN_CONTENT,9,计报告,计报告,,,方正书宋简体;宋体,,7.5,FALSE,FALSE,AUTO_OR_INHERITED,,FALSE,FALSE,,FALSE,,,BLACK_SPECIMEN_RUN,BLACK_OR_INHERITED,REFERENCE_SPECIMEN_OR_INSTRUCTION,YES,LibreOffice-derived OOXML inspection of hash-verified legacy source; inherited properties remain explicit as such.
HFUT_REF_DOC,P038,MANUSCRIPT_SPECIMEN_CONTENT,10,[R/OL].2012-01-16. http://www.cnnic.net.cn/NMediaFile/,[R/OL].2012-01-16. http://www.cnnic.net.cn/NMediaFile/,,,方正书宋简体;宋体,,7.5,FALSE,FALSE,AUTO_OR_INHERITED,,FALSE,FALSE,,FALSE,,,BLACK_SPECIMEN_RUN,BLACK_OR_INHERITED,REFERENCE_SPECIMEN_OR_INSTRUCTION,YES,LibreOffice-derived OOXML inspection of hash-verified legacy source; inherited properties remain explicit as such.
HFUT_REF_DOC,P038,MANUSCRIPT_SPECIMEN_CONTENT,11, ,,,,方正书宋简体;宋体,,7.5,FALSE,FALSE,AUTO_OR_INHERITED,,FALSE,FALSE,,TRUE, , ,BLACK_SPECIMEN_RUN,BLACK_OR_INHERITED,REFERENCE_SPECIMEN_OR_INSTRUCTION,YES,LibreOffice-derived OOXML inspection of hash-verified legacy source; inherited properties remain explicit as such.
HFUT_REF_DOC,P038,MANUSCRIPT_SPECIMEN_CONTENT,12,old_attach/P020120612484958777344.pdf.,old_attach/P020120612484958777344.pdf.,,,方正书宋简体;宋体,,7.5,FALSE,FALSE,AUTO_OR_INHERITED,,FALSE,FALSE,,FALSE,,,BLACK_SPECIMEN_RUN,BLACK_OR_INHERITED,REFERENCE_SPECIMEN_OR_INSTRUCTION,YES,LibreOffice-derived OOXML inspection of hash-verified legacy source; inherited properties remain explicit as such.
HFUT_REF_DOC,P039,MANUSCRIPT_FORMAT_INSTRUCTION,1,十,十,,,,宋体;SimSun,INHERITED_OR_UNSET,TRUE,FALSE,FF0000,,FALSE,FALSE,,FALSE,,,RED_INSTRUCTION_RUN,RED,RED_INSTRUCTIONAL_ANNOTATION,NO,LibreOffice-derived OOXML inspection of hash-verified legacy source; inherited properties remain explicit as such.
HFUT_REF_DOC,P039,MANUSCRIPT_FORMAT_INSTRUCTION,2, ,,,,Times New Roman,Times New Roman,INHERITED_OR_UNSET,TRUE,FALSE,FF0000,,FALSE,FALSE,,TRUE, , ,RED_INSTRUCTION_RUN,RED,RED_INSTRUCTIONAL_ANNOTATION,NO,LibreOffice-derived OOXML inspection of hash-verified legacy source; inherited properties remain explicit as such.
HFUT_REF_DOC,P039,MANUSCRIPT_FORMAT_INSTRUCTION,3,地图：,地图：,,,,宋体;SimSun,INHERITED_OR_UNSET,TRUE,FALSE,FF0000,,FALSE,FALSE,,FALSE,,,RED_INSTRUCTION_RUN,RED,RED_INSTRUCTIONAL_ANNOTATION,NO,LibreOffice-derived OOXML inspection of hash-verified legacy source; inherited properties remain explicit as such.
HFUT_REF_DOC,P039,MANUSCRIPT_FORMAT_INSTRUCTION,4,[,[,,,,宋体;SimSun,INHERITED_OR_UNSET,TRUE,FALSE,FF0000,,FALSE,FALSE,,FALSE,,,RED_INSTRUCTION_RUN,RED,RED_INSTRUCTIONAL_ANNOTATION,NO,LibreOffice-derived OOXML inspection of hash-verified legacy source; inherited properties remain explicit as such.
HFUT_REF_DOC,P039,MANUSCRIPT_FORMAT_INSTRUCTION,5,序号,序号,,,,宋体;SimSun,INHERITED_OR_UNSET,TRUE,FALSE,FF0000,,FALSE,FALSE,,FALSE,,,RED_INSTRUCTION_RUN,RED,RED_INSTRUCTIONAL_ANNOTATION,NO,LibreOffice-derived OOXML inspection of hash-verified legacy source; inherited properties remain explicit as such.
HFUT_REF_DOC,P039,MANUSCRIPT_FORMAT_INSTRUCTION,6,] ,],,,,宋体;SimSun,INHERITED_OR_UNSET,TRUE,FALSE,FF0000,,FALSE,FALSE,,TRUE,, ,RED_INSTRUCTION_RUN,RED,RED_INSTRUCTIONAL_ANNOTATION,NO,LibreOffice-derived OOXML inspection of hash-verified legacy source; inherited properties remain explicit as such.
HFUT_REF_DOC,P039,MANUSCRIPT_FORMAT_INSTRUCTION,7,主要责任者,主要责任者,,,,宋体;SimSun,INHERITED_OR_UNSET,TRUE,FALSE,FF0000,,FALSE,FALSE,,FALSE,,,RED_INSTRUCTION_RUN,RED,RED_INSTRUCTIONAL_ANNOTATION,NO,LibreOffice-derived OOXML inspection of hash-verified legacy source; inherited properties remain explicit as such.
HFUT_REF_DOC,P039,MANUSCRIPT_FORMAT_INSTRUCTION,8,.,.,,,,宋体;SimSun,INHERITED_OR_UNSET,TRUE,FALSE,FF0000,,FALSE,FALSE,,FALSE,,,RED_INSTRUCTION_RUN,RED,RED_INSTRUCTIONAL_ANNOTATION,NO,LibreOffice-derived OOXML inspection of hash-verified legacy source; inherited properties remain explicit as such.
HFUT_REF_DOC,P039,MANUSCRIPT_FORMAT_INSTRUCTION,9,题名,题名,,,,宋体;SimSun,INHERITED_OR_UNSET,TRUE,FALSE,FF0000,,FALSE,FALSE,,FALSE,,,RED_INSTRUCTION_RUN,RED,RED_INSTRUCTIONAL_ANNOTATION,NO,LibreOffice-derived OOXML inspection of hash-verified legacy source; inherited properties remain explicit as such.
HFUT_REF_DOC,P039,MANUSCRIPT_FORMAT_INSTRUCTION,10,.,.,,,,宋体;SimSun,INHERITED_OR_UNSET,TRUE,FALSE,FF0000,,FALSE,FALSE,,FALSE,,,RED_INSTRUCTION_RUN,RED,RED_INSTRUCTIONAL_ANNOTATION,NO,LibreOffice-derived OOXML inspection of hash-verified legacy source; inherited properties remain explicit as such.
HFUT_REF_DOC,P039,MANUSCRIPT_FORMAT_INSTRUCTION,11,比例尺,比例尺,,,,宋体;SimSun,INHERITED_OR_UNSET,TRUE,FALSE,FF0000,,FALSE,FALSE,,FALSE,,,RED_INSTRUCTION_RUN,RED,RED_INSTRUCTIONAL_ANNOTATION,NO,LibreOffice-derived OOXML inspection of hash-verified legacy source; inherited properties remain explicit as such.
HFUT_REF_DOC,P039,MANUSCRIPT_FORMAT_INSTRUCTION,12,[C,[C,,,,宋体;SimSun,INHERITED_OR_UNSET,TRUE,FALSE,FF0000,,FALSE,FALSE,,FALSE,,,RED_INSTRUCTION_RUN,RED,RED_INSTRUCTIONAL_ANNOTATION,NO,LibreOffice-derived OOXML inspection of hash-verified legacy source; inherited properties remain explicit as such.
HFUT_REF_DOC,P039,MANUSCRIPT_FORMAT_INSTRUCTION,13,M,M,,,,宋体;SimSun,INHERITED_OR_UNSET,TRUE,FALSE,FF0000,,FALSE,FALSE,,FALSE,,,RED_INSTRUCTION_RUN,RED,RED_INSTRUCTIONAL_ANNOTATION,NO,LibreOffice-derived OOXML inspection of hash-verified legacy source; inherited properties remain explicit as such.
HFUT_REF_DOC,P039,MANUSCRIPT_FORMAT_INSTRUCTION,14,].,].,,,,宋体;SimSun,INHERITED_OR_UNSET,TRUE,FALSE,FF0000,,FALSE,FALSE,,FALSE,,,RED_INSTRUCTION_RUN,RED,RED_INSTRUCTIONAL_ANNOTATION,NO,LibreOffice-derived OOXML inspection of hash-verified legacy source; inherited properties remain explicit as such.
HFUT_REF_DOC,P039,MANUSCRIPT_FORMAT_INSTRUCTION,15,版本,版本,,,,宋体;SimSun,INHERITED_OR_UNSET,TRUE,FALSE,FF0000,,FALSE,FALSE,,FALSE,,,RED_INSTRUCTION_RUN,RED,RED_INSTRUCTIONAL_ANNOTATION,NO,LibreOffice-derived OOXML inspection of hash-verified legacy source; inherited properties remain explicit as such.
HFUT_REF_DOC,P039,MANUSCRIPT_FORMAT_INSTRUCTION,16,.,.,,,,宋体;SimSun,INHERITED_OR_UNSET,TRUE,FALSE,FF0000,,FALSE,FALSE,,FALSE,,,RED_INSTRUCTION_RUN,RED,RED_INSTRUCTIONAL_ANNOTATION,NO,LibreOffice-derived OOXML inspection of hash-verified legacy source; inherited properties remain explicit as such.
HFUT_REF_DOC,P039,MANUSCRIPT_FORMAT_INSTRUCTION,17,出版地,出版地,,,,宋体;SimSun,INHERITED_OR_UNSET,TRUE,FALSE,FF0000,,FALSE,FALSE,,FALSE,,,RED_INSTRUCTION_RUN,RED,RED_INSTRUCTIONAL_ANNOTATION,NO,LibreOffice-derived OOXML inspection of hash-verified legacy source; inherited properties remain explicit as such.
HFUT_REF_DOC,P039,MANUSCRIPT_FORMAT_INSTRUCTION,18,:,:,,,,宋体;SimSun,INHERITED_OR_UNSET,TRUE,FALSE,FF0000,,FALSE,FALSE,,FALSE,,,RED_INSTRUCTION_RUN,RED,RED_INSTRUCTIONAL_ANNOTATION,NO,LibreOffice-derived OOXML inspection of hash-verified legacy source; inherited properties remain explicit as such.
HFUT_REF_DOC,P039,MANUSCRIPT_FORMAT_INSTRUCTION,19,出版者，出版年,出版者，出版年,,,,宋体;SimSun,INHERITED_OR_UNSET,TRUE,FALSE,FF0000,,FALSE,FALSE,,FALSE,,,RED_INSTRUCTION_RUN,RED,RED_INSTRUCTIONAL_ANNOTATION,NO,LibreOffice-derived OOXML inspection of hash-verified legacy source; inherited properties remain explicit as such.
HFUT_REF_DOC,P039,MANUSCRIPT_FORMAT_INSTRUCTION,20,.,.,,,,宋体;SimSun,INHERITED_OR_UNSET,TRUE,FALSE,FF0000,,FALSE,FALSE,,FALSE,,,RED_INSTRUCTION_RUN,RED,RED_INSTRUCTIONAL_ANNOTATION,NO,LibreOffice-derived OOXML inspection of hash-verified legacy source; inherited properties remain explicit as such.
HFUT_REF_DOC,P039,MANUSCRIPT_FORMAT_INSTRUCTION,21,尺寸,尺寸,,,,宋体;SimSun,INHERITED_OR_UNSET,TRUE,FALSE,FF0000,,FALSE,FALSE,,FALSE,,,RED_INSTRUCTION_RUN,RED,RED_INSTRUCTIONAL_ANNOTATION,NO,LibreOffice-derived OOXML inspection of hash-verified legacy source; inherited properties remain explicit as such.
HFUT_REF_DOC,P039,MANUSCRIPT_FORMAT_INSTRUCTION,22,.,.,,,,宋体;SimSun,INHERITED_OR_UNSET,TRUE,FALSE,FF0000,,FALSE,FALSE,,FALSE,,,RED_INSTRUCTION_RUN,RED,RED_INSTRUCTIONAL_ANNOTATION,NO,LibreOffice-derived OOXML inspection of hash-verified legacy source; inherited properties remain explicit as such.
HFUT_REF_DOC,P039,MANUSCRIPT_FORMAT_INSTRUCTION,23,获取和访问路径,获取和访问路径,,,,宋体;SimSun,INHERITED_OR_UNSET,TRUE,FALSE,FF0000,,FALSE,FALSE,,FALSE,,,RED_INSTRUCTION_RUN,RED,RED_INSTRUCTIONAL_ANNOTATION,NO,LibreOffice-derived OOXML inspection of hash-verified legacy source; inherited properties remain explicit as such.
HFUT_REF_DOC,P039,MANUSCRIPT_FORMAT_INSTRUCTION,24,.,.,,,,宋体;SimSun,INHERITED_OR_UNSET,TRUE,FALSE,FF0000,,FALSE,FALSE,,FALSE,,,RED_INSTRUCTION_RUN,RED,RED_INSTRUCTIONAL_ANNOTATION,NO,LibreOffice-derived OOXML inspection of hash-verified legacy source; inherited properties remain explicit as such.
HFUT_REF_DOC,P040,MANUSCRIPT_SPECIMEN_CONTENT,1,[,[,,,方正书宋简体;宋体,,7.5,FALSE,FALSE,AUTO_OR_INHERITED,,FALSE,FALSE,,FALSE,,,BLACK_SPECIMEN_RUN,BLACK_OR_INHERITED,REFERENCE_SPECIMEN_OR_INSTRUCTION,YES,LibreOffice-derived OOXML inspection of hash-verified legacy source; inherited properties remain explicit as such.
HFUT_REF_DOC,P040,MANUSCRIPT_SPECIMEN_CONTENT,2,25,25,,,方正书宋简体;宋体,,7.5,FALSE,FALSE,AUTO_OR_INHERITED,,FALSE,FALSE,,FALSE,,,BLACK_SPECIMEN_RUN,BLACK_OR_INHERITED,REFERENCE_SPECIMEN_OR_INSTRUCTION,YES,LibreOffice-derived OOXML inspection of hash-verified legacy source; inherited properties remain explicit as such.
HFUT_REF_DOC,P040,MANUSCRIPT_SPECIMEN_CONTENT,3,] ,],,,方正书宋简体;宋体,,7.5,FALSE,FALSE,AUTO_OR_INHERITED,,FALSE,FALSE,,TRUE,, ,BLACK_SPECIMEN_RUN,BLACK_OR_INHERITED,REFERENCE_SPECIMEN_OR_INSTRUCTION,YES,LibreOffice-derived OOXML inspection of hash-verified legacy source; inherited properties remain explicit as such.
HFUT_REF_DOC,P040,MANUSCRIPT_SPECIMEN_CONTENT,4,胡健民,胡健民,,,方正书宋简体;宋体,,7.5,FALSE,FALSE,AUTO_OR_INHERITED,,FALSE,FALSE,,FALSE,,,BLACK_SPECIMEN_RUN,BLACK_OR_INHERITED,REFERENCE_SPECIMEN_OR_INSTRUCTION,YES,LibreOffice-derived OOXML inspection of hash-verified legacy source; inherited properties remain explicit as such.
HFUT_REF_DOC,P040,MANUSCRIPT_SPECIMEN_CONTENT,5,.,.,,,方正书宋简体;宋体,,7.5,FALSE,FALSE,AUTO_OR_INHERITED,,FALSE,FALSE,,FALSE,,,BLACK_SPECIMEN_RUN,BLACK_OR_INHERITED,REFERENCE_SPECIMEN_OR_INSTRUCTION,YES,LibreOffice-derived OOXML inspection of hash-verified legacy source; inherited properties remain explicit as such.
HFUT_REF_DOC,P040,MANUSCRIPT_SPECIMEN_CONTENT,6,东南极拉斯曼丘陵地区地质图,东南极拉斯曼丘陵地区地质图,,,方正书宋简体;宋体,,7.5,FALSE,FALSE,AUTO_OR_INHERITED,,FALSE,FALSE,,FALSE,,,BLACK_SPECIMEN_RUN,BLACK_OR_INHERITED,REFERENCE_SPECIMEN_OR_INSTRUCTION,YES,LibreOffice-derived OOXML inspection of hash-verified legacy source; inherited properties remain explicit as such.
HFUT_REF_DOC,P040,MANUSCRIPT_SPECIMEN_CONTENT,7,.1:25 000[CM].,.1:25 000[CM].,,,方正书宋简体;宋体,,7.5,FALSE,FALSE,AUTO_OR_INHERITED,,FALSE,FALSE,,FALSE,,,BLACK_SPECIMEN_RUN,BLACK_OR_INHERITED,REFERENCE_SPECIMEN_OR_INSTRUCTION,YES,LibreOffice-derived OOXML inspection of hash-verified legacy source; inherited properties remain explicit as such.
HFUT_REF_DOC,P040,MANUSCRIPT_SPECIMEN_CONTENT,8,北京,北京,,,方正书宋简体;宋体,,7.5,FALSE,FALSE,AUTO_OR_INHERITED,,FALSE,FALSE,,FALSE,,,BLACK_SPECIMEN_RUN,BLACK_OR_INHERITED,REFERENCE_SPECIMEN_OR_INSTRUCTION,YES,LibreOffice-derived OOXML inspection of hash-verified legacy source; inherited properties remain explicit as such.
HFUT_REF_DOC,P040,MANUSCRIPT_SPECIMEN_CONTENT,9,:,:,,,方正书宋简体;宋体,,7.5,FALSE,FALSE,AUTO_OR_INHERITED,,FALSE,FALSE,,FALSE,,,BLACK_SPECIMEN_RUN,BLACK_OR_INHERITED,REFERENCE_SPECIMEN_OR_INSTRUCTION,YES,LibreOffice-derived OOXML inspection of hash-verified legacy source; inherited properties remain explicit as such.
HFUT_REF_DOC,P040,MANUSCRIPT_SPECIMEN_CONTENT,10,科学出版社,科学出版社,,,方正书宋简体;宋体,,7.5,FALSE,FALSE,AUTO_OR_INHERITED,,FALSE,FALSE,,FALSE,,,BLACK_SPECIMEN_RUN,BLACK_OR_INHERITED,REFERENCE_SPECIMEN_OR_INSTRUCTION,YES,LibreOffice-derived OOXML inspection of hash-verified legacy source; inherited properties remain explicit as such.
HFUT_REF_DOC,P040,MANUSCRIPT_SPECIMEN_CONTENT,11,",2021.128 cm×84 cm.",",2021.128 cm×84 cm.",,,方正书宋简体;宋体,,7.5,FALSE,FALSE,AUTO_OR_INHERITED,,FALSE,FALSE,,FALSE,,,BLACK_SPECIMEN_RUN,BLACK_OR_INHERITED,REFERENCE_SPECIMEN_OR_INSTRUCTION,YES,LibreOffice-derived OOXML inspection of hash-verified legacy source; inherited properties remain explicit as such.
HFUT_REF_DOC,P041,MANUSCRIPT_SPECIMEN_CONTENT,1,[,[,,,方正书宋简体;宋体,,7.5,FALSE,FALSE,AUTO_OR_INHERITED,,FALSE,FALSE,,FALSE,,,BLACK_SPECIMEN_RUN,BLACK_OR_INHERITED,REFERENCE_SPECIMEN_OR_INSTRUCTION,YES,LibreOffice-derived OOXML inspection of hash-verified legacy source; inherited properties remain explicit as such.
HFUT_REF_DOC,P041,MANUSCRIPT_SPECIMEN_CONTENT,2,26] ,26],,,方正书宋简体;宋体,,7.5,FALSE,FALSE,AUTO_OR_INHERITED,,FALSE,FALSE,,TRUE,, ,BLACK_SPECIMEN_RUN,BLACK_OR_INHERITED,REFERENCE_SPECIMEN_OR_INSTRUCTION,YES,LibreOffice-derived OOXML inspection of hash-verified legacy source; inherited properties remain explicit as such.
HFUT_REF_DOC,P041,MANUSCRIPT_SPECIMEN_CONTENT,3,国家测绘地理信息局,国家测绘地理信息局,,,方正书宋简体;宋体,,7.5,FALSE,FALSE,AUTO_OR_INHERITED,,FALSE,FALSE,,FALSE,,,BLACK_SPECIMEN_RUN,BLACK_OR_INHERITED,REFERENCE_SPECIMEN_OR_INSTRUCTION,YES,LibreOffice-derived OOXML inspection of hash-verified legacy source; inherited properties remain explicit as such.
HFUT_REF_DOC,P041,MANUSCRIPT_SPECIMEN_CONTENT,4,. ,.,,,方正书宋简体;宋体,,7.5,FALSE,FALSE,AUTO_OR_INHERITED,,FALSE,FALSE,,TRUE,, ,BLACK_SPECIMEN_RUN,BLACK_OR_INHERITED,REFERENCE_SPECIMEN_OR_INSTRUCTION,YES,LibreOffice-derived OOXML inspection of hash-verified legacy source; inherited properties remain explicit as such.
HFUT_REF_DOC,P041,MANUSCRIPT_SPECIMEN_CONTENT,5,一带一路经济走廊及其途经城市分,一带一路经济走廊及其途经城市分,,,方正书宋简体;宋体,,7.5,FALSE,FALSE,AUTO_OR_INHERITED,,FALSE,FALSE,,FALSE,,,BLACK_SPECIMEN_RUN,BLACK_OR_INHERITED,REFERENCE_SPECIMEN_OR_INSTRUCTION,YES,LibreOffice-derived OOXML inspection of hash-verified legacy source; inherited properties remain explicit as such.
HFUT_REF_DOC,P041,MANUSCRIPT_SPECIMEN_CONTENT,6,布地势图,布地势图,,,方正书宋简体;宋体,,7.5,FALSE,FALSE,AUTO_OR_INHERITED,,FALSE,FALSE,,FALSE,,,BLACK_SPECIMEN_RUN,BLACK_OR_INHERITED,REFERENCE_SPECIMEN_OR_INSTRUCTION,YES,LibreOffice-derived OOXML inspection of hash-verified legacy source; inherited properties remain explicit as such.
HFUT_REF_DOC,P041,MANUSCRIPT_SPECIMEN_CONTENT,7,[CM/,[CM/,,,方正书宋简体;宋体,,7.5,FALSE,FALSE,AUTO_OR_INHERITED,,FALSE,FALSE,,FALSE,,,BLACK_SPECIMEN_RUN,BLACK_OR_INHERITED,REFERENCE_SPECIMEN_OR_INSTRUCTION,YES,LibreOffice-derived OOXML inspection of hash-verified legacy source; inherited properties remain explicit as such.
HFUT_REF_DOC,P041,MANUSCRIPT_SPECIMEN_CONTENT,8,O,O,,,方正书宋简体;宋体,,7.5,FALSE,FALSE,AUTO_OR_INHERITED,,FALSE,FALSE,,FALSE,,,BLACK_SPECIMEN_RUN,BLACK_OR_INHERITED,REFERENCE_SPECIMEN_OR_INSTRUCTION,YES,LibreOffice-derived OOXML inspection of hash-verified legacy source; inherited properties remain explicit as such.
HFUT_REF_DOC,P041,MANUSCRIPT_SPECIMEN_CONTENT,9,L].http://ydy.china.com.cn/2016-10/27/,L].http://ydy.china.com.cn/2016-10/27/,,,方正书宋简体;宋体,,7.5,FALSE,FALSE,AUTO_OR_INHERITED,,FALSE,FALSE,,FALSE,,,BLACK_SPECIMEN_RUN,BLACK_OR_INHERITED,REFERENCE_SPECIMEN_OR_INSTRUCTION,YES,LibreOffice-derived OOXML inspection of hash-verified legacy source; inherited properties remain explicit as such.
HFUT_REF_DOC,P042,MANUSCRIPT_FORMAT_INSTRUCTION,1,content_,content_,,,方正书宋简体;宋体,,7.5,FALSE,FALSE,AUTO_OR_INHERITED,,FALSE,FALSE,,FALSE,,,BLACK_SPECIMEN_RUN,BLACK_OR_INHERITED,REFERENCE_SPECIMEN_OR_INSTRUCTION,YES,LibreOffice-derived OOXML inspection of hash-verified legacy source; inherited properties remain explicit as such.
HFUT_REF_DOC,P042,MANUSCRIPT_FORMAT_INSTRUCTION,2,39582227.htm.,39582227.htm.,,,方正书宋简体;宋体,,7.5,FALSE,FALSE,AUTO_OR_INHERITED,,FALSE,FALSE,,FALSE,,,BLACK_SPECIMEN_RUN,BLACK_OR_INHERITED,REFERENCE_SPECIMEN_OR_INSTRUCTION,YES,LibreOffice-derived OOXML inspection of hash-verified legacy source; inherited properties remain explicit as such.
