source_id,source_filename,source_object_id,page,paragraph/table/object_locator,object_type,visible_text,instruction_color/status,explicit_requirement,observed_format,font_cn,font_latin,font_size_name,font_size_pt,bold,italic,alignment,left_indent,right_indent,first_line_indent,hanging_indent,line_spacing,spacing_before,spacing_after,keepNext,keepLines,pageBreakBefore,border_top,border_bottom,border_left,border_right,border_insideH,border_insideV,width,height,section_columns,column_gap,footer/header,status,literal,punctuation/grouping,authority_class,applies_to_current_manuscript,current_template_value,current_output_value,match_status,remediation_required,automatic_or_manual,notes
HFUT_FMT_DOC,《合肥工业大学学报（自然科学版）》排版格式及相关要求.doc,HFUT_FMT_DOC-P001,LO_DERIVED_PAGE_NOT_STABLE,body paragraph 1,paragraph/run_group,排版格式及相关要求（标题不超过20字）,BLACK_OR_INHERITED,Main manuscript format or front-matter rule.,LibreOffice DOC→DOCX derived OOXML inspection,,宋体;SimSun,SOURCE_TEXT_OR_RUN_INSPECTION,22.0,YES,NO,center,,,,,:,,,NO,NO,NO,,,,,,,,,,,,,,,TEXT_RULE_GENERAL,YES,See Phase7.1 style matrix,See Phase7.1 crosswalk,CLASSIFIED,SEE_CROSSWALK,AUTOMATIC,Stable object locator; page needs Word Desktop only if visual pagination is material.
HFUT_FMT_DOC,《合肥工业大学学报（自然科学版）》排版格式及相关要求.doc,HFUT_FMT_DOC-P002,LO_DERIVED_PAGE_NOT_STABLE,body paragraph 2,paragraph/run_group,张光明1，李  四2,BLACK_OR_INHERITED,Main manuscript format or front-matter rule.,LibreOffice DOC→DOCX derived OOXML inspection,楷体_GB2312;楷体,,SOURCE_TEXT_OR_RUN_INSPECTION,14.0,NO,NO,center,,,,,:,,,NO,NO,NO,,,,,,,,,,,,,,,TEXT_RULE_GENERAL,YES,See Phase7.1 style matrix,See Phase7.1 crosswalk,CLASSIFIED,SEE_CROSSWALK,AUTOMATIC,Stable object locator; page needs Word Desktop only if visual pagination is material.
HFUT_FMT_DOC,《合肥工业大学学报（自然科学版）》排版格式及相关要求.doc,HFUT_FMT_DOC-P003,LO_DERIVED_PAGE_NOT_STABLE,body paragraph 3,paragraph/run_group,(1.合肥工业大学 土木与水利工程学院，安徽 合肥 230009；2.合肥工业大学 资源与环境工程学院，安徽 合肥  230009)（给出二级单位，省、市、邮编）,BLACK_OR_INHERITED,Main manuscript format or front-matter rule.,LibreOffice DOC→DOCX derived OOXML inspection,,,SOURCE_TEXT_OR_RUN_INSPECTION,7.5,NO,NO,,,,,,:,,,NO,NO,NO,,,,,,,,,,,,,,,TEXT_RULE_GENERAL,YES,See Phase7.1 style matrix,See Phase7.1 crosswalk,CLASSIFIED,SEE_CROSSWALK,AUTOMATIC,Stable object locator; page needs Word Desktop only if visual pagination is material.
HFUT_FMT_DOC,《合肥工业大学学报（自然科学版）》排版格式及相关要求.doc,HFUT_FMT_DOC-P004,LO_DERIVED_PAGE_NOT_STABLE,body paragraph 4,paragraph/run_group,"摘  要（小5黑体）：采用第三人称写法，阐明研究的目的、方法、结果、结论，以300字左右为宜；第一次出现缩略语需要提供中英文全称，如支持向量机（support vector machine，SVM）；避免出现图、表以及参考文献的序号。（小5宋,行距14磅）",BLACK_OR_INHERITED,Main manuscript format or front-matter rule.,LibreOffice DOC→DOCX derived OOXML inspection,黑体;SimHei,黑体;SimHei,SOURCE_TEXT_OR_RUN_INSPECTION,9.0,NO,NO,,420,295,,0,exact:280,,,NO,NO,NO,,,,,,,,,,,,,,,TEXT_RULE_GENERAL,YES,See Phase7.1 style matrix,See Phase7.1 crosswalk,CLASSIFIED,SEE_CROSSWALK,AUTOMATIC,Stable object locator; page needs Word Desktop only if visual pagination is material.
HFUT_FMT_DOC,《合肥工业大学学报（自然科学版）》排版格式及相关要求.doc,HFUT_FMT_DOC-P005,LO_DERIVED_PAGE_NOT_STABLE,body paragraph 5,paragraph/run_group,关键词（小5黑体）：缩略语；支持向量机（SVM）（小5宋，选词要规范，避免泛词，如“评价”）,BLACK_OR_INHERITED,Main manuscript format or front-matter rule.,LibreOffice DOC→DOCX derived OOXML inspection,黑体;SimHei,黑体;SimHei,SOURCE_TEXT_OR_RUN_INSPECTION,9.0,NO,NO,,420,293,,0,:,,,NO,NO,NO,,,,,,,,,,,,,,,TEXT_RULE_GENERAL,YES,See Phase7.1 style matrix,See Phase7.1 crosswalk,CLASSIFIED,SEE_CROSSWALK,AUTOMATIC,Stable object locator; page needs Word Desktop only if visual pagination is material.
HFUT_FMT_DOC,《合肥工业大学学报（自然科学版）》排版格式及相关要求.doc,HFUT_FMT_DOC-P006,LO_DERIVED_PAGE_NOT_STABLE,body paragraph 6,paragraph/run_group,中图分类号：TU 411.01(必填，可http://www.ztflh.com查询)   文献标识码：A,BLACK_OR_INHERITED,Main manuscript format or front-matter rule.,LibreOffice DOC→DOCX derived OOXML inspection,黑体;SimHei,黑体;SimHei,SOURCE_TEXT_OR_RUN_INSPECTION,9.0,NO,NO,,420,293,,0,:,,,NO,NO,NO,,,,,,,,,,,,,,,TEXT_RULE_GENERAL,YES,See Phase7.1 style matrix,See Phase7.1 crosswalk,CLASSIFIED,SEE_CROSSWALK,AUTOMATIC,Stable object locator; page needs Word Desktop only if visual pagination is material.
HFUT_FMT_DOC,《合肥工业大学学报（自然科学版）》排版格式及相关要求.doc,HFUT_FMT_DOC-P007,LO_DERIVED_PAGE_NOT_STABLE,body paragraph 7,paragraph/run_group,Review suggestion to technical paper（句首字母和专有名词大写）,BLACK_OR_INHERITED,Main manuscript format or front-matter rule.,LibreOffice DOC→DOCX derived OOXML inspection,,,SOURCE_TEXT_OR_RUN_INSPECTION,14.0,YES,NO,center,,,,,:,,,NO,NO,NO,,,,,,,,,,,,,,,TEXT_RULE_GENERAL,YES,See Phase7.1 style matrix,See Phase7.1 crosswalk,CLASSIFIED,SEE_CROSSWALK,AUTOMATIC,Stable object locator; page needs Word Desktop only if visual pagination is material.
HFUT_FMT_DOC,《合肥工业大学学报（自然科学版）》排版格式及相关要求.doc,HFUT_FMT_DOC-P008,LO_DERIVED_PAGE_NOT_STABLE,body paragraph 8,paragraph/run_group,ZHANG Guangming1， LI Si2(姓全大写，名首字母大写),BLACK_OR_INHERITED,Main manuscript format or front-matter rule.,LibreOffice DOC→DOCX derived OOXML inspection,,,SOURCE_TEXT_OR_RUN_INSPECTION,INHERITED_OR_UNSET,YES,NO,center,,,,,:,,,NO,NO,NO,,,,,,,,,,,,,,,TEXT_RULE_GENERAL,YES,See Phase7.1 style matrix,See Phase7.1 crosswalk,CLASSIFIED,SEE_CROSSWALK,AUTOMATIC,Stable object locator; page needs Word Desktop only if visual pagination is material.
HFUT_FMT_DOC,《合肥工业大学学报（自然科学版）》排版格式及相关要求.doc,HFUT_FMT_DOC-P009,LO_DERIVED_PAGE_NOT_STABLE,body paragraph 9,paragraph/run_group,"(1. School of Civil and Hydraulic Engineering, Hefei University of Technology, Hefei 230009, China；2. School of Resources and Environmental Engineering, Hefei University of Technology，Hefei 230009, China)",BLACK_OR_INHERITED,Main manuscript format or front-matter rule.,LibreOffice DOC→DOCX derived OOXML inspection,,,SOURCE_TEXT_OR_RUN_INSPECTION,7.5,NO,NO,,,,,,:,,,NO,NO,NO,,,,,,,,,,,,,,,TEXT_RULE_GENERAL,YES,See Phase7.1 style matrix,See Phase7.1 crosswalk,CLASSIFIED,SEE_CROSSWALK,AUTOMATIC,Stable object locator; page needs Word Desktop only if visual pagination is material.
HFUT_FMT_DOC,《合肥工业大学学报（自然科学版）》排版格式及相关要求.doc,HFUT_FMT_DOC-P010,LO_DERIVED_PAGE_NOT_STABLE,body paragraph 10,paragraph/run_group,"Abstract：Using third person writing, clarify the purpose, methods, results, and conclusions of the research, preferably in around 300 words. The first appearance of abbreviations requires the full Chinese and English names, such as support vector machine (SVM). Avoid numbering figures, tables, and references.（5号Times New Roman,英文摘要应与中文摘要文意一致，符合摘要写作要求）",BLACK_OR_INHERITED,Main manuscript format or front-matter rule.,LibreOffice DOC→DOCX derived OOXML inspection,,,SOURCE_TEXT_OR_RUN_INSPECTION,INHERITED_OR_UNSET,YES,NO,,,,,,:,,,NO,NO,NO,,,,,,,,,,,,,,,TEXT_RULE_GENERAL,YES,See Phase7.1 style matrix,See Phase7.1 crosswalk,CLASSIFIED,SEE_CROSSWALK,AUTOMATIC,Stable object locator; page needs Word Desktop only if visual pagination is material.
HFUT_FMT_DOC,《合肥工业大学学报（自然科学版）》排版格式及相关要求.doc,HFUT_FMT_DOC-P011,LO_DERIVED_PAGE_NOT_STABLE,body paragraph 11,paragraph/run_group,Key words：abbreviations；support vector machine (SVM)（英文关键词与中文关键词词义、数量、顺序一致）,BLACK_OR_INHERITED,Main manuscript format or front-matter rule.,LibreOffice DOC→DOCX derived OOXML inspection,,,SOURCE_TEXT_OR_RUN_INSPECTION,INHERITED_OR_UNSET,YES,NO,,,,,,:,,,NO,NO,NO,,,,,,,,,,,,,,,TEXT_RULE_GENERAL,YES,See Phase7.1 style matrix,See Phase7.1 crosswalk,CLASSIFIED,SEE_CROSSWALK,AUTOMATIC,Stable object locator; page needs Word Desktop only if visual pagination is material.
HFUT_FMT_DOC,《合肥工业大学学报（自然科学版）》排版格式及相关要求.doc,HFUT_FMT_DOC-P012,LO_DERIVED_PAGE_NOT_STABLE,body paragraph 12,paragraph/run_group,引  言（四号黑体，顶格左排）,BLACK_OR_INHERITED,Main manuscript format or front-matter rule.,LibreOffice DOC→DOCX derived OOXML inspection,黑体;SimHei,,SOURCE_TEXT_OR_RUN_INSPECTION,14.0,YES,NO,,,,,,:,,,NO,NO,NO,,,,,,,,,,,,,,,TEXT_RULE_GENERAL,YES,See Phase7.1 style matrix,See Phase7.1 crosswalk,CLASSIFIED,SEE_CROSSWALK,AUTOMATIC,Stable object locator; page needs Word Desktop only if visual pagination is material.
HFUT_FMT_DOC,《合肥工业大学学报（自然科学版）》排版格式及相关要求.doc,HFUT_FMT_DOC-P013,LO_DERIVED_PAGE_NOT_STABLE,body paragraph 13,paragraph/run_group,作者需严格按此论文排版格式与要求线上投稿，两次修改后未达到本刊格式要求直接退稿处理。（五号宋体/Times New Roman）,BLACK_OR_INHERITED,Main manuscript format or front-matter rule.,LibreOffice DOC→DOCX derived OOXML inspection,,,SOURCE_TEXT_OR_RUN_INSPECTION,INHERITED_OR_UNSET,NO,NO,,,,438,,:,,,NO,NO,NO,,,,,,,,,,,,,,,TEXT_RULE_GENERAL,YES,See Phase7.1 style matrix,See Phase7.1 crosswalk,CLASSIFIED,SEE_CROSSWALK,AUTOMATIC,Stable object locator; page needs Word Desktop only if visual pagination is material.
HFUT_FMT_DOC,《合肥工业大学学报（自然科学版）》排版格式及相关要求.doc,HFUT_FMT_DOC-P014,LO_DERIVED_PAGE_NOT_STABLE,body paragraph 14,paragraph/run_group,正文首次出现缩略语需提供中英文全称，如支持向量机（support vector machine，SVM）。,BLACK_OR_INHERITED,Main manuscript format or front-matter rule.,LibreOffice DOC→DOCX derived OOXML inspection,,,SOURCE_TEXT_OR_RUN_INSPECTION,INHERITED_OR_UNSET,NO,NO,,,,438,,:,,,NO,NO,NO,,,,,,,,,,,,,,,TEXT_RULE_GENERAL,YES,See Phase7.1 style matrix,See Phase7.1 crosswalk,CLASSIFIED,SEE_CROSSWALK,AUTOMATIC,Stable object locator; page needs Word Desktop only if visual pagination is material.
HFUT_FMT_DOC,《合肥工业大学学报（自然科学版）》排版格式及相关要求.doc,HFUT_FMT_DOC-P015,LO_DERIVED_PAGE_NOT_STABLE,body paragraph 15,paragraph/run_group,1  一级标题（四号黑体）,BLACK_OR_INHERITED,Main manuscript format or front-matter rule.,LibreOffice DOC→DOCX derived OOXML inspection,黑体;SimHei,,SOURCE_TEXT_OR_RUN_INSPECTION,14.0,YES,NO,,,,,,:,,,NO,NO,NO,,,,,,,,,,,,,,,TEXT_RULE_GENERAL,YES,See Phase7.1 style matrix,See Phase7.1 crosswalk,CLASSIFIED,SEE_CROSSWALK,AUTOMATIC,Stable object locator; page needs Word Desktop only if visual pagination is material.
HFUT_FMT_DOC,《合肥工业大学学报（自然科学版）》排版格式及相关要求.doc,HFUT_FMT_DOC-P016,LO_DERIVED_PAGE_NOT_STABLE,body paragraph 16,paragraph/run_group,1.1  二级标题（五号黑体）,BLACK_OR_INHERITED,Main manuscript format or front-matter rule.,LibreOffice DOC→DOCX derived OOXML inspection,,,SOURCE_TEXT_OR_RUN_INSPECTION,INHERITED_OR_UNSET,YES,NO,,,,,,:,,,NO,NO,NO,,,,,,,,,,,,,,,TEXT_RULE_GENERAL,YES,See Phase7.1 style matrix,See Phase7.1 crosswalk,CLASSIFIED,SEE_CROSSWALK,AUTOMATIC,Stable object locator; page needs Word Desktop only if visual pagination is material.
HFUT_FMT_DOC,《合肥工业大学学报（自然科学版）》排版格式及相关要求.doc,HFUT_FMT_DOC-P017,LO_DERIVED_PAGE_NOT_STABLE,body paragraph 17,paragraph/run_group,1.1.1  三级标题（五号楷体）,BLACK_OR_INHERITED,Main manuscript format or front-matter rule.,LibreOffice DOC→DOCX derived OOXML inspection,,,SOURCE_TEXT_OR_RUN_INSPECTION,INHERITED_OR_UNSET,NO,NO,,,,,,:,,,NO,NO,NO,,,,,,,,,,,,,,,TEXT_RULE_GENERAL,YES,See Phase7.1 style matrix,See Phase7.1 crosswalk,CLASSIFIED,SEE_CROSSWALK,AUTOMATIC,Stable object locator; page needs Word Desktop only if visual pagination is material.
HFUT_FMT_DOC,《合肥工业大学学报（自然科学版）》排版格式及相关要求.doc,HFUT_FMT_DOC-P018,LO_DERIVED_PAGE_NOT_STABLE,body paragraph 18,paragraph/run_group,（各级标题均不转行）,BLACK_OR_INHERITED,Main manuscript format or front-matter rule.,LibreOffice DOC→DOCX derived OOXML inspection,黑体;SimHei,黑体;SimHei,SOURCE_TEXT_OR_RUN_INSPECTION,INHERITED_OR_UNSET,NO,NO,,,,,,:,,,NO,NO,NO,,,,,,,,,,,,,,,TEXT_RULE_GENERAL,YES,See Phase7.1 style matrix,See Phase7.1 crosswalk,CLASSIFIED,SEE_CROSSWALK,AUTOMATIC,Stable object locator; page needs Word Desktop only if visual pagination is material.
HFUT_FMT_DOC,《合肥工业大学学报（自然科学版）》排版格式及相关要求.doc,HFUT_FMT_DOC-P019,LO_DERIVED_PAGE_NOT_STABLE,body paragraph 19,paragraph/run_group,……,BLACK_OR_INHERITED,Main manuscript format or front-matter rule.,LibreOffice DOC→DOCX derived OOXML inspection,,宋体;SimSun,SOURCE_TEXT_OR_RUN_INSPECTION,INHERITED_OR_UNSET,NO,NO,,,,438,,:,,,NO,NO,NO,,,,,,,,,,,,,,,TEXT_RULE_GENERAL,YES,See Phase7.1 style matrix,See Phase7.1 crosswalk,CLASSIFIED,SEE_CROSSWALK,AUTOMATIC,Stable object locator; page needs Word Desktop only if visual pagination is material.
HFUT_FMT_DOC,《合肥工业大学学报（自然科学版）》排版格式及相关要求.doc,HFUT_FMT_DOC-P020,LO_DERIVED_PAGE_NOT_STABLE,body paragraph 20,paragraph/run_group,1.1.2  三级标题（五号楷体）,BLACK_OR_INHERITED,Main manuscript format or front-matter rule.,LibreOffice DOC→DOCX derived OOXML inspection,,,SOURCE_TEXT_OR_RUN_INSPECTION,INHERITED_OR_UNSET,NO,NO,,,,,,:,,,NO,NO,NO,,,,,,,,,,,,,,,TEXT_RULE_GENERAL,YES,See Phase7.1 style matrix,See Phase7.1 crosswalk,CLASSIFIED,SEE_CROSSWALK,AUTOMATIC,Stable object locator; page needs Word Desktop only if visual pagination is material.
HFUT_FMT_DOC,《合肥工业大学学报（自然科学版）》排版格式及相关要求.doc,HFUT_FMT_DOC-P021,LO_DERIVED_PAGE_NOT_STABLE,body paragraph 21,paragraph/run_group,……,BLACK_OR_INHERITED,Main manuscript format or front-matter rule.,LibreOffice DOC→DOCX derived OOXML inspection,,宋体;SimSun,SOURCE_TEXT_OR_RUN_INSPECTION,INHERITED_OR_UNSET,NO,NO,,,,438,,:,,,NO,NO,NO,,,,,,,,,,,,,,,TEXT_RULE_GENERAL,YES,See Phase7.1 style matrix,See Phase7.1 crosswalk,CLASSIFIED,SEE_CROSSWALK,AUTOMATIC,Stable object locator; page needs Word Desktop only if visual pagination is material.
HFUT_FMT_DOC,《合肥工业大学学报（自然科学版）》排版格式及相关要求.doc,HFUT_FMT_DOC-P022,LO_DERIVED_PAGE_NOT_STABLE,body paragraph 22,paragraph/run_group,1.2  二级标题（五号黑体）,BLACK_OR_INHERITED,Main manuscript format or front-matter rule.,LibreOffice DOC→DOCX derived OOXML inspection,,,SOURCE_TEXT_OR_RUN_INSPECTION,INHERITED_OR_UNSET,YES,NO,,,,,,:,,,NO,NO,NO,,,,,,,,,,,,,,,TEXT_RULE_GENERAL,YES,See Phase7.1 style matrix,See Phase7.1 crosswalk,CLASSIFIED,SEE_CROSSWALK,AUTOMATIC,Stable object locator; page needs Word Desktop only if visual pagination is material.
HFUT_FMT_DOC,《合肥工业大学学报（自然科学版）》排版格式及相关要求.doc,HFUT_FMT_DOC-P023,LO_DERIVED_PAGE_NOT_STABLE,body paragraph 23,paragraph/run_group,……,BLACK_OR_INHERITED,Main manuscript format or front-matter rule.,LibreOffice DOC→DOCX derived OOXML inspection,,宋体;SimSun,SOURCE_TEXT_OR_RUN_INSPECTION,INHERITED_OR_UNSET,NO,NO,,,,438,,:,,,NO,NO,NO,,,,,,,,,,,,,,,TEXT_RULE_GENERAL,YES,See Phase7.1 style matrix,See Phase7.1 crosswalk,CLASSIFIED,SEE_CROSSWALK,AUTOMATIC,Stable object locator; page needs Word Desktop only if visual pagination is material.
HFUT_FMT_DOC,《合肥工业大学学报（自然科学版）》排版格式及相关要求.doc,HFUT_FMT_DOC-P024,LO_DERIVED_PAGE_NOT_STABLE,body paragraph 24,paragraph/run_group,2  公式要求,BLACK_OR_INHERITED,MathType conversion deferred; typography manifest applies.,LibreOffice DOC→DOCX derived OOXML inspection,黑体;SimHei,,SOURCE_TEXT_OR_RUN_INSPECTION,14.0,YES,NO,,,,,,:,,,NO,NO,NO,,,,,,,,,,,,,,,TEXT_RULE_GENERAL,YES,See Phase7.1 style matrix,See Phase7.1 crosswalk,CLASSIFIED,SEE_CROSSWALK,MANUAL,Stable object locator; page needs Word Desktop only if visual pagination is material.
HFUT_FMT_DOC,《合肥工业大学学报（自然科学版）》排版格式及相关要求.doc,HFUT_FMT_DOC-P025,LO_DERIVED_PAGE_NOT_STABLE,body paragraph 25,paragraph/run_group,本刊公式要求参照下载中心里《学术论文编写规则》（GB/T 7713.2—2022）和《物理科学和技术中使用的数学符号》（GB 3102.11-93）。,BLACK_OR_INHERITED,MathType conversion deferred; typography manifest applies.,LibreOffice DOC→DOCX derived OOXML inspection,,,SOURCE_TEXT_OR_RUN_INSPECTION,INHERITED_OR_UNSET,NO,NO,,,,430,,:,,,NO,NO,NO,,,,,,,,,,,,,,,TEXT_RULE_GENERAL,YES,See Phase7.1 style matrix,See Phase7.1 crosswalk,CLASSIFIED,SEE_CROSSWALK,MANUAL,Stable object locator; page needs Word Desktop only if visual pagination is material.
HFUT_FMT_DOC,《合肥工业大学学报（自然科学版）》排版格式及相关要求.doc,HFUT_FMT_DOC-P026,LO_DERIVED_PAGE_NOT_STABLE,body paragraph 26,paragraph/run_group,本刊公式必须用MathType公式编辑器录入编辑，数学式必须以正确的数学形式表示。,BLACK_OR_INHERITED,MathType conversion deferred; typography manifest applies.,LibreOffice DOC→DOCX derived OOXML inspection,,,SOURCE_TEXT_OR_RUN_INSPECTION,INHERITED_OR_UNSET,NO,NO,,,,438,,:,,,NO,NO,NO,,,,,,,,,,,,,,,TEXT_RULE_GENERAL,YES,See Phase7.1 style matrix,See Phase7.1 crosswalk,CLASSIFIED,SEE_CROSSWALK,MANUAL,Stable object locator; page needs Word Desktop only if visual pagination is material.
HFUT_FMT_DOC,《合肥工业大学学报（自然科学版）》排版格式及相关要求.doc,HFUT_FMT_DOC-P027,LO_DERIVED_PAGE_NOT_STABLE,body paragraph 27,paragraph/run_group,所有变量均斜体表示，角标一般为正体，当角标为变量时也为斜体；,BLACK_OR_INHERITED,MathType conversion deferred; typography manifest applies.,LibreOffice DOC→DOCX derived OOXML inspection,,,SOURCE_TEXT_OR_RUN_INSPECTION,INHERITED_OR_UNSET,YES,NO,,,,440,,:,,,NO,NO,NO,,,,,,,,,,,,,,,TEXT_RULE_GENERAL,YES,See Phase7.1 style matrix,See Phase7.1 crosswalk,CLASSIFIED,SEE_CROSSWALK,MANUAL,Stable object locator; page needs Word Desktop only if visual pagination is material.
HFUT_FMT_DOC,《合肥工业大学学报（自然科学版）》排版格式及相关要求.doc,HFUT_FMT_DOC-P028,LO_DERIVED_PAGE_NOT_STABLE,body paragraph 28,paragraph/run_group,除函数名和特殊物理量之外，变量均用1个字母表示，可加下标以示区分或补充含义；矩阵、向量、矢量必须用加黑(粗)的斜体字母表示。,BLACK_OR_INHERITED,MathType conversion deferred; typography manifest applies.,LibreOffice DOC→DOCX derived OOXML inspection,,,SOURCE_TEXT_OR_RUN_INSPECTION,INHERITED_OR_UNSET,NO,NO,,,,462,,:,,,NO,NO,NO,,,,,,,,,,,,,,,TEXT_RULE_GENERAL,YES,See Phase7.1 style matrix,See Phase7.1 crosswalk,CLASSIFIED,SEE_CROSSWALK,MANUAL,Stable object locator; page needs Word Desktop only if visual pagination is material.
HFUT_FMT_DOC,《合肥工业大学学报（自然科学版）》排版格式及相关要求.doc,HFUT_FMT_DOC-P029,LO_DERIVED_PAGE_NOT_STABLE,body paragraph 29,paragraph/run_group,公式示例如下：,BLACK_OR_INHERITED,MathType conversion deferred; typography manifest applies.,LibreOffice DOC→DOCX derived OOXML inspection,,,SOURCE_TEXT_OR_RUN_INSPECTION,INHERITED_OR_UNSET,NO,NO,,,,438,,:,,,NO,NO,NO,,,,,,,,,,,,,,,TEXT_RULE_GENERAL,YES,See Phase7.1 style matrix,See Phase7.1 crosswalk,CLASSIFIED,SEE_CROSSWALK,MANUAL,Stable object locator; page needs Word Desktop only if visual pagination is material.
HFUT_FMT_DOC,《合肥工业大学学报（自然科学版）》排版格式及相关要求.doc,HFUT_FMT_DOC-P030,LO_DERIVED_PAGE_NOT_STABLE,body paragraph 30,paragraph/run_group,（1）,BLACK_OR_INHERITED,Main manuscript format or front-matter rule.,LibreOffice DOC→DOCX derived OOXML inspection,,,SOURCE_TEXT_OR_RUN_INSPECTION,INHERITED_OR_UNSET,NO,NO,right,,,,,:,,,NO,NO,NO,,,,,,,,,,,,,,,TEXT_RULE_GENERAL,YES,See Phase7.1 style matrix,See Phase7.1 crosswalk,CLASSIFIED,SEE_CROSSWALK,AUTOMATIC,Stable object locator; page needs Word Desktop only if visual pagination is material.
HFUT_FMT_DOC,《合肥工业大学学报（自然科学版）》排版格式及相关要求.doc,HFUT_FMT_DOC-P031,LO_DERIVED_PAGE_NOT_STABLE,body paragraph 31,paragraph/run_group,（2）,BLACK_OR_INHERITED,Main manuscript format or front-matter rule.,LibreOffice DOC→DOCX derived OOXML inspection,,,SOURCE_TEXT_OR_RUN_INSPECTION,INHERITED_OR_UNSET,NO,NO,right,,,,,:,,,NO,NO,NO,,,,,,,,,,,,,,,TEXT_RULE_GENERAL,YES,See Phase7.1 style matrix,See Phase7.1 crosswalk,CLASSIFIED,SEE_CROSSWALK,AUTOMATIC,Stable object locator; page needs Word Desktop only if visual pagination is material.
HFUT_FMT_DOC,《合肥工业大学学报（自然科学版）》排版格式及相关要求.doc,HFUT_FMT_DOC-P032,LO_DERIVED_PAGE_NOT_STABLE,body paragraph 32,paragraph/run_group,（3）,BLACK_OR_INHERITED,Main manuscript format or front-matter rule.,LibreOffice DOC→DOCX derived OOXML inspection,,,SOURCE_TEXT_OR_RUN_INSPECTION,INHERITED_OR_UNSET,NO,NO,right,,,,,:,,,NO,NO,NO,,,,,,,,,,,,,,,TEXT_RULE_GENERAL,YES,See Phase7.1 style matrix,See Phase7.1 crosswalk,CLASSIFIED,SEE_CROSSWALK,AUTOMATIC,Stable object locator; page needs Word Desktop only if visual pagination is material.
HFUT_FMT_DOC,《合肥工业大学学报（自然科学版）》排版格式及相关要求.doc,HFUT_FMT_DOC-P033,LO_DERIVED_PAGE_NOT_STABLE,body paragraph 33,paragraph/run_group,（当变量为矢量、向量、矩阵时，斜体并加粗）,BLACK_OR_INHERITED,MathType conversion deferred; typography manifest applies.,LibreOffice DOC→DOCX derived OOXML inspection,,,SOURCE_TEXT_OR_RUN_INSPECTION,INHERITED_OR_UNSET,NO,NO,,,,,0,:,,,NO,NO,NO,,,,,,,,,,,,,,,TEXT_RULE_GENERAL,YES,See Phase7.1 style matrix,See Phase7.1 crosswalk,CLASSIFIED,SEE_CROSSWALK,MANUAL,Stable object locator; page needs Word Desktop only if visual pagination is material.
HFUT_FMT_DOC,《合肥工业大学学报（自然科学版）》排版格式及相关要求.doc,HFUT_FMT_DOC-P034,LO_DERIVED_PAGE_NOT_STABLE,body paragraph 34,paragraph/run_group,（4）,BLACK_OR_INHERITED,Main manuscript format or front-matter rule.,LibreOffice DOC→DOCX derived OOXML inspection,,,SOURCE_TEXT_OR_RUN_INSPECTION,INHERITED_OR_UNSET,NO,NO,right,,,,,:,,,NO,NO,NO,,,,,,,,,,,,,,,TEXT_RULE_GENERAL,YES,See Phase7.1 style matrix,See Phase7.1 crosswalk,CLASSIFIED,SEE_CROSSWALK,AUTOMATIC,Stable object locator; page needs Word Desktop only if visual pagination is material.
HFUT_FMT_DOC,《合肥工业大学学报（自然科学版）》排版格式及相关要求.doc,HFUT_FMT_DOC-P035,LO_DERIVED_PAGE_NOT_STABLE,body paragraph 35,paragraph/run_group,其中：为在t时刻度为的节点中被感染节点的比例；为度为的节点恢复概率；为度为的节点的算法介数；为t时刻感染节点发送信息包的比例。（由字母符号表示的变量，应随数学式对其含义进行解释。）,BLACK_OR_INHERITED,MathType conversion deferred; typography manifest applies.,LibreOffice DOC→DOCX derived OOXML inspection,,宋体;SimSun,SOURCE_TEXT_OR_RUN_INSPECTION,INHERITED_OR_UNSET,NO,NO,,,,,,exact:320,,,NO,NO,NO,,,,,,,,,,,,,,,TEXT_RULE_GENERAL,YES,See Phase7.1 style matrix,See Phase7.1 crosswalk,CLASSIFIED,SEE_CROSSWALK,MANUAL,Stable object locator; page needs Word Desktop only if visual pagination is material.
HFUT_FMT_DOC,《合肥工业大学学报（自然科学版）》排版格式及相关要求.doc,HFUT_FMT_DOC-P036,LO_DERIVED_PAGE_NOT_STABLE,body paragraph 36,paragraph/run_group,3  图表格式要求,BLACK_OR_INHERITED,Main manuscript format or front-matter rule.,LibreOffice DOC→DOCX derived OOXML inspection,黑体;SimHei,,SOURCE_TEXT_OR_RUN_INSPECTION,14.0,YES,NO,,,,,,:,,,NO,NO,NO,,,,,,,,,,,,,,,TEXT_RULE_GENERAL,YES,See Phase7.1 style matrix,See Phase7.1 crosswalk,CLASSIFIED,SEE_CROSSWALK,AUTOMATIC,Stable object locator; page needs Word Desktop only if visual pagination is material.
HFUT_FMT_DOC,《合肥工业大学学报（自然科学版）》排版格式及相关要求.doc,HFUT_FMT_DOC-P037,LO_DERIVED_PAGE_NOT_STABLE,body paragraph 37,paragraph/run_group,3.1  插图格式要求,BLACK_OR_INHERITED,Main manuscript format or front-matter rule.,LibreOffice DOC→DOCX derived OOXML inspection,,,SOURCE_TEXT_OR_RUN_INSPECTION,INHERITED_OR_UNSET,YES,NO,,,,,,:,,,NO,NO,NO,,,,,,,,,,,,,,,TEXT_RULE_GENERAL,YES,See Phase7.1 style matrix,See Phase7.1 crosswalk,CLASSIFIED,SEE_CROSSWALK,AUTOMATIC,Stable object locator; page needs Word Desktop only if visual pagination is material.
HFUT_FMT_DOC,《合肥工业大学学报（自然科学版）》排版格式及相关要求.doc,HFUT_FMT_DOC-P038,LO_DERIVED_PAGE_NOT_STABLE,body paragraph 38,paragraph/run_group,本刊插图具体要求参照下载中心里本刊插图要求及示例的附件。,BLACK_OR_INHERITED,Main manuscript format or front-matter rule.,LibreOffice DOC→DOCX derived OOXML inspection,,,SOURCE_TEXT_OR_RUN_INSPECTION,INHERITED_OR_UNSET,NO,NO,,,,438,,:,,,NO,NO,NO,,,,,,,,,,,,,,,TEXT_RULE_GENERAL,YES,See Phase7.1 style matrix,See Phase7.1 crosswalk,CLASSIFIED,SEE_CROSSWALK,AUTOMATIC,Stable object locator; page needs Word Desktop only if visual pagination is material.
HFUT_FMT_DOC,《合肥工业大学学报（自然科学版）》排版格式及相关要求.doc,HFUT_FMT_DOC-P039,LO_DERIVED_PAGE_NOT_STABLE,body paragraph 39,paragraph/run_group,附图连续编号，先文后图，图中字号为6号宋体，图上、下各空1行。,BLACK_OR_INHERITED,Main manuscript format or front-matter rule.,LibreOffice DOC→DOCX derived OOXML inspection,,,SOURCE_TEXT_OR_RUN_INSPECTION,INHERITED_OR_UNSET,NO,NO,,,,438,,:,,,NO,NO,NO,,,,,,,,,,,,,,,TEXT_RULE_GENERAL,YES,See Phase7.1 style matrix,See Phase7.1 crosswalk,CLASSIFIED,SEE_CROSSWALK,AUTOMATIC,Stable object locator; page needs Word Desktop only if visual pagination is material.
HFUT_FMT_DOC,《合肥工业大学学报（自然科学版）》排版格式及相关要求.doc,HFUT_FMT_DOC-P040,LO_DERIVED_PAGE_NOT_STABLE,body paragraph 40,paragraph/run_group,1）曲线图。建议采用Origin软件绘制曲线图，用复制页面功能插入Word中，不能截图或生成图片插入。曲线图要去掉底纹，只留曲线、坐标轴、刻度、量与单位。相关曲线图示例如图1所示。,BLACK_OR_INHERITED,Submission asset conversion deferred.,LibreOffice DOC→DOCX derived OOXML inspection,楷体,,SOURCE_TEXT_OR_RUN_INSPECTION,INHERITED_OR_UNSET,NO,NO,,,,429,,exact:320,,,NO,NO,NO,,,,,,,,,,,,,,,TEXT_RULE_GENERAL,YES,See Phase7.1 style matrix,See Phase7.1 crosswalk,CLASSIFIED,SEE_CROSSWALK,MANUAL,Stable object locator; page needs Word Desktop only if visual pagination is material.
HFUT_FMT_DOC,《合肥工业大学学报（自然科学版）》排版格式及相关要求.doc,HFUT_FMT_DOC-P041,LO_DERIVED_PAGE_NOT_STABLE,body paragraph 41,paragraph/run_group,图1 曲线图示例（六号黑体）,BLACK_OR_INHERITED,Main manuscript format or front-matter rule.,LibreOffice DOC→DOCX derived OOXML inspection,黑体;SimHei,,SOURCE_TEXT_OR_RUN_INSPECTION,7.5,NO,NO,center,,,,,:,,,NO,NO,NO,,,,,,,,,,,,,,,TEXT_RULE_GENERAL,YES,See Phase7.1 style matrix,See Phase7.1 crosswalk,CLASSIFIED,SEE_CROSSWALK,AUTOMATIC,Stable object locator; page needs Word Desktop only if visual pagination is material.
HFUT_FMT_DOC,《合肥工业大学学报（自然科学版）》排版格式及相关要求.doc,HFUT_FMT_DOC-P042,LO_DERIVED_PAGE_NOT_STABLE,body paragraph 42,paragraph/run_group,2）流程图、框图及在图中添加文字的图。,BLACK_OR_INHERITED,Main manuscript format or front-matter rule.,LibreOffice DOC→DOCX derived OOXML inspection,,,SOURCE_TEXT_OR_RUN_INSPECTION,INHERITED_OR_UNSET,NO,NO,,,,438,,exact:320,,,NO,NO,NO,,,,,,,,,,,,,,,TEXT_RULE_GENERAL,YES,See Phase7.1 style matrix,See Phase7.1 crosswalk,CLASSIFIED,SEE_CROSSWALK,AUTOMATIC,Stable object locator; page needs Word Desktop only if visual pagination is material.
HFUT_FMT_DOC,《合肥工业大学学报（自然科学版）》排版格式及相关要求.doc,HFUT_FMT_DOC-P043,LO_DERIVED_PAGE_NOT_STABLE,body paragraph 43,paragraph/run_group,建议采用Visio做图，复制到Word中；其他非Origin格式图片中的文字、数字、字母请在Visio中编辑，复制到Word中。相关框架图示例如图2所示。,BLACK_OR_INHERITED,Submission asset conversion deferred.,LibreOffice DOC→DOCX derived OOXML inspection,,,SOURCE_TEXT_OR_RUN_INSPECTION,INHERITED_OR_UNSET,NO,NO,,,,438,,exact:320,,,NO,NO,NO,,,,,,,,,,,,,,,TEXT_RULE_GENERAL,YES,See Phase7.1 style matrix,See Phase7.1 crosswalk,CLASSIFIED,SEE_CROSSWALK,MANUAL,Stable object locator; page needs Word Desktop only if visual pagination is material.
HFUT_FMT_DOC,《合肥工业大学学报（自然科学版）》排版格式及相关要求.doc,HFUT_FMT_DOC-P044,LO_DERIVED_PAGE_NOT_STABLE,body paragraph 44,paragraph/run_group,图2 框架图示例（Visio软件绘制，图中字六号字）,BLACK_OR_INHERITED,Submission asset conversion deferred.,LibreOffice DOC→DOCX derived OOXML inspection,黑体;SimHei,,SOURCE_TEXT_OR_RUN_INSPECTION,7.5,NO,NO,center,,,316,,:,,,NO,NO,NO,,,,,,,,,,,,,,,TEXT_RULE_GENERAL,YES,See Phase7.1 style matrix,See Phase7.1 crosswalk,CLASSIFIED,SEE_CROSSWALK,MANUAL,Stable object locator; page needs Word Desktop only if visual pagination is material.
HFUT_FMT_DOC,《合肥工业大学学报（自然科学版）》排版格式及相关要求.doc,HFUT_FMT_DOC-P045,LO_DERIVED_PAGE_NOT_STABLE,body paragraph 45,paragraph/run_group,3.2  表格格式要求,BLACK_OR_INHERITED,Main manuscript format or front-matter rule.,LibreOffice DOC→DOCX derived OOXML inspection,,,SOURCE_TEXT_OR_RUN_INSPECTION,INHERITED_OR_UNSET,YES,NO,,,,,,:,,,NO,NO,NO,,,,,,,,,,,,,,,TEXT_RULE_GENERAL,YES,See Phase7.1 style matrix,See Phase7.1 crosswalk,CLASSIFIED,SEE_CROSSWALK,AUTOMATIC,Stable object locator; page needs Word Desktop only if visual pagination is material.
HFUT_FMT_DOC,《合肥工业大学学报（自然科学版）》排版格式及相关要求.doc,HFUT_FMT_DOC-P046,LO_DERIVED_PAGE_NOT_STABLE,body paragraph 46,paragraph/run_group,本刊表格具体要求参照下载中心里本刊表格要求及示例的附件。,BLACK_OR_INHERITED,Main manuscript format or front-matter rule.,LibreOffice DOC→DOCX derived OOXML inspection,,,SOURCE_TEXT_OR_RUN_INSPECTION,INHERITED_OR_UNSET,NO,NO,,,,438,,:,,,NO,NO,NO,,,,,,,,,,,,,,,TEXT_RULE_GENERAL,YES,See Phase7.1 style matrix,See Phase7.1 crosswalk,CLASSIFIED,SEE_CROSSWALK,AUTOMATIC,Stable object locator; page needs Word Desktop only if visual pagination is material.
HFUT_FMT_DOC,《合肥工业大学学报（自然科学版）》排版格式及相关要求.doc,HFUT_FMT_DOC-P047,LO_DERIVED_PAGE_NOT_STABLE,body paragraph 47,paragraph/run_group,表格一律采用三线表。文表呼应，先文后表。表格示例见表1、表2所列。,BLACK_OR_INHERITED,Main manuscript format or front-matter rule.,LibreOffice DOC→DOCX derived OOXML inspection,,,SOURCE_TEXT_OR_RUN_INSPECTION,INHERITED_OR_UNSET,NO,NO,,,,436,,:,,,NO,NO,NO,,,,,,,,,,,,,,,TEXT_RULE_GENERAL,YES,See Phase7.1 style matrix,See Phase7.1 crosswalk,CLASSIFIED,SEE_CROSSWALK,AUTOMATIC,Stable object locator; page needs Word Desktop only if visual pagination is material.
HFUT_FMT_DOC,《合肥工业大学学报（自然科学版）》排版格式及相关要求.doc,HFUT_FMT_DOC-P048,LO_DERIVED_PAGE_NOT_STABLE,body paragraph 48,paragraph/run_group,表1 中文表名（六号黑体）,BLACK_OR_INHERITED,Main manuscript format or front-matter rule.,LibreOffice DOC→DOCX derived OOXML inspection,方正书宋简体;宋体,黑体;SimHei,SOURCE_TEXT_OR_RUN_INSPECTION,7.5,NO,NO,center,,,,,:,,,NO,NO,NO,,,,,,,,,,,,,,,TEXT_RULE_GENERAL,YES,See Phase7.1 style matrix,See Phase7.1 crosswalk,CLASSIFIED,SEE_CROSSWALK,AUTOMATIC,Stable object locator; page needs Word Desktop only if visual pagination is material.
HFUT_FMT_DOC,《合肥工业大学学报（自然科学版）》排版格式及相关要求.doc,HFUT_FMT_DOC-T001,LO_DERIVED_PAGE_NOT_STABLE,body table 1,table,方法（六号宋）位移/mm正弯矩/（kN·m）加速度/(m/s2)等效计算12.7102.46.78实测10.6105.66.84,,Table structure/style specimen; inspect borders separately.,Derived OOXML table; Word gridlines distinguished from borders,,,,,,,,,,,,,,,,,,,,,,,,,,,,,,,,EXAMPLE_SPECIFIC,YES,HFUTThreeLineTable,Three manuscript tables,CLASSIFIED,NO,AUTOMATIC,Table object inventory row.
HFUT_FMT_DOC,《合肥工业大学学报（自然科学版）》排版格式及相关要求.doc,HFUT_FMT_DOC-T001R001,LO_DERIVED_PAGE_NOT_STABLE,"body table 1, row 1",table_row,方法（六号宋）位移/mm正弯矩/（kN·m）加速度/(m/s2),,,Derived OOXML row,,,,,,,,,,,,,,,,,,,,,,,,,,,,,,,,EXAMPLE_SPECIFIC,YES,,,CLASSIFIED,,AUTOMATIC,Row role classified through its parent table.
HFUT_FMT_DOC,《合肥工业大学学报（自然科学版）》排版格式及相关要求.doc,HFUT_FMT_DOC-T001R002,LO_DERIVED_PAGE_NOT_STABLE,"body table 1, row 2",table_row,等效计算12.7102.46.78,,,Derived OOXML row,,,,,,,,,,,,,,,,,,,,,,,,,,,,,,,,EXAMPLE_SPECIFIC,YES,,,CLASSIFIED,,AUTOMATIC,Row role classified through its parent table.
HFUT_FMT_DOC,《合肥工业大学学报（自然科学版）》排版格式及相关要求.doc,HFUT_FMT_DOC-T001R003,LO_DERIVED_PAGE_NOT_STABLE,"body table 1, row 3",table_row,实测10.6105.66.84,,,Derived OOXML row,,,,,,,,,,,,,,,,,,,,,,,,,,,,,,,,EXAMPLE_SPECIFIC,YES,,,CLASSIFIED,,AUTOMATIC,Row role classified through its parent table.
HFUT_FMT_DOC,《合肥工业大学学报（自然科学版）》排版格式及相关要求.doc,HFUT_FMT_DOC-P049,LO_DERIVED_PAGE_NOT_STABLE,body paragraph 49,paragraph/run_group,表2  B结构2种拆解实验数据       单位：min,BLACK_OR_INHERITED,Main manuscript format or front-matter rule.,LibreOffice DOC→DOCX derived OOXML inspection,黑体;SimHei,,SOURCE_TEXT_OR_RUN_INSPECTION,7.5,YES,NO,center,,,,,:,,,NO,NO,NO,,,,,,,,,,,,,,,TEXT_RULE_GENERAL,YES,See Phase7.1 style matrix,See Phase7.1 crosswalk,CLASSIFIED,SEE_CROSSWALK,AUTOMATIC,Stable object locator; page needs Word Desktop only if visual pagination is material.
HFUT_FMT_DOC,《合肥工业大学学报（自然科学版）》排版格式及相关要求.doc,HFUT_FMT_DOC-T002,LO_DERIVED_PAGE_NOT_STABLE,body table 2,table,序号   非法拆解   回收拆解T1T2T1T2145.06.03.018.0243.55.02.723.0346.05.02.822.0447.35.12.923.1547.96.33.023.6,,Table structure/style specimen; inspect borders separately.,Derived OOXML table; Word gridlines distinguished from borders,,,,,,,,,,,,,,,,,,,,,,,,,,,,,,,,EXAMPLE_SPECIFIC,YES,HFUTThreeLineTable,Three manuscript tables,CLASSIFIED,NO,AUTOMATIC,Table object inventory row.
HFUT_FMT_DOC,《合肥工业大学学报（自然科学版）》排版格式及相关要求.doc,HFUT_FMT_DOC-T002R001,LO_DERIVED_PAGE_NOT_STABLE,"body table 2, row 1",table_row,序号   非法拆解   回收拆解,,,Derived OOXML row,,,,,,,,,,,,,,,,,,,,,,,,,,,,,,,,EXAMPLE_SPECIFIC,YES,,,CLASSIFIED,,AUTOMATIC,Row role classified through its parent table.
HFUT_FMT_DOC,《合肥工业大学学报（自然科学版）》排版格式及相关要求.doc,HFUT_FMT_DOC-T002R002,LO_DERIVED_PAGE_NOT_STABLE,"body table 2, row 2",table_row,T1T2T1T2,,,Derived OOXML row,,,,,,,,,,,,,,,,,,,,,,,,,,,,,,,,EXAMPLE_SPECIFIC,YES,,,CLASSIFIED,,AUTOMATIC,Row role classified through its parent table.
HFUT_FMT_DOC,《合肥工业大学学报（自然科学版）》排版格式及相关要求.doc,HFUT_FMT_DOC-T002R003,LO_DERIVED_PAGE_NOT_STABLE,"body table 2, row 3",table_row,145.06.03.018.0,,,Derived OOXML row,,,,,,,,,,,,,,,,,,,,,,,,,,,,,,,,EXAMPLE_SPECIFIC,YES,,,CLASSIFIED,,AUTOMATIC,Row role classified through its parent table.
HFUT_FMT_DOC,《合肥工业大学学报（自然科学版）》排版格式及相关要求.doc,HFUT_FMT_DOC-T002R004,LO_DERIVED_PAGE_NOT_STABLE,"body table 2, row 4",table_row,243.55.02.723.0,,,Derived OOXML row,,,,,,,,,,,,,,,,,,,,,,,,,,,,,,,,EXAMPLE_SPECIFIC,YES,,,CLASSIFIED,,AUTOMATIC,Row role classified through its parent table.
HFUT_FMT_DOC,《合肥工业大学学报（自然科学版）》排版格式及相关要求.doc,HFUT_FMT_DOC-T002R005,LO_DERIVED_PAGE_NOT_STABLE,"body table 2, row 5",table_row,346.05.02.822.0,,,Derived OOXML row,,,,,,,,,,,,,,,,,,,,,,,,,,,,,,,,EXAMPLE_SPECIFIC,YES,,,CLASSIFIED,,AUTOMATIC,Row role classified through its parent table.
HFUT_FMT_DOC,《合肥工业大学学报（自然科学版）》排版格式及相关要求.doc,HFUT_FMT_DOC-T002R006,LO_DERIVED_PAGE_NOT_STABLE,"body table 2, row 6",table_row,447.35.12.923.1,,,Derived OOXML row,,,,,,,,,,,,,,,,,,,,,,,,,,,,,,,,EXAMPLE_SPECIFIC,YES,,,CLASSIFIED,,AUTOMATIC,Row role classified through its parent table.
HFUT_FMT_DOC,《合肥工业大学学报（自然科学版）》排版格式及相关要求.doc,HFUT_FMT_DOC-T002R007,LO_DERIVED_PAGE_NOT_STABLE,"body table 2, row 7",table_row,547.96.33.023.6,,,Derived OOXML row,,,,,,,,,,,,,,,,,,,,,,,,,,,,,,,,EXAMPLE_SPECIFIC,YES,,,CLASSIFIED,,AUTOMATIC,Row role classified through its parent table.
HFUT_FMT_DOC,《合肥工业大学学报（自然科学版）》排版格式及相关要求.doc,HFUT_FMT_DOC-P050,LO_DERIVED_PAGE_NOT_STABLE,body paragraph 50,paragraph/run_group,4  结  论,BLACK_OR_INHERITED,Main manuscript format or front-matter rule.,LibreOffice DOC→DOCX derived OOXML inspection,黑体;SimHei,,SOURCE_TEXT_OR_RUN_INSPECTION,14.0,YES,NO,,,,,,:,,,NO,NO,NO,,,,,,,,,,,,,,,TEXT_RULE_GENERAL,YES,See Phase7.1 style matrix,See Phase7.1 crosswalk,CLASSIFIED,SEE_CROSSWALK,AUTOMATIC,Stable object locator; page needs Word Desktop only if visual pagination is material.
HFUT_FMT_DOC,《合肥工业大学学报（自然科学版）》排版格式及相关要求.doc,HFUT_FMT_DOC-P051,LO_DERIVED_PAGE_NOT_STABLE,body paragraph 51,paragraph/run_group,希望作者尽量满足排版格式要求。作者高质量的论文编排，会提高编辑部的工作效率，减少出错率，保证文章按时、正确地出版。,BLACK_OR_INHERITED,Main manuscript format or front-matter rule.,LibreOffice DOC→DOCX derived OOXML inspection,,,SOURCE_TEXT_OR_RUN_INSPECTION,INHERITED_OR_UNSET,NO,NO,,,,438,,:,,,NO,NO,NO,,,,,,,,,,,,,,,TEXT_RULE_GENERAL,YES,See Phase7.1 style matrix,See Phase7.1 crosswalk,CLASSIFIED,SEE_CROSSWALK,AUTOMATIC,Stable object locator; page needs Word Desktop only if visual pagination is material.
HFUT_FMT_DOC,《合肥工业大学学报（自然科学版）》排版格式及相关要求.doc,HFUT_FMT_DOC-P052,LO_DERIVED_PAGE_NOT_STABLE,body paragraph 52,paragraph/run_group,[参 考 文 献],BLACK_OR_INHERITED,Main manuscript format or front-matter rule.,LibreOffice DOC→DOCX derived OOXML inspection,黑体;SimHei,黑体;SimHei,SOURCE_TEXT_OR_RUN_INSPECTION,INHERITED_OR_UNSET,NO,NO,center,,,,,:,,,NO,NO,NO,,,,,,,,,,,,,,,TEXT_RULE_GENERAL,YES,See Phase7.1 style matrix,See Phase7.1 crosswalk,CLASSIFIED,SEE_CROSSWALK,AUTOMATIC,Stable object locator; page needs Word Desktop only if visual pagination is material.
HFUT_FMT_DOC,《合肥工业大学学报（自然科学版）》排版格式及相关要求.doc,HFUT_FMT_DOC-P053,LO_DERIVED_PAGE_NOT_STABLE,body paragraph 53,paragraph/run_group,"期刊: [序号] 作者（英文期刊作者姓前名后, 姓应全部著录，首字母应大写，名可缩写为首字母；用汉语拼音著录个人责任者，名宜用全称）.题名[J].刊名（外文刊名尽量不用缩写, 全文统一），出版年，卷(期):起止页码（或文章编号）.",BLACK_OR_INHERITED,Main manuscript format or front-matter rule.,LibreOffice DOC→DOCX derived OOXML inspection,,,SOURCE_TEXT_OR_RUN_INSPECTION,7.5,YES,NO,,319,,,319,exact:320,,,NO,NO,NO,,,,,,,,,,,,,,,TEXT_RULE_GENERAL,YES,See Phase7.1 style matrix,See Phase7.1 crosswalk,CLASSIFIED,SEE_CROSSWALK,AUTOMATIC,Stable object locator; page needs Word Desktop only if visual pagination is material.
HFUT_FMT_DOC,《合肥工业大学学报（自然科学版）》排版格式及相关要求.doc,HFUT_FMT_DOC-P054,LO_DERIVED_PAGE_NOT_STABLE,body paragraph 54,paragraph/run_group,"[1]  俞欣,刘晓平,张光伟,等.高架斜坡及车辆诱导效应对污染物传播与暴露风险研究[J].合肥工业大学学报(自然科学版)，2024,47(12):1595-1600.(六号宋体或Times New Roman)",BLACK_OR_INHERITED,Main manuscript format or front-matter rule.,LibreOffice DOC→DOCX derived OOXML inspection,方正书宋简体;宋体,,SOURCE_TEXT_OR_RUN_INSPECTION,7.5,NO,NO,,345,,,345,exact:280,,,NO,NO,NO,,,,,,,,,,,,,,,TEXT_RULE_GENERAL,YES,See Phase7.1 style matrix,See Phase7.1 crosswalk,CLASSIFIED,SEE_CROSSWALK,AUTOMATIC,Stable object locator; page needs Word Desktop only if visual pagination is material.
HFUT_FMT_DOC,《合肥工业大学学报（自然科学版）》排版格式及相关要求.doc,HFUT_FMT_DOC-P055,LO_DERIVED_PAGE_NOT_STABLE,body paragraph 55,paragraph/run_group,"[2]  Gutiérrez T J, Tovar J. Update of the concept of type 5 resistant starch (RS5): self-assembled starch V-type complexes [J]. Trends in Food Science & Technology, 2021, 109: 711-724. (六号Times New Roman)",BLACK_OR_INHERITED,Main manuscript format or front-matter rule.,LibreOffice DOC→DOCX derived OOXML inspection,,,SOURCE_TEXT_OR_RUN_INSPECTION,7.5,NO,NO,,318,,,318,exact:280,,,NO,NO,NO,,,,,,,,,,,,,,,TEXT_RULE_GENERAL,YES,See Phase7.1 style matrix,See Phase7.1 crosswalk,CLASSIFIED,SEE_CROSSWALK,AUTOMATIC,Stable object locator; page needs Word Desktop only if visual pagination is material.
HFUT_FMT_DOC,《合肥工业大学学报（自然科学版）》排版格式及相关要求.doc,HFUT_FMT_DOC-P056,LO_DERIVED_PAGE_NOT_STABLE,body paragraph 56,paragraph/run_group,"[3]  刘相阳,夏培斋,徐茜茜,等.再生细骨料水泥砂浆力学性能试验研究[J].混凝土,2020(7):106-108,113.",BLACK_OR_INHERITED,Main manuscript format or front-matter rule.,LibreOffice DOC→DOCX derived OOXML inspection,,,SOURCE_TEXT_OR_RUN_INSPECTION,7.5,NO,NO,,318,,,318,exact:280,,,NO,NO,NO,,,,,,,,,,,,,,,TEXT_RULE_GENERAL,YES,See Phase7.1 style matrix,See Phase7.1 crosswalk,CLASSIFIED,SEE_CROSSWALK,AUTOMATIC,Stable object locator; page needs Word Desktop only if visual pagination is material.
HFUT_FMT_DOC,《合肥工业大学学报（自然科学版）》排版格式及相关要求.doc,HFUT_FMT_DOC-P057,LO_DERIVED_PAGE_NOT_STABLE,body paragraph 57,paragraph/run_group,"[4]  张群,程志宝,石志飞.惯性增强动力吸振器-浮置板轨道低频减振性能研究[J/OL].铁道学报,2024-05-09. https://kns.cnki.net/kcms/detail/11.2104.u.20240507.1737.002.html.  (注:日期为在线出版日期)",BLACK_OR_INHERITED,Main manuscript format or front-matter rule.,LibreOffice DOC→DOCX derived OOXML inspection,,,SOURCE_TEXT_OR_RUN_INSPECTION,7.5,NO,NO,,318,,,318,exact:280,,,NO,NO,NO,,,,,,,,,,,,,,,TEXT_RULE_GENERAL,YES,See Phase7.1 style matrix,See Phase7.1 crosswalk,CLASSIFIED,SEE_CROSSWALK,AUTOMATIC,Stable object locator; page needs Word Desktop only if visual pagination is material.
HFUT_FMT_DOC,《合肥工业大学学报（自然科学版）》排版格式及相关要求.doc,HFUT_FMT_DOC-P058,LO_DERIVED_PAGE_NOT_STABLE,body paragraph 58,paragraph/run_group,"[5]  王利平,王福新,刘洪.过冷大水滴环境粒径分布模拟方法研究进展[J].航空学报,2024,45(增刊1):730570.",BLACK_OR_INHERITED,Main manuscript format or front-matter rule.,LibreOffice DOC→DOCX derived OOXML inspection,,,SOURCE_TEXT_OR_RUN_INSPECTION,7.5,NO,NO,,318,,,318,exact:280,,,NO,NO,NO,,,,,,,,,,,,,,,TEXT_RULE_GENERAL,YES,See Phase7.1 style matrix,See Phase7.1 crosswalk,CLASSIFIED,SEE_CROSSWALK,AUTOMATIC,Stable object locator; page needs Word Desktop only if visual pagination is material.
HFUT_FMT_DOC,《合肥工业大学学报（自然科学版）》排版格式及相关要求.doc,HFUT_FMT_DOC-P059,LO_DERIVED_PAGE_NOT_STABLE,body paragraph 59,paragraph/run_group,"[6] Fei Yang, Li Weiqin, Zong Guangquan, et al. Cholecystolithotomy combined Armillarisin A versus cholecystectomy in cirrhotic portal hypertension patients with symptomatic cholelithiasis[J]. Chirurgia, 2017, 112(2): 143-151.",BLACK_OR_INHERITED,Main manuscript format or front-matter rule.,LibreOffice DOC→DOCX derived OOXML inspection,,,SOURCE_TEXT_OR_RUN_INSPECTION,7.5,NO,NO,,318,,,318,exact:280,,,NO,NO,NO,,,,,,,,,,,,,,,TEXT_RULE_GENERAL,YES,See Phase7.1 style matrix,See Phase7.1 crosswalk,CLASSIFIED,SEE_CROSSWALK,AUTOMATIC,Stable object locator; page needs Word Desktop only if visual pagination is material.
HFUT_FMT_DOC,《合肥工业大学学报（自然科学版）》排版格式及相关要求.doc,HFUT_FMT_DOC-P060,LO_DERIVED_PAGE_NOT_STABLE,body paragraph 60,paragraph/run_group,"专著：[序号]作者（格式要求同期刊）.书名[M].版本（第一版不写）.出版地：出版者,出版年:析出文献页码(可以不标注).",BLACK_OR_INHERITED,Main manuscript format or front-matter rule.,LibreOffice DOC→DOCX derived OOXML inspection,,,SOURCE_TEXT_OR_RUN_INSPECTION,7.5,YES,NO,,228,,,228,exact:280,,,NO,NO,NO,,,,,,,,,,,,,,,TEXT_RULE_GENERAL,YES,See Phase7.1 style matrix,See Phase7.1 crosswalk,CLASSIFIED,SEE_CROSSWALK,AUTOMATIC,Stable object locator; page needs Word Desktop only if visual pagination is material.
HFUT_FMT_DOC,《合肥工业大学学报（自然科学版）》排版格式及相关要求.doc,HFUT_FMT_DOC-P061,LO_DERIVED_PAGE_NOT_STABLE,body paragraph 61,paragraph/run_group,"[7]  吴业正,李红旗,张华.制冷压缩机[M].3版.北京:机械工业出版社,2019:38-39.",BLACK_OR_INHERITED,Main manuscript format or front-matter rule.,LibreOffice DOC→DOCX derived OOXML inspection,,,SOURCE_TEXT_OR_RUN_INSPECTION,7.5,NO,NO,,318,,,318,exact:280,,,NO,NO,NO,,,,,,,,,,,,,,,TEXT_RULE_GENERAL,YES,See Phase7.1 style matrix,See Phase7.1 crosswalk,CLASSIFIED,SEE_CROSSWALK,AUTOMATIC,Stable object locator; page needs Word Desktop only if visual pagination is material.
HFUT_FMT_DOC,《合肥工业大学学报（自然科学版）》排版格式及相关要求.doc,HFUT_FMT_DOC-P062,LO_DERIVED_PAGE_NOT_STABLE,body paragraph 62,paragraph/run_group,"[8]  Kelly Rainer R, Turban E, Potter R E, et al. Introduction to information systems[M].3rd ed.[S.l.]: John Wiley & Sons,Inc.,",BLACK_OR_INHERITED,Main manuscript format or front-matter rule.,LibreOffice DOC→DOCX derived OOXML inspection,,,SOURCE_TEXT_OR_RUN_INSPECTION,7.5,NO,NO,,318,,,318,exact:280,,,NO,NO,NO,,,,,,,,,,,,,,,TEXT_RULE_GENERAL,YES,See Phase7.1 style matrix,See Phase7.1 crosswalk,CLASSIFIED,SEE_CROSSWALK,AUTOMATIC,Stable object locator; page needs Word Desktop only if visual pagination is material.
HFUT_FMT_DOC,《合肥工业大学学报（自然科学版）》排版格式及相关要求.doc,HFUT_FMT_DOC-P063,LO_DERIVED_PAGE_NOT_STABLE,body paragraph 63,paragraph/run_group,2010.,BLACK_OR_INHERITED,Main manuscript format or front-matter rule.,LibreOffice DOC→DOCX derived OOXML inspection,,,SOURCE_TEXT_OR_RUN_INSPECTION,7.5,NO,NO,,409,,,80,exact:280,,,NO,NO,NO,,,,,,,,,,,,,,,TEXT_RULE_GENERAL,YES,See Phase7.1 style matrix,See Phase7.1 crosswalk,CLASSIFIED,SEE_CROSSWALK,AUTOMATIC,Stable object locator; page needs Word Desktop only if visual pagination is material.
HFUT_FMT_DOC,《合肥工业大学学报（自然科学版）》排版格式及相关要求.doc,HFUT_FMT_DOC-P064,LO_DERIVED_PAGE_NOT_STABLE,body paragraph 64,paragraph/run_group,"[9]  Baliga B T.功率半导体器件基础[M].韩郑生,陆江,宋李梅,等,译.北京:电子工业出版社,2013.",BLACK_OR_INHERITED,Main manuscript format or front-matter rule.,LibreOffice DOC→DOCX derived OOXML inspection,,,SOURCE_TEXT_OR_RUN_INSPECTION,7.5,NO,NO,,318,,,318,exact:280,,,NO,NO,NO,,,,,,,,,,,,,,,TEXT_RULE_GENERAL,YES,See Phase7.1 style matrix,See Phase7.1 crosswalk,CLASSIFIED,SEE_CROSSWALK,AUTOMATIC,Stable object locator; page needs Word Desktop only if visual pagination is material.
HFUT_FMT_DOC,《合肥工业大学学报（自然科学版）》排版格式及相关要求.doc,HFUT_FMT_DOC-P065,LO_DERIVED_PAGE_NOT_STABLE,body paragraph 65,paragraph/run_group,"[10] Kinchy A. Seeds, science, and struggle: the global politics of transgenic crops[M]. Cambridge, Mass.: MIT Press, 2012:50.",BLACK_OR_INHERITED,Main manuscript format or front-matter rule.,LibreOffice DOC→DOCX derived OOXML inspection,,,SOURCE_TEXT_OR_RUN_INSPECTION,7.5,NO,NO,,318,,,318,exact:280,,,NO,NO,NO,,,,,,,,,,,,,,,TEXT_RULE_GENERAL,YES,See Phase7.1 style matrix,See Phase7.1 crosswalk,CLASSIFIED,SEE_CROSSWALK,AUTOMATIC,Stable object locator; page needs Word Desktop only if visual pagination is material.
HFUT_FMT_DOC,《合肥工业大学学报（自然科学版）》排版格式及相关要求.doc,HFUT_FMT_DOC-P066,LO_DERIVED_PAGE_NOT_STABLE,body paragraph 66,paragraph/run_group,"会议论文集：[序号]作者（格式要求同期刊）.题名[C]//编者.论文集名（会议名称）.出版地:出版者,出版年:起止页码.",BLACK_OR_INHERITED,Main manuscript format or front-matter rule.,LibreOffice DOC→DOCX derived OOXML inspection,,,SOURCE_TEXT_OR_RUN_INSPECTION,7.5,YES,NO,,228,,,228,exact:280,,,NO,NO,NO,,,,,,,,,,,,,,,TEXT_RULE_GENERAL,YES,See Phase7.1 style matrix,See Phase7.1 crosswalk,CLASSIFIED,SEE_CROSSWALK,AUTOMATIC,Stable object locator; page needs Word Desktop only if visual pagination is material.
HFUT_FMT_DOC,《合肥工业大学学报（自然科学版）》排版格式及相关要求.doc,HFUT_FMT_DOC-P067,LO_DERIVED_PAGE_NOT_STABLE,body paragraph 67,paragraph/run_group,"[11] Rajyalakshmi P, Sathappan S, Jyothi Rani M, et al. A novel image processing system to recognize and classify images using integrated advanced CNN and FPGA for IoT based applications [C]// 2022 4th International Conference on Inventive Research in Computing Applications. Coimbatore: IEEE,2022:365-368.",BLACK_OR_INHERITED,Main manuscript format or front-matter rule.,LibreOffice DOC→DOCX derived OOXML inspection,,,SOURCE_TEXT_OR_RUN_INSPECTION,7.5,NO,NO,,312,,,312,exact:280,,,NO,NO,NO,,,,,,,,,,,,,,,TEXT_RULE_GENERAL,YES,See Phase7.1 style matrix,See Phase7.1 crosswalk,CLASSIFIED,SEE_CROSSWALK,AUTOMATIC,Stable object locator; page needs Word Desktop only if visual pagination is material.
HFUT_FMT_DOC,《合肥工业大学学报（自然科学版）》排版格式及相关要求.doc,HFUT_FMT_DOC-P068,LO_DERIVED_PAGE_NOT_STABLE,body paragraph 68,paragraph/run_group,"[12] Fourney M E. Advances in holographic photoelasticity [C]// GottenbergW G. Symposium on Applications of Holography in Mechanics, August23-25, 1971, University of Southern California, Los Angeles, California. New York: ASME, 1971: 17-38.",BLACK_OR_INHERITED,Main manuscript format or front-matter rule.,LibreOffice DOC→DOCX derived OOXML inspection,,,SOURCE_TEXT_OR_RUN_INSPECTION,7.5,NO,NO,,312,,,312,exact:280,,,NO,NO,NO,,,,,,,,,,,,,,,TEXT_RULE_GENERAL,YES,See Phase7.1 style matrix,See Phase7.1 crosswalk,CLASSIFIED,SEE_CROSSWALK,AUTOMATIC,Stable object locator; page needs Word Desktop only if visual pagination is material.
HFUT_FMT_DOC,《合肥工业大学学报（自然科学版）》排版格式及相关要求.doc,HFUT_FMT_DOC-P069,LO_DERIVED_PAGE_NOT_STABLE,body paragraph 69,paragraph/run_group,"[13] 乔晓罡,李文静.从一些国家雨水利用情况谈我国的雨水利用[C]// “建设资源节约型、环境友好型社会”高层论坛论文集.陕西:西安地图出版社,2007:239-242.",BLACK_OR_INHERITED,Main manuscript format or front-matter rule.,LibreOffice DOC→DOCX derived OOXML inspection,,,SOURCE_TEXT_OR_RUN_INSPECTION,7.5,NO,NO,,312,,,312,exact:280,,,NO,NO,NO,,,,,,,,,,,,,,,TEXT_RULE_GENERAL,YES,See Phase7.1 style matrix,See Phase7.1 crosswalk,CLASSIFIED,SEE_CROSSWALK,AUTOMATIC,Stable object locator; page needs Word Desktop only if visual pagination is material.
HFUT_FMT_DOC,《合肥工业大学学报（自然科学版）》排版格式及相关要求.doc,HFUT_FMT_DOC-P070,LO_DERIVED_PAGE_NOT_STABLE,body paragraph 70,paragraph/run_group,"[14] 肖希明,石庆功,刘奕.民国图书馆学教育的社会贡献[C]//纪念北京大学图书馆学教育100周年研讨会论文集.北京:北京大学信息管理系,2024:134-147.",BLACK_OR_INHERITED,Main manuscript format or front-matter rule.,LibreOffice DOC→DOCX derived OOXML inspection,,,SOURCE_TEXT_OR_RUN_INSPECTION,7.5,NO,NO,,312,,,312,exact:280,,,NO,NO,NO,,,,,,,,,,,,,,,TEXT_RULE_GENERAL,YES,See Phase7.1 style matrix,See Phase7.1 crosswalk,CLASSIFIED,SEE_CROSSWALK,AUTOMATIC,Stable object locator; page needs Word Desktop only if visual pagination is material.
HFUT_FMT_DOC,《合肥工业大学学报（自然科学版）》排版格式及相关要求.doc,HFUT_FMT_DOC-P071,LO_DERIVED_PAGE_NOT_STABLE,body paragraph 71,paragraph/run_group,学位论文：[序号] 作者（格式要求同期刊）.题名[D].保存地点:保存单位，授予年份：引文页码.,BLACK_OR_INHERITED,Main manuscript format or front-matter rule.,LibreOffice DOC→DOCX derived OOXML inspection,,,SOURCE_TEXT_OR_RUN_INSPECTION,7.5,YES,NO,,228,,,228,exact:280,,,NO,NO,NO,,,,,,,,,,,,,,,TEXT_RULE_GENERAL,YES,See Phase7.1 style matrix,See Phase7.1 crosswalk,CLASSIFIED,SEE_CROSSWALK,AUTOMATIC,Stable object locator; page needs Word Desktop only if visual pagination is material.
HFUT_FMT_DOC,《合肥工业大学学报（自然科学版）》排版格式及相关要求.doc,HFUT_FMT_DOC-P072,LO_DERIVED_PAGE_NOT_STABLE,body paragraph 72,paragraph/run_group,"[15] 王琦.融合星载GNSS-R和SAR数据的高时空分辨率土壤湿度反演方法研究[D].武汉:武汉大学,2022:87.",BLACK_OR_INHERITED,Main manuscript format or front-matter rule.,LibreOffice DOC→DOCX derived OOXML inspection,,,SOURCE_TEXT_OR_RUN_INSPECTION,7.5,NO,NO,,316,,,316,exact:280,,,NO,NO,NO,,,,,,,,,,,,,,,TEXT_RULE_GENERAL,YES,See Phase7.1 style matrix,See Phase7.1 crosswalk,CLASSIFIED,SEE_CROSSWALK,AUTOMATIC,Stable object locator; page needs Word Desktop only if visual pagination is material.
HFUT_FMT_DOC,《合肥工业大学学报（自然科学版）》排版格式及相关要求.doc,HFUT_FMT_DOC-P073,LO_DERIVED_PAGE_NOT_STABLE,body paragraph 73,paragraph/run_group,"[16] Christou A. Improving knowledge graph understanding with contextual views [D]. Ohio: Wrigbt State University, 2024: 18.",BLACK_OR_INHERITED,Main manuscript format or front-matter rule.,LibreOffice DOC→DOCX derived OOXML inspection,,,SOURCE_TEXT_OR_RUN_INSPECTION,7.5,NO,NO,,316,,,316,exact:280,,,NO,NO,NO,,,,,,,,,,,,,,,TEXT_RULE_GENERAL,YES,See Phase7.1 style matrix,See Phase7.1 crosswalk,CLASSIFIED,SEE_CROSSWALK,AUTOMATIC,Stable object locator; page needs Word Desktop only if visual pagination is material.
HFUT_FMT_DOC,《合肥工业大学学报（自然科学版）》排版格式及相关要求.doc,HFUT_FMT_DOC-P074,LO_DERIVED_PAGE_NOT_STABLE,body paragraph 74,paragraph/run_group,标准：[序号] 标准编号 标准名称[S].,BLACK_OR_INHERITED,Main manuscript format or front-matter rule.,LibreOffice DOC→DOCX derived OOXML inspection,,,SOURCE_TEXT_OR_RUN_INSPECTION,7.5,YES,NO,,228,,,228,exact:280,,,NO,NO,NO,,,,,,,,,,,,,,,TEXT_RULE_GENERAL,YES,See Phase7.1 style matrix,See Phase7.1 crosswalk,CLASSIFIED,SEE_CROSSWALK,AUTOMATIC,Stable object locator; page needs Word Desktop only if visual pagination is material.
HFUT_FMT_DOC,《合肥工业大学学报（自然科学版）》排版格式及相关要求.doc,HFUT_FMT_DOC-P075,LO_DERIVED_PAGE_NOT_STABLE,body paragraph 75,paragraph/run_group,[17]  GB/T 22068—2018 汽车空调用电动压缩机总成[S].,BLACK_OR_INHERITED,Main manuscript format or front-matter rule.,LibreOffice DOC→DOCX derived OOXML inspection,,,SOURCE_TEXT_OR_RUN_INSPECTION,7.5,NO,NO,,396,,,396,exact:280,,,NO,NO,NO,,,,,,,,,,,,,,,TEXT_RULE_GENERAL,YES,See Phase7.1 style matrix,See Phase7.1 crosswalk,CLASSIFIED,SEE_CROSSWALK,AUTOMATIC,Stable object locator; page needs Word Desktop only if visual pagination is material.
HFUT_FMT_DOC,《合肥工业大学学报（自然科学版）》排版格式及相关要求.doc,HFUT_FMT_DOC-P076,LO_DERIVED_PAGE_NOT_STABLE,body paragraph 76,paragraph/run_group,[18]  IEC/IEEE 61636-1:2021 Software interface for maintenance information collection and analysis (SIMICA): exchanging test results and session information via the eXtensible Markup Language (XML)[S].,BLACK_OR_INHERITED,Main manuscript format or front-matter rule.,LibreOffice DOC→DOCX derived OOXML inspection,,,SOURCE_TEXT_OR_RUN_INSPECTION,7.5,NO,NO,,396,,,396,exact:280,,,NO,NO,NO,,,,,,,,,,,,,,,TEXT_RULE_GENERAL,YES,See Phase7.1 style matrix,See Phase7.1 crosswalk,CLASSIFIED,SEE_CROSSWALK,AUTOMATIC,Stable object locator; page needs Word Desktop only if visual pagination is material.
HFUT_FMT_DOC,《合肥工业大学学报（自然科学版）》排版格式及相关要求.doc,HFUT_FMT_DOC-P077,LO_DERIVED_PAGE_NOT_STABLE,body paragraph 77,paragraph/run_group,预印本：[序号] 作者（格式要求同期刊）.题名[PP/OL].版本.出版平台(创建或修改日期)[引用日期].获取和访问路径.,BLACK_OR_INHERITED,Main manuscript format or front-matter rule.,LibreOffice DOC→DOCX derived OOXML inspection,,,SOURCE_TEXT_OR_RUN_INSPECTION,7.5,YES,NO,,228,,,228,exact:280,,,NO,NO,NO,,,,,,,,,,,,,,,TEXT_RULE_GENERAL,YES,See Phase7.1 style matrix,See Phase7.1 crosswalk,CLASSIFIED,SEE_CROSSWALK,AUTOMATIC,Stable object locator; page needs Word Desktop only if visual pagination is material.
HFUT_FMT_DOC,《合肥工业大学学报（自然科学版）》排版格式及相关要求.doc,HFUT_FMT_DOC-P078,LO_DERIVED_PAGE_NOT_STABLE,body paragraph 78,paragraph/run_group,"[19] Courbariaux M, Hubara I, Soudry D, et al. Binarized neural networks: training deep neural networks with weights and activations constrained to +1 or ﹣1[PP/OL].V3.arXiv (2016-03-17)[2025-06-24].http://doi.org/10.48550/arXiv.1602.02830.",BLACK_OR_INHERITED,Main manuscript format or front-matter rule.,LibreOffice DOC→DOCX derived OOXML inspection,,,SOURCE_TEXT_OR_RUN_INSPECTION,7.5,NO,NO,,396,,,396,exact:280,,,NO,NO,NO,,,,,,,,,,,,,,,TEXT_RULE_GENERAL,YES,See Phase7.1 style matrix,See Phase7.1 crosswalk,CLASSIFIED,SEE_CROSSWALK,AUTOMATIC,Stable object locator; page needs Word Desktop only if visual pagination is material.
HFUT_FMT_DOC,《合肥工业大学学报（自然科学版）》排版格式及相关要求.doc,HFUT_FMT_DOC-P079,LO_DERIVED_PAGE_NOT_STABLE,body paragraph 79,paragraph/run_group,网页、网站：[序号] 作者（格式要求同期刊）(有则必备).题名[EB/OL]. (创建或修改日期)[引用日期]. 获取和访问路径.,BLACK_OR_INHERITED,Main manuscript format or front-matter rule.,LibreOffice DOC→DOCX derived OOXML inspection,,,SOURCE_TEXT_OR_RUN_INSPECTION,7.5,YES,NO,,228,,,228,exact:280,,,NO,NO,NO,,,,,,,,,,,,,,,TEXT_RULE_GENERAL,YES,See Phase7.1 style matrix,See Phase7.1 crosswalk,CLASSIFIED,SEE_CROSSWALK,AUTOMATIC,Stable object locator; page needs Word Desktop only if visual pagination is material.
HFUT_FMT_DOC,《合肥工业大学学报（自然科学版）》排版格式及相关要求.doc,HFUT_FMT_DOC-P080,LO_DERIVED_PAGE_NOT_STABLE,body paragraph 80,paragraph/run_group,"[20] Antonio M, Pepper L. Historias de Portugal: livros caidos [EB/OL].(2019-07-13)[2025-01-02].https://arquivo.pt/wayback20190905210731/http://publico.pt/2019/07/13/sociedade/noticia/podcast-his-torias-portugal-cuidadores-1879731.",BLACK_OR_INHERITED,Main manuscript format or front-matter rule.,LibreOffice DOC→DOCX derived OOXML inspection,,,SOURCE_TEXT_OR_RUN_INSPECTION,7.5,NO,NO,,227,,,227,exact:280,,,NO,NO,NO,,,,,,,,,,,,,,,TEXT_RULE_GENERAL,YES,See Phase7.1 style matrix,See Phase7.1 crosswalk,CLASSIFIED,SEE_CROSSWALK,AUTOMATIC,Stable object locator; page needs Word Desktop only if visual pagination is material.
HFUT_FMT_DOC,《合肥工业大学学报（自然科学版）》排版格式及相关要求.doc,HFUT_FMT_DOC-P081,LO_DERIVED_PAGE_NOT_STABLE,body paragraph 81,paragraph/run_group,[21] 中国国家博物馆[EB/OL].[2025-05-06]. https://www. chnmuseum.cn/.,BLACK_OR_INHERITED,Main manuscript format or front-matter rule.,LibreOffice DOC→DOCX derived OOXML inspection,,,SOURCE_TEXT_OR_RUN_INSPECTION,7.5,NO,NO,,227,,,227,exact:280,,,NO,NO,NO,,,,,,,,,,,,,,,TEXT_RULE_GENERAL,YES,See Phase7.1 style matrix,See Phase7.1 crosswalk,CLASSIFIED,SEE_CROSSWALK,AUTOMATIC,Stable object locator; page needs Word Desktop only if visual pagination is material.
HFUT_FMT_DOC,《合肥工业大学学报（自然科学版）》排版格式及相关要求.doc,HFUT_FMT_DOC-P082,LO_DERIVED_PAGE_NOT_STABLE,body paragraph 82,paragraph/run_group,专利：[序号] 专利申请者或所有者（格式要求同期刊）. 专利题名：专利编号[P].公告日期或公开日期.,BLACK_OR_INHERITED,Main manuscript format or front-matter rule.,LibreOffice DOC→DOCX derived OOXML inspection,,,SOURCE_TEXT_OR_RUN_INSPECTION,7.5,YES,NO,,228,,,228,exact:280,,,NO,NO,NO,,,,,,,,,,,,,,,TEXT_RULE_GENERAL,YES,See Phase7.1 style matrix,See Phase7.1 crosswalk,CLASSIFIED,SEE_CROSSWALK,AUTOMATIC,Stable object locator; page needs Word Desktop only if visual pagination is material.
HFUT_FMT_DOC,《合肥工业大学学报（自然科学版）》排版格式及相关要求.doc,HFUT_FMT_DOC-P083,LO_DERIVED_PAGE_NOT_STABLE,body paragraph 83,paragraph/run_group,[22]姜锡洲.一种温热外敷药制备方案: 88105607.3[P].1989-07-26.,BLACK_OR_INHERITED,Main manuscript format or front-matter rule.,LibreOffice DOC→DOCX derived OOXML inspection,Times New Roman,,SOURCE_TEXT_OR_RUN_INSPECTION,7.5,NO,NO,,318,,,318,exact:280,,,NO,NO,NO,,,,,,,,,,,,,,,TEXT_RULE_GENERAL,YES,See Phase7.1 style matrix,See Phase7.1 crosswalk,CLASSIFIED,SEE_CROSSWALK,AUTOMATIC,Stable object locator; page needs Word Desktop only if visual pagination is material.
HFUT_FMT_DOC,《合肥工业大学学报（自然科学版）》排版格式及相关要求.doc,HFUT_FMT_DOC-P084,LO_DERIVED_PAGE_NOT_STABLE,body paragraph 84,paragraph/run_group,报告：[序号] 作者(格式要求同期刊).报告题名:报告编号[R].出版地：出版者，出版年：引文页码.,BLACK_OR_INHERITED,Main manuscript format or front-matter rule.,LibreOffice DOC→DOCX derived OOXML inspection,,,SOURCE_TEXT_OR_RUN_INSPECTION,7.5,YES,NO,,228,,,228,exact:280,,,NO,NO,NO,,,,,,,,,,,,,,,TEXT_RULE_GENERAL,YES,See Phase7.1 style matrix,See Phase7.1 crosswalk,CLASSIFIED,SEE_CROSSWALK,AUTOMATIC,Stable object locator; page needs Word Desktop only if visual pagination is material.
HFUT_FMT_DOC,《合肥工业大学学报（自然科学版）》排版格式及相关要求.doc,HFUT_FMT_DOC-P085,LO_DERIVED_PAGE_NOT_STABLE,body paragraph 85,paragraph/run_group,"[23] U.S. Department of Transportation Federal Highway Administration. Guidelines for handing excavated acid- producing materials: PB 9I-194001[R]. Springfield: U.S. Department of Commerce National Information Service, 1990: 25.",BLACK_OR_INHERITED,Main manuscript format or front-matter rule.,LibreOffice DOC→DOCX derived OOXML inspection,方正书宋简体;宋体,,SOURCE_TEXT_OR_RUN_INSPECTION,7.5,NO,NO,,318,,,318,exact:280,,,NO,NO,NO,,,,,,,,,,,,,,,TEXT_RULE_GENERAL,YES,See Phase7.1 style matrix,See Phase7.1 crosswalk,CLASSIFIED,SEE_CROSSWALK,AUTOMATIC,Stable object locator; page needs Word Desktop only if visual pagination is material.
HFUT_FMT_DOC,《合肥工业大学学报（自然科学版）》排版格式及相关要求.doc,HFUT_FMT_DOC-P086,LO_DERIVED_PAGE_NOT_STABLE,body paragraph 86,paragraph/run_group,[24] 中国互联网络信息中心.第29次中国互联网络发展状况统计报告[R/OL].2012-01-16. http://www.cnnic.net.cn/NMediaFile/ old_attach/P020120612484958777344.pdf.,BLACK_OR_INHERITED,Main manuscript format or front-matter rule.,LibreOffice DOC→DOCX derived OOXML inspection,方正书宋简体;宋体,,SOURCE_TEXT_OR_RUN_INSPECTION,7.5,NO,NO,,318,,,318,:,,,NO,NO,NO,,,,,,,,,,,,,,,TEXT_RULE_GENERAL,YES,See Phase7.1 style matrix,See Phase7.1 crosswalk,CLASSIFIED,SEE_CROSSWALK,AUTOMATIC,Stable object locator; page needs Word Desktop only if visual pagination is material.
HFUT_FMT_DOC,《合肥工业大学学报（自然科学版）》排版格式及相关要求.doc,HFUT_FMT_DOC-P087,LO_DERIVED_PAGE_NOT_STABLE,body paragraph 87,paragraph/run_group,地图：[序号] 主要责任者.题名.比例尺[CM].版本.出版地:出版者，出版年.尺寸.获取和访问路径.,BLACK_OR_INHERITED,Main manuscript format or front-matter rule.,LibreOffice DOC→DOCX derived OOXML inspection,,,SOURCE_TEXT_OR_RUN_INSPECTION,7.5,YES,NO,,319,,,319,:,,,NO,NO,NO,,,,,,,,,,,,,,,TEXT_RULE_GENERAL,YES,See Phase7.1 style matrix,See Phase7.1 crosswalk,CLASSIFIED,SEE_CROSSWALK,AUTOMATIC,Stable object locator; page needs Word Desktop only if visual pagination is material.
HFUT_FMT_DOC,《合肥工业大学学报（自然科学版）》排版格式及相关要求.doc,HFUT_FMT_DOC-P088,LO_DERIVED_PAGE_NOT_STABLE,body paragraph 88,paragraph/run_group,"[25] 胡健民.东南极拉斯曼丘陵地区地质图.1:25 000[CM].北京:科学出版社,2021.128 cm×84 cm.",BLACK_OR_INHERITED,Main manuscript format or front-matter rule.,LibreOffice DOC→DOCX derived OOXML inspection,方正书宋简体;宋体,,SOURCE_TEXT_OR_RUN_INSPECTION,7.5,NO,NO,,318,,,318,:,,,NO,NO,NO,,,,,,,,,,,,,,,TEXT_RULE_GENERAL,YES,See Phase7.1 style matrix,See Phase7.1 crosswalk,CLASSIFIED,SEE_CROSSWALK,AUTOMATIC,Stable object locator; page needs Word Desktop only if visual pagination is material.
HFUT_FMT_DOC,《合肥工业大学学报（自然科学版）》排版格式及相关要求.doc,HFUT_FMT_DOC-P089,LO_DERIVED_PAGE_NOT_STABLE,body paragraph 89,paragraph/run_group,[26] 国家测绘地理信息局. 一带一路经济走廊及其途经城市分布地势图[CM/OL].http://ydy.china.com.cn/2016-10/27/,BLACK_OR_INHERITED,Main manuscript format or front-matter rule.,LibreOffice DOC→DOCX derived OOXML inspection,方正书宋简体;宋体,,SOURCE_TEXT_OR_RUN_INSPECTION,7.5,NO,NO,,318,,,318,:,,,NO,NO,NO,,,,,,,,,,,,,,,TEXT_RULE_GENERAL,YES,See Phase7.1 style matrix,See Phase7.1 crosswalk,CLASSIFIED,SEE_CROSSWALK,AUTOMATIC,Stable object locator; page needs Word Desktop only if visual pagination is material.
HFUT_FMT_DOC,《合肥工业大学学报（自然科学版）》排版格式及相关要求.doc,HFUT_FMT_DOC-P090,LO_DERIVED_PAGE_NOT_STABLE,body paragraph 90,paragraph/run_group,content_39582227.htm.,BLACK_OR_INHERITED,Main manuscript format or front-matter rule.,LibreOffice DOC→DOCX derived OOXML inspection,方正书宋简体;宋体,,SOURCE_TEXT_OR_RUN_INSPECTION,7.5,NO,NO,,,,318,,:,,,NO,NO,NO,,,,,,,,,,,,,,,TEXT_RULE_GENERAL,YES,See Phase7.1 style matrix,See Phase7.1 crosswalk,CLASSIFIED,SEE_CROSSWALK,AUTOMATIC,Stable object locator; page needs Word Desktop only if visual pagination is material.
HFUT_REF_DOC,《合肥工业大学学报（自然科学版）》参考文献要求及示例.doc,HFUT_REF_DOC-P001,LO_DERIVED_PAGE_NOT_STABLE,body paragraph 1,paragraph/run_group,参考文献要求及示例,BLACK_OR_INHERITED,Reference typography/GB-T 7714 format evidence.,LibreOffice DOC→DOCX derived OOXML inspection,黑体;SimHei,黑体;SimHei,SOURCE_TEXT_OR_RUN_INSPECTION,INHERITED_OR_UNSET,YES,NO,center,,,,,auto:240,318,318,NO,NO,NO,,,,,,,,,,,,,,,TEXT_RULE_GENERAL,YES,See Phase7.1 style matrix,See Phase7.1 crosswalk,CLASSIFIED,SEE_CROSSWALK,AUTOMATIC,Stable object locator; page needs Word Desktop only if visual pagination is material.
HFUT_REF_DOC,《合肥工业大学学报（自然科学版）》参考文献要求及示例.doc,HFUT_REF_DOC-P002,LO_DERIVED_PAGE_NOT_STABLE,body paragraph 2,paragraph/run_group,参考文献的排版严格按照执行国家标准GB/T 7714—2025《信息与文献 参考文献著录规则）》。,BLACK_OR_INHERITED,Reference typography/GB-T 7714 format evidence.,LibreOffice DOC→DOCX derived OOXML inspection,,,SOURCE_TEXT_OR_RUN_INSPECTION,INHERITED_OR_UNSET,NO,NO,,,,438,,exact:320,,,NO,NO,NO,,,,,,,,,,,,,,,TEXT_RULE_GENERAL,YES,See Phase7.1 style matrix,See Phase7.1 crosswalk,CLASSIFIED,SEE_CROSSWALK,AUTOMATIC,Stable object locator; page needs Word Desktop only if visual pagination is material.
HFUT_REF_DOC,《合肥工业大学学报（自然科学版）》参考文献要求及示例.doc,HFUT_REF_DOC-P003,LO_DERIVED_PAGE_NOT_STABLE,body paragraph 3,paragraph/run_group,本刊参考文献中汉字为六号宋体，字母、数字为六号Times New Roman，行距14磅。,BLACK_OR_INHERITED,Reference typography/GB-T 7714 format evidence.,LibreOffice DOC→DOCX derived OOXML inspection,方正书宋简体;宋体,,SOURCE_TEXT_OR_RUN_INSPECTION,INHERITED_OR_UNSET,NO,NO,,,,438,,exact:320,,,NO,NO,NO,,,,,,,,,,,,,,,TEXT_RULE_GENERAL,YES,See Phase7.1 style matrix,See Phase7.1 crosswalk,CLASSIFIED,SEE_CROSSWALK,AUTOMATIC,Stable object locator; page needs Word Desktop only if visual pagination is material.
HFUT_REF_DOC,《合肥工业大学学报（自然科学版）》参考文献要求及示例.doc,HFUT_REF_DOC-P004,LO_DERIVED_PAGE_NOT_STABLE,body paragraph 4,paragraph/run_group,不同类型的参考文献示例如下：,BLACK_OR_INHERITED,Reference typography/GB-T 7714 format evidence.,LibreOffice DOC→DOCX derived OOXML inspection,方正书宋简体;宋体,,SOURCE_TEXT_OR_RUN_INSPECTION,INHERITED_OR_UNSET,NO,NO,,,,438,,exact:320,,,NO,NO,NO,,,,,,,,,,,,,,,TEXT_RULE_GENERAL,YES,See Phase7.1 style matrix,See Phase7.1 crosswalk,CLASSIFIED,SEE_CROSSWALK,AUTOMATIC,Stable object locator; page needs Word Desktop only if visual pagination is material.
HFUT_REF_DOC,《合肥工业大学学报（自然科学版）》参考文献要求及示例.doc,HFUT_REF_DOC-P005,LO_DERIVED_PAGE_NOT_STABLE,body paragraph 5,paragraph/run_group,"一  期刊: [序号] 作者（英文期刊作者姓前名后, 姓应全部著录，首字母应大写，名可缩写为首字母；用汉语拼音著录个人责任者，名宜用全称）.题名[J].刊名（外文刊名尽量不用缩写, 全文统一），出版年，卷(期):起止页码（或文章编号）.",BLACK_OR_INHERITED,Reference typography/GB-T 7714 format evidence.,LibreOffice DOC→DOCX derived OOXML inspection,,,SOURCE_TEXT_OR_RUN_INSPECTION,INHERITED_OR_UNSET,YES,NO,,440,,,440,exact:320,,,NO,NO,NO,,,,,,,,,,,,,,,TEXT_RULE_GENERAL,YES,See Phase7.1 style matrix,See Phase7.1 crosswalk,CLASSIFIED,SEE_CROSSWALK,AUTOMATIC,Stable object locator; page needs Word Desktop only if visual pagination is material.
HFUT_REF_DOC,《合肥工业大学学报（自然科学版）》参考文献要求及示例.doc,HFUT_REF_DOC-P006,LO_DERIVED_PAGE_NOT_STABLE,body paragraph 6,paragraph/run_group,"[1]  俞欣,刘晓平,张光伟,等.高架斜坡及车辆诱导效应对污染物传播与暴露风险研究[J].合肥工业大学学报(自然科学版)，2024,47(12):1595-1600.(六号宋体或Times New Roman)",BLACK_OR_INHERITED,Reference typography/GB-T 7714 format evidence.,LibreOffice DOC→DOCX derived OOXML inspection,方正书宋简体;宋体,,SOURCE_TEXT_OR_RUN_INSPECTION,7.5,NO,NO,,345,,,345,exact:280,,,NO,NO,NO,,,,,,,,,,,,,,,EXAMPLE_SPECIFIC,YES,See Phase7.1 style matrix,See Phase7.1 crosswalk,CLASSIFIED,SEE_CROSSWALK,AUTOMATIC,Stable object locator; page needs Word Desktop only if visual pagination is material.
HFUT_REF_DOC,《合肥工业大学学报（自然科学版）》参考文献要求及示例.doc,HFUT_REF_DOC-P007,LO_DERIVED_PAGE_NOT_STABLE,body paragraph 7,paragraph/run_group,"[2]  Gutiérrez T J, Tovar J. Update of the concept of type 5 resistant starch (RS5): self-assembled starch V-type complexes [J]. Trends in Food Science & Technology, 2021, 109: 711-724. (六号Times New Roman)",BLACK_OR_INHERITED,Reference typography/GB-T 7714 format evidence.,LibreOffice DOC→DOCX derived OOXML inspection,,,SOURCE_TEXT_OR_RUN_INSPECTION,7.5,NO,NO,,318,,,318,exact:280,,,NO,NO,NO,,,,,,,,,,,,,,,EXAMPLE_SPECIFIC,YES,See Phase7.1 style matrix,See Phase7.1 crosswalk,CLASSIFIED,SEE_CROSSWALK,AUTOMATIC,Stable object locator; page needs Word Desktop only if visual pagination is material.
HFUT_REF_DOC,《合肥工业大学学报（自然科学版）》参考文献要求及示例.doc,HFUT_REF_DOC-P008,LO_DERIVED_PAGE_NOT_STABLE,body paragraph 8,paragraph/run_group,"[3]  刘相阳,夏培斋,徐茜茜,等.再生细骨料水泥砂浆力学性能试验研究[J].混凝土,2020(7):106-108,113.",BLACK_OR_INHERITED,Reference typography/GB-T 7714 format evidence.,LibreOffice DOC→DOCX derived OOXML inspection,,,SOURCE_TEXT_OR_RUN_INSPECTION,7.5,NO,NO,,318,,,318,exact:280,,,NO,NO,NO,,,,,,,,,,,,,,,EXAMPLE_SPECIFIC,YES,See Phase7.1 style matrix,See Phase7.1 crosswalk,CLASSIFIED,SEE_CROSSWALK,AUTOMATIC,Stable object locator; page needs Word Desktop only if visual pagination is material.
HFUT_REF_DOC,《合肥工业大学学报（自然科学版）》参考文献要求及示例.doc,HFUT_REF_DOC-P009,LO_DERIVED_PAGE_NOT_STABLE,body paragraph 9,paragraph/run_group,"[4]  张群,程志宝,石志飞.惯性增强动力吸振器-浮置板轨道低频减振性能研究[J/OL].铁道学报,2024-05-09. https://kns.cnki.net/kcms/detail/11.2104.u.20240507.1737.002.html.  (注:日期为在线出版日期)",BLACK_OR_INHERITED,Reference typography/GB-T 7714 format evidence.,LibreOffice DOC→DOCX derived OOXML inspection,,,SOURCE_TEXT_OR_RUN_INSPECTION,7.5,NO,NO,,318,,,318,exact:280,,,NO,NO,NO,,,,,,,,,,,,,,,EXAMPLE_SPECIFIC,YES,See Phase7.1 style matrix,See Phase7.1 crosswalk,CLASSIFIED,SEE_CROSSWALK,AUTOMATIC,Stable object locator; page needs Word Desktop only if visual pagination is material.
HFUT_REF_DOC,《合肥工业大学学报（自然科学版）》参考文献要求及示例.doc,HFUT_REF_DOC-P010,LO_DERIVED_PAGE_NOT_STABLE,body paragraph 10,paragraph/run_group,"[5]  王利平,王福新,刘洪.过冷大水滴环境粒径分布模拟方法研究进展[J].航空学报,2024,45(增刊1):730570.",BLACK_OR_INHERITED,Reference typography/GB-T 7714 format evidence.,LibreOffice DOC→DOCX derived OOXML inspection,,,SOURCE_TEXT_OR_RUN_INSPECTION,7.5,NO,NO,,318,,,318,exact:280,,,NO,NO,NO,,,,,,,,,,,,,,,EXAMPLE_SPECIFIC,YES,See Phase7.1 style matrix,See Phase7.1 crosswalk,CLASSIFIED,SEE_CROSSWALK,AUTOMATIC,Stable object locator; page needs Word Desktop only if visual pagination is material.
HFUT_REF_DOC,《合肥工业大学学报（自然科学版）》参考文献要求及示例.doc,HFUT_REF_DOC-P011,LO_DERIVED_PAGE_NOT_STABLE,body paragraph 11,paragraph/run_group,"[6] Fei Yang, Li Weiqin, Zong Guangquan, et al. Cholecystolithotomy combined Armillarisin A versus cholecystectomy in cirrhotic portal hypertension patients with symptomatic cholelithiasis[J]. Chirurgia, 2017, 112(2): 143-151.",BLACK_OR_INHERITED,Reference typography/GB-T 7714 format evidence.,LibreOffice DOC→DOCX derived OOXML inspection,,,SOURCE_TEXT_OR_RUN_INSPECTION,7.5,NO,NO,,318,,,318,exact:280,,,NO,NO,NO,,,,,,,,,,,,,,,EXAMPLE_SPECIFIC,YES,See Phase7.1 style matrix,See Phase7.1 crosswalk,CLASSIFIED,SEE_CROSSWALK,AUTOMATIC,Stable object locator; page needs Word Desktop only if visual pagination is material.
HFUT_REF_DOC,《合肥工业大学学报（自然科学版）》参考文献要求及示例.doc,HFUT_REF_DOC-P012,LO_DERIVED_PAGE_NOT_STABLE,body paragraph 12,paragraph/run_group,"二 专著：[序号]作者（格式要求同期刊）.书名[M].版本（第一版不写）.出版地：出版者,出版年:析出文献页码(可以不标注).",BLACK_OR_INHERITED,Reference typography/GB-T 7714 format evidence.,LibreOffice DOC→DOCX derived OOXML inspection,,,SOURCE_TEXT_OR_RUN_INSPECTION,INHERITED_OR_UNSET,YES,NO,,314,,,314,exact:280,,,NO,NO,NO,,,,,,,,,,,,,,,TEXT_RULE_GENERAL,YES,See Phase7.1 style matrix,See Phase7.1 crosswalk,CLASSIFIED,SEE_CROSSWALK,AUTOMATIC,Stable object locator; page needs Word Desktop only if visual pagination is material.
HFUT_REF_DOC,《合肥工业大学学报（自然科学版）》参考文献要求及示例.doc,HFUT_REF_DOC-P013,LO_DERIVED_PAGE_NOT_STABLE,body paragraph 13,paragraph/run_group,"[7]  吴业正,李红旗,张华.制冷压缩机[M].3版.北京:机械工业出版社,2019:38-39.",BLACK_OR_INHERITED,Reference typography/GB-T 7714 format evidence.,LibreOffice DOC→DOCX derived OOXML inspection,,,SOURCE_TEXT_OR_RUN_INSPECTION,7.5,NO,NO,,318,,,318,exact:280,,,NO,NO,NO,,,,,,,,,,,,,,,EXAMPLE_SPECIFIC,YES,See Phase7.1 style matrix,See Phase7.1 crosswalk,CLASSIFIED,SEE_CROSSWALK,AUTOMATIC,Stable object locator; page needs Word Desktop only if visual pagination is material.
HFUT_REF_DOC,《合肥工业大学学报（自然科学版）》参考文献要求及示例.doc,HFUT_REF_DOC-P014,LO_DERIVED_PAGE_NOT_STABLE,body paragraph 14,paragraph/run_group,"[8]  Kelly Rainer R, Turban E, Potter R E, et al. Introduction to information systems[M].3rd ed.[S.l.]: John Wiley & Sons,Inc.,",BLACK_OR_INHERITED,Reference typography/GB-T 7714 format evidence.,LibreOffice DOC→DOCX derived OOXML inspection,,,SOURCE_TEXT_OR_RUN_INSPECTION,7.5,NO,NO,,318,,,318,exact:280,,,NO,NO,NO,,,,,,,,,,,,,,,EXAMPLE_SPECIFIC,YES,See Phase7.1 style matrix,See Phase7.1 crosswalk,CLASSIFIED,SEE_CROSSWALK,AUTOMATIC,Stable object locator; page needs Word Desktop only if visual pagination is material.
HFUT_REF_DOC,《合肥工业大学学报（自然科学版）》参考文献要求及示例.doc,HFUT_REF_DOC-P015,LO_DERIVED_PAGE_NOT_STABLE,body paragraph 15,paragraph/run_group,2010.,BLACK_OR_INHERITED,Reference typography/GB-T 7714 format evidence.,LibreOffice DOC→DOCX derived OOXML inspection,,,SOURCE_TEXT_OR_RUN_INSPECTION,7.5,NO,NO,,409,,,80,exact:280,,,NO,NO,NO,,,,,,,,,,,,,,,TEXT_RULE_GENERAL,YES,See Phase7.1 style matrix,See Phase7.1 crosswalk,CLASSIFIED,SEE_CROSSWALK,AUTOMATIC,Stable object locator; page needs Word Desktop only if visual pagination is material.
HFUT_REF_DOC,《合肥工业大学学报（自然科学版）》参考文献要求及示例.doc,HFUT_REF_DOC-P016,LO_DERIVED_PAGE_NOT_STABLE,body paragraph 16,paragraph/run_group,"[9]  Baliga B T.功率半导体器件基础[M].韩郑生,陆江,宋李梅,等,译.北京:电子工业出版社,2013.",BLACK_OR_INHERITED,Reference typography/GB-T 7714 format evidence.,LibreOffice DOC→DOCX derived OOXML inspection,,,SOURCE_TEXT_OR_RUN_INSPECTION,7.5,NO,NO,,318,,,318,exact:280,,,NO,NO,NO,,,,,,,,,,,,,,,EXAMPLE_SPECIFIC,YES,See Phase7.1 style matrix,See Phase7.1 crosswalk,CLASSIFIED,SEE_CROSSWALK,AUTOMATIC,Stable object locator; page needs Word Desktop only if visual pagination is material.
HFUT_REF_DOC,《合肥工业大学学报（自然科学版）》参考文献要求及示例.doc,HFUT_REF_DOC-P017,LO_DERIVED_PAGE_NOT_STABLE,body paragraph 17,paragraph/run_group,"[10] Kinchy A. Seeds, science, and struggle: the global politics of transgenic crops[M]. Cambridge, Mass.: MIT Press, 2012:50.",BLACK_OR_INHERITED,Reference typography/GB-T 7714 format evidence.,LibreOffice DOC→DOCX derived OOXML inspection,,,SOURCE_TEXT_OR_RUN_INSPECTION,7.5,NO,NO,,318,,,318,exact:280,,,NO,NO,NO,,,,,,,,,,,,,,,EXAMPLE_SPECIFIC,YES,See Phase7.1 style matrix,See Phase7.1 crosswalk,CLASSIFIED,SEE_CROSSWALK,AUTOMATIC,Stable object locator; page needs Word Desktop only if visual pagination is material.
HFUT_REF_DOC,《合肥工业大学学报（自然科学版）》参考文献要求及示例.doc,HFUT_REF_DOC-P018,LO_DERIVED_PAGE_NOT_STABLE,body paragraph 18,paragraph/run_group,"三 会议论文集：[序号]作者（格式要求同期刊）.题名[C]//编者.论文集名（会议名称）.出版地:出版者,出版年:起止页码.",BLACK_OR_INHERITED,Reference typography/GB-T 7714 format evidence.,LibreOffice DOC→DOCX derived OOXML inspection,,,SOURCE_TEXT_OR_RUN_INSPECTION,INHERITED_OR_UNSET,YES,NO,,314,,,314,exact:280,,,NO,NO,NO,,,,,,,,,,,,,,,TEXT_RULE_GENERAL,YES,See Phase7.1 style matrix,See Phase7.1 crosswalk,CLASSIFIED,SEE_CROSSWALK,AUTOMATIC,Stable object locator; page needs Word Desktop only if visual pagination is material.
HFUT_REF_DOC,《合肥工业大学学报（自然科学版）》参考文献要求及示例.doc,HFUT_REF_DOC-P019,LO_DERIVED_PAGE_NOT_STABLE,body paragraph 19,paragraph/run_group,"[11] Rajyalakshmi P, Sathappan S, Jyothi Rani M, et al. A novel image processing system to recognize and classify images using integrated advanced CNN and FPGA for IoT based applications [C]// 2022 4th International Conference on Inventive Research in Computing Applications. Coimbatore: IEEE,2022:365-368.",BLACK_OR_INHERITED,Reference typography/GB-T 7714 format evidence.,LibreOffice DOC→DOCX derived OOXML inspection,,,SOURCE_TEXT_OR_RUN_INSPECTION,7.5,NO,NO,,312,,,312,exact:280,,,NO,NO,NO,,,,,,,,,,,,,,,EXAMPLE_SPECIFIC,YES,See Phase7.1 style matrix,See Phase7.1 crosswalk,CLASSIFIED,SEE_CROSSWALK,AUTOMATIC,Stable object locator; page needs Word Desktop only if visual pagination is material.
HFUT_REF_DOC,《合肥工业大学学报（自然科学版）》参考文献要求及示例.doc,HFUT_REF_DOC-P020,LO_DERIVED_PAGE_NOT_STABLE,body paragraph 20,paragraph/run_group,"[12] Fourney M E. Advances in holographic photoelasticity [C]// GottenbergW G. Symposium on Applications of Holography in Mechanics, August23-25, 1971, University of Southern California, Los Angeles, California. New York: ASME, 1971: 17-38.",BLACK_OR_INHERITED,Reference typography/GB-T 7714 format evidence.,LibreOffice DOC→DOCX derived OOXML inspection,,,SOURCE_TEXT_OR_RUN_INSPECTION,7.5,NO,NO,,312,,,312,exact:280,,,NO,NO,NO,,,,,,,,,,,,,,,EXAMPLE_SPECIFIC,YES,See Phase7.1 style matrix,See Phase7.1 crosswalk,CLASSIFIED,SEE_CROSSWALK,AUTOMATIC,Stable object locator; page needs Word Desktop only if visual pagination is material.
HFUT_REF_DOC,《合肥工业大学学报（自然科学版）》参考文献要求及示例.doc,HFUT_REF_DOC-P021,LO_DERIVED_PAGE_NOT_STABLE,body paragraph 21,paragraph/run_group,"[13] 乔晓罡,李文静.从一些国家雨水利用情况谈我国的雨水利用[C]// “建设资源节约型、环境友好型社会”高层论坛论文集.陕西:西安地图出版社,2007:239-242.",BLACK_OR_INHERITED,Reference typography/GB-T 7714 format evidence.,LibreOffice DOC→DOCX derived OOXML inspection,,,SOURCE_TEXT_OR_RUN_INSPECTION,7.5,NO,NO,,312,,,312,exact:280,,,NO,NO,NO,,,,,,,,,,,,,,,EXAMPLE_SPECIFIC,YES,See Phase7.1 style matrix,See Phase7.1 crosswalk,CLASSIFIED,SEE_CROSSWALK,AUTOMATIC,Stable object locator; page needs Word Desktop only if visual pagination is material.
HFUT_REF_DOC,《合肥工业大学学报（自然科学版）》参考文献要求及示例.doc,HFUT_REF_DOC-P022,LO_DERIVED_PAGE_NOT_STABLE,body paragraph 22,paragraph/run_group,"[14] 肖希明,石庆功,刘奕.民国图书馆学教育的社会贡献[C]//纪念北京大学图书馆学教育100周年研讨会论文集.北京:北京大学信息管理系,2024:134-147.",BLACK_OR_INHERITED,Reference typography/GB-T 7714 format evidence.,LibreOffice DOC→DOCX derived OOXML inspection,,,SOURCE_TEXT_OR_RUN_INSPECTION,7.5,NO,NO,,312,,,312,exact:280,,,NO,NO,NO,,,,,,,,,,,,,,,EXAMPLE_SPECIFIC,YES,See Phase7.1 style matrix,See Phase7.1 crosswalk,CLASSIFIED,SEE_CROSSWALK,AUTOMATIC,Stable object locator; page needs Word Desktop only if visual pagination is material.
HFUT_REF_DOC,《合肥工业大学学报（自然科学版）》参考文献要求及示例.doc,HFUT_REF_DOC-P023,LO_DERIVED_PAGE_NOT_STABLE,body paragraph 23,paragraph/run_group,四 学位论文：[序号] 作者（格式要求同期刊）.题名[D].保存地点:保存单位，授予年份：引文页码.,BLACK_OR_INHERITED,Reference typography/GB-T 7714 format evidence.,LibreOffice DOC→DOCX derived OOXML inspection,,,SOURCE_TEXT_OR_RUN_INSPECTION,INHERITED_OR_UNSET,YES,NO,,314,,,314,exact:280,,,NO,NO,NO,,,,,,,,,,,,,,,TEXT_RULE_GENERAL,YES,See Phase7.1 style matrix,See Phase7.1 crosswalk,CLASSIFIED,SEE_CROSSWALK,AUTOMATIC,Stable object locator; page needs Word Desktop only if visual pagination is material.
HFUT_REF_DOC,《合肥工业大学学报（自然科学版）》参考文献要求及示例.doc,HFUT_REF_DOC-P024,LO_DERIVED_PAGE_NOT_STABLE,body paragraph 24,paragraph/run_group,"[15] 王琦.融合星载GNSS-R和SAR数据的高时空分辨率土壤湿度反演方法研究[D].武汉:武汉大学,2022:87.",BLACK_OR_INHERITED,Reference typography/GB-T 7714 format evidence.,LibreOffice DOC→DOCX derived OOXML inspection,,,SOURCE_TEXT_OR_RUN_INSPECTION,7.5,NO,NO,,316,,,316,exact:280,,,NO,NO,NO,,,,,,,,,,,,,,,EXAMPLE_SPECIFIC,YES,See Phase7.1 style matrix,See Phase7.1 crosswalk,CLASSIFIED,SEE_CROSSWALK,AUTOMATIC,Stable object locator; page needs Word Desktop only if visual pagination is material.
HFUT_REF_DOC,《合肥工业大学学报（自然科学版）》参考文献要求及示例.doc,HFUT_REF_DOC-P025,LO_DERIVED_PAGE_NOT_STABLE,body paragraph 25,paragraph/run_group,"[16] Christou A. Improving knowledge graph understanding with contextual views [D]. Ohio: Wrigbt State University, 2024: 18.",BLACK_OR_INHERITED,Reference typography/GB-T 7714 format evidence.,LibreOffice DOC→DOCX derived OOXML inspection,,,SOURCE_TEXT_OR_RUN_INSPECTION,7.5,NO,NO,,316,,,316,exact:280,,,NO,NO,NO,,,,,,,,,,,,,,,EXAMPLE_SPECIFIC,YES,See Phase7.1 style matrix,See Phase7.1 crosswalk,CLASSIFIED,SEE_CROSSWALK,AUTOMATIC,Stable object locator; page needs Word Desktop only if visual pagination is material.
HFUT_REF_DOC,《合肥工业大学学报（自然科学版）》参考文献要求及示例.doc,HFUT_REF_DOC-P026,LO_DERIVED_PAGE_NOT_STABLE,body paragraph 26,paragraph/run_group,五 标准：[序号] 标准编号 标准名称[S].,BLACK_OR_INHERITED,Reference typography/GB-T 7714 format evidence.,LibreOffice DOC→DOCX derived OOXML inspection,,,SOURCE_TEXT_OR_RUN_INSPECTION,INHERITED_OR_UNSET,YES,NO,,314,,,314,exact:280,,,NO,NO,NO,,,,,,,,,,,,,,,TEXT_RULE_GENERAL,YES,See Phase7.1 style matrix,See Phase7.1 crosswalk,CLASSIFIED,SEE_CROSSWALK,AUTOMATIC,Stable object locator; page needs Word Desktop only if visual pagination is material.
HFUT_REF_DOC,《合肥工业大学学报（自然科学版）》参考文献要求及示例.doc,HFUT_REF_DOC-P027,LO_DERIVED_PAGE_NOT_STABLE,body paragraph 27,paragraph/run_group,[17]  GB/T 22068—2018 汽车空调用电动压缩机总成[S].,BLACK_OR_INHERITED,Reference typography/GB-T 7714 format evidence.,LibreOffice DOC→DOCX derived OOXML inspection,,,SOURCE_TEXT_OR_RUN_INSPECTION,7.5,NO,NO,,396,,,396,exact:280,,,NO,NO,NO,,,,,,,,,,,,,,,EXAMPLE_SPECIFIC,YES,See Phase7.1 style matrix,See Phase7.1 crosswalk,CLASSIFIED,SEE_CROSSWALK,AUTOMATIC,Stable object locator; page needs Word Desktop only if visual pagination is material.
HFUT_REF_DOC,《合肥工业大学学报（自然科学版）》参考文献要求及示例.doc,HFUT_REF_DOC-P028,LO_DERIVED_PAGE_NOT_STABLE,body paragraph 28,paragraph/run_group,[18]  IEC/IEEE 61636-1:2021 Software interface for maintenance information collection and analysis (SIMICA): exchanging test results and session information via the eXtensible Markup Language (XML)[S].,BLACK_OR_INHERITED,Reference typography/GB-T 7714 format evidence.,LibreOffice DOC→DOCX derived OOXML inspection,,,SOURCE_TEXT_OR_RUN_INSPECTION,7.5,NO,NO,,396,,,396,exact:280,,,NO,NO,NO,,,,,,,,,,,,,,,EXAMPLE_SPECIFIC,YES,See Phase7.1 style matrix,See Phase7.1 crosswalk,CLASSIFIED,SEE_CROSSWALK,AUTOMATIC,Stable object locator; page needs Word Desktop only if visual pagination is material.
HFUT_REF_DOC,《合肥工业大学学报（自然科学版）》参考文献要求及示例.doc,HFUT_REF_DOC-P029,LO_DERIVED_PAGE_NOT_STABLE,body paragraph 29,paragraph/run_group,六 预印本：[序号] 作者（格式要求同期刊）.题名[PP/OL].版本.出版平台(创建或修改日期)[引用日期].获取和访问路径.,BLACK_OR_INHERITED,Reference typography/GB-T 7714 format evidence.,LibreOffice DOC→DOCX derived OOXML inspection,,,SOURCE_TEXT_OR_RUN_INSPECTION,INHERITED_OR_UNSET,YES,NO,,314,,,314,exact:280,,,NO,NO,NO,,,,,,,,,,,,,,,TEXT_RULE_GENERAL,YES,See Phase7.1 style matrix,See Phase7.1 crosswalk,CLASSIFIED,SEE_CROSSWALK,AUTOMATIC,Stable object locator; page needs Word Desktop only if visual pagination is material.
HFUT_REF_DOC,《合肥工业大学学报（自然科学版）》参考文献要求及示例.doc,HFUT_REF_DOC-P030,LO_DERIVED_PAGE_NOT_STABLE,body paragraph 30,paragraph/run_group,"[19] Courbariaux M, Hubara I, Soudry D, et al. Binarized neural networks: training deep neural networks with weights and activations constrained to +1 or ﹣1[PP/OL].V3.arXiv (2016-03-17)[2025-06-24].http://doi.org/10.48550/arXiv.1602.02830.",BLACK_OR_INHERITED,Reference typography/GB-T 7714 format evidence.,LibreOffice DOC→DOCX derived OOXML inspection,,,SOURCE_TEXT_OR_RUN_INSPECTION,7.5,NO,NO,,396,,,396,exact:280,,,NO,NO,NO,,,,,,,,,,,,,,,EXAMPLE_SPECIFIC,YES,See Phase7.1 style matrix,See Phase7.1 crosswalk,CLASSIFIED,SEE_CROSSWALK,AUTOMATIC,Stable object locator; page needs Word Desktop only if visual pagination is material.
HFUT_REF_DOC,《合肥工业大学学报（自然科学版）》参考文献要求及示例.doc,HFUT_REF_DOC-P031,LO_DERIVED_PAGE_NOT_STABLE,body paragraph 31,paragraph/run_group,七 网页、网站：[序号] 作者（格式要求同期刊）(有则必备).题名[EB/OL]. (创建或修改日期)[引用日期]. 获取和访问路径.,BLACK_OR_INHERITED,Reference typography/GB-T 7714 format evidence.,LibreOffice DOC→DOCX derived OOXML inspection,,,SOURCE_TEXT_OR_RUN_INSPECTION,INHERITED_OR_UNSET,YES,NO,,314,,,314,exact:280,,,NO,NO,NO,,,,,,,,,,,,,,,TEXT_RULE_GENERAL,YES,See Phase7.1 style matrix,See Phase7.1 crosswalk,CLASSIFIED,SEE_CROSSWALK,AUTOMATIC,Stable object locator; page needs Word Desktop only if visual pagination is material.
HFUT_REF_DOC,《合肥工业大学学报（自然科学版）》参考文献要求及示例.doc,HFUT_REF_DOC-P032,LO_DERIVED_PAGE_NOT_STABLE,body paragraph 32,paragraph/run_group,"[20] Antonio M, Pepper L. Historias de Portugal: livros caidos [EB/OL].(2019-07-13)[2025-01-02].https://arquivo.pt/wayback20190905210731/http://publico.pt/2019/07/13/sociedade/noticia/podcast-his-torias-portugal-cuidadores-1879731.",BLACK_OR_INHERITED,Reference typography/GB-T 7714 format evidence.,LibreOffice DOC→DOCX derived OOXML inspection,,,SOURCE_TEXT_OR_RUN_INSPECTION,7.5,NO,NO,,227,,,227,exact:280,,,NO,NO,NO,,,,,,,,,,,,,,,EXAMPLE_SPECIFIC,YES,See Phase7.1 style matrix,See Phase7.1 crosswalk,CLASSIFIED,SEE_CROSSWALK,AUTOMATIC,Stable object locator; page needs Word Desktop only if visual pagination is material.
HFUT_REF_DOC,《合肥工业大学学报（自然科学版）》参考文献要求及示例.doc,HFUT_REF_DOC-P033,LO_DERIVED_PAGE_NOT_STABLE,body paragraph 33,paragraph/run_group,[21] 中国国家博物馆[EB/OL].[2025-05-06]. https://www. chnmuseum.cn/.,BLACK_OR_INHERITED,Reference typography/GB-T 7714 format evidence.,LibreOffice DOC→DOCX derived OOXML inspection,,,SOURCE_TEXT_OR_RUN_INSPECTION,7.5,NO,NO,,227,,,227,exact:280,,,NO,NO,NO,,,,,,,,,,,,,,,EXAMPLE_SPECIFIC,YES,See Phase7.1 style matrix,See Phase7.1 crosswalk,CLASSIFIED,SEE_CROSSWALK,AUTOMATIC,Stable object locator; page needs Word Desktop only if visual pagination is material.
HFUT_REF_DOC,《合肥工业大学学报（自然科学版）》参考文献要求及示例.doc,HFUT_REF_DOC-P034,LO_DERIVED_PAGE_NOT_STABLE,body paragraph 34,paragraph/run_group,八 专利：[序号] 专利申请者或所有者（格式要求同期刊）. 专利题名：专利编号[P].公告日期或公开日期.,BLACK_OR_INHERITED,Reference typography/GB-T 7714 format evidence.,LibreOffice DOC→DOCX derived OOXML inspection,,,SOURCE_TEXT_OR_RUN_INSPECTION,INHERITED_OR_UNSET,YES,NO,,314,,,314,exact:280,,,NO,NO,NO,,,,,,,,,,,,,,,TEXT_RULE_GENERAL,YES,See Phase7.1 style matrix,See Phase7.1 crosswalk,CLASSIFIED,SEE_CROSSWALK,AUTOMATIC,Stable object locator; page needs Word Desktop only if visual pagination is material.
HFUT_REF_DOC,《合肥工业大学学报（自然科学版）》参考文献要求及示例.doc,HFUT_REF_DOC-P035,LO_DERIVED_PAGE_NOT_STABLE,body paragraph 35,paragraph/run_group,[22]姜锡洲.一种温热外敷药制备方案: 88105607.3[P].1989-07-26.,BLACK_OR_INHERITED,Reference typography/GB-T 7714 format evidence.,LibreOffice DOC→DOCX derived OOXML inspection,Times New Roman,,SOURCE_TEXT_OR_RUN_INSPECTION,7.5,NO,NO,,318,,,318,exact:280,,,NO,NO,NO,,,,,,,,,,,,,,,EXAMPLE_SPECIFIC,YES,See Phase7.1 style matrix,See Phase7.1 crosswalk,CLASSIFIED,SEE_CROSSWALK,AUTOMATIC,Stable object locator; page needs Word Desktop only if visual pagination is material.
HFUT_REF_DOC,《合肥工业大学学报（自然科学版）》参考文献要求及示例.doc,HFUT_REF_DOC-P036,LO_DERIVED_PAGE_NOT_STABLE,body paragraph 36,paragraph/run_group,九 报告：[序号] 作者(格式要求同期刊).报告题名:报告编号[R].出版地：出版者，出版年：引文页码.,BLACK_OR_INHERITED,Reference typography/GB-T 7714 format evidence.,LibreOffice DOC→DOCX derived OOXML inspection,,,SOURCE_TEXT_OR_RUN_INSPECTION,INHERITED_OR_UNSET,YES,NO,,314,,,314,exact:280,,,NO,NO,NO,,,,,,,,,,,,,,,TEXT_RULE_GENERAL,YES,See Phase7.1 style matrix,See Phase7.1 crosswalk,CLASSIFIED,SEE_CROSSWALK,AUTOMATIC,Stable object locator; page needs Word Desktop only if visual pagination is material.
HFUT_REF_DOC,《合肥工业大学学报（自然科学版）》参考文献要求及示例.doc,HFUT_REF_DOC-P037,LO_DERIVED_PAGE_NOT_STABLE,body paragraph 37,paragraph/run_group,"[23] U.S. Department of Transportation Federal Highway Administration. Guidelines for handing excavated acid- producing materials: PB 9I-194001[R]. Springfield: U.S. Department of Commerce National Information Service, 1990: 25.",BLACK_OR_INHERITED,Reference typography/GB-T 7714 format evidence.,LibreOffice DOC→DOCX derived OOXML inspection,方正书宋简体;宋体,,SOURCE_TEXT_OR_RUN_INSPECTION,7.5,NO,NO,,318,,,318,exact:280,,,NO,NO,NO,,,,,,,,,,,,,,,EXAMPLE_SPECIFIC,YES,See Phase7.1 style matrix,See Phase7.1 crosswalk,CLASSIFIED,SEE_CROSSWALK,AUTOMATIC,Stable object locator; page needs Word Desktop only if visual pagination is material.
HFUT_REF_DOC,《合肥工业大学学报（自然科学版）》参考文献要求及示例.doc,HFUT_REF_DOC-P038,LO_DERIVED_PAGE_NOT_STABLE,body paragraph 38,paragraph/run_group,[24] 中国互联网络信息中心.第29次中国互联网络发展状况统计报告[R/OL].2012-01-16. http://www.cnnic.net.cn/NMediaFile/ old_attach/P020120612484958777344.pdf.,BLACK_OR_INHERITED,Reference typography/GB-T 7714 format evidence.,LibreOffice DOC→DOCX derived OOXML inspection,方正书宋简体;宋体,,SOURCE_TEXT_OR_RUN_INSPECTION,7.5,NO,NO,,318,,,318,:,,,NO,NO,NO,,,,,,,,,,,,,,,EXAMPLE_SPECIFIC,YES,See Phase7.1 style matrix,See Phase7.1 crosswalk,CLASSIFIED,SEE_CROSSWALK,AUTOMATIC,Stable object locator; page needs Word Desktop only if visual pagination is material.
HFUT_REF_DOC,《合肥工业大学学报（自然科学版）》参考文献要求及示例.doc,HFUT_REF_DOC-P039,LO_DERIVED_PAGE_NOT_STABLE,body paragraph 39,paragraph/run_group,十 地图：[序号] 主要责任者.题名.比例尺[CM].版本.出版地:出版者，出版年.尺寸.获取和访问路径.,BLACK_OR_INHERITED,Reference typography/GB-T 7714 format evidence.,LibreOffice DOC→DOCX derived OOXML inspection,,,SOURCE_TEXT_OR_RUN_INSPECTION,INHERITED_OR_UNSET,YES,NO,,440,,,440,:,,,NO,NO,NO,,,,,,,,,,,,,,,TEXT_RULE_GENERAL,YES,See Phase7.1 style matrix,See Phase7.1 crosswalk,CLASSIFIED,SEE_CROSSWALK,AUTOMATIC,Stable object locator; page needs Word Desktop only if visual pagination is material.
HFUT_REF_DOC,《合肥工业大学学报（自然科学版）》参考文献要求及示例.doc,HFUT_REF_DOC-P040,LO_DERIVED_PAGE_NOT_STABLE,body paragraph 40,paragraph/run_group,"[25] 胡健民.东南极拉斯曼丘陵地区地质图.1:25 000[CM].北京:科学出版社,2021.128 cm×84 cm.",BLACK_OR_INHERITED,Reference typography/GB-T 7714 format evidence.,LibreOffice DOC→DOCX derived OOXML inspection,方正书宋简体;宋体,,SOURCE_TEXT_OR_RUN_INSPECTION,7.5,NO,NO,,318,,,318,:,,,NO,NO,NO,,,,,,,,,,,,,,,EXAMPLE_SPECIFIC,YES,See Phase7.1 style matrix,See Phase7.1 crosswalk,CLASSIFIED,SEE_CROSSWALK,AUTOMATIC,Stable object locator; page needs Word Desktop only if visual pagination is material.
HFUT_REF_DOC,《合肥工业大学学报（自然科学版）》参考文献要求及示例.doc,HFUT_REF_DOC-P041,LO_DERIVED_PAGE_NOT_STABLE,body paragraph 41,paragraph/run_group,[26] 国家测绘地理信息局. 一带一路经济走廊及其途经城市分布地势图[CM/OL].http://ydy.china.com.cn/2016-10/27/,BLACK_OR_INHERITED,Reference typography/GB-T 7714 format evidence.,LibreOffice DOC→DOCX derived OOXML inspection,方正书宋简体;宋体,,SOURCE_TEXT_OR_RUN_INSPECTION,7.5,NO,NO,,318,,,318,:,,,NO,NO,NO,,,,,,,,,,,,,,,EXAMPLE_SPECIFIC,YES,See Phase7.1 style matrix,See Phase7.1 crosswalk,CLASSIFIED,SEE_CROSSWALK,AUTOMATIC,Stable object locator; page needs Word Desktop only if visual pagination is material.
HFUT_REF_DOC,《合肥工业大学学报（自然科学版）》参考文献要求及示例.doc,HFUT_REF_DOC-P042,LO_DERIVED_PAGE_NOT_STABLE,body paragraph 42,paragraph/run_group,content_39582227.htm.,BLACK_OR_INHERITED,Reference typography/GB-T 7714 format evidence.,LibreOffice DOC→DOCX derived OOXML inspection,方正书宋简体;宋体,,SOURCE_TEXT_OR_RUN_INSPECTION,7.5,NO,NO,,,,318,,:,,,NO,NO,NO,,,,,,,,,,,,,,,TEXT_RULE_GENERAL,YES,See Phase7.1 style matrix,See Phase7.1 crosswalk,CLASSIFIED,SEE_CROSSWALK,AUTOMATIC,Stable object locator; page needs Word Desktop only if visual pagination is material.
HFUT_FIG_DOC,《合肥工业大学学报（自然科学版）》插图要求及示例.doc,HFUT_FIG_DOC-P001,LO_DERIVED_PAGE_NOT_STABLE,body paragraph 1,paragraph/run_group,插图要求及示例,BLACK_OR_INHERITED,Figure submission rule; only caption/style can be automated.,LibreOffice DOC→DOCX derived OOXML inspection,黑体;SimHei,黑体;SimHei,SOURCE_TEXT_OR_RUN_INSPECTION,INHERITED_OR_UNSET,YES,NO,center,,,,,auto:240,312,312,NO,NO,NO,,,,,,,,,,,,,,,TEXT_RULE_GENERAL,YES,See Phase7.1 style matrix,See Phase7.1 crosswalk,CLASSIFIED,SEE_CROSSWALK,MANUAL,Stable object locator; page needs Word Desktop only if visual pagination is material.
HFUT_FIG_DOC,《合肥工业大学学报（自然科学版）》插图要求及示例.doc,HFUT_FIG_DOC-P002,LO_DERIVED_PAGE_NOT_STABLE,body paragraph 2,paragraph/run_group,1 插图要求,BLACK_OR_INHERITED,Figure submission rule; only caption/style can be automated.,LibreOffice DOC→DOCX derived OOXML inspection,黑体;SimHei,黑体;SimHei,SOURCE_TEXT_OR_RUN_INSPECTION,14.0,NO,NO,,,,,,auto:360,,,NO,NO,NO,,,,,,,,,,,,,,,TEXT_RULE_GENERAL,YES,See Phase7.1 style matrix,See Phase7.1 crosswalk,CLASSIFIED,SEE_CROSSWALK,MANUAL,Stable object locator; page needs Word Desktop only if visual pagination is material.
HFUT_FIG_DOC,《合肥工业大学学报（自然科学版）》插图要求及示例.doc,HFUT_FIG_DOC-P003,LO_DERIVED_PAGE_NOT_STABLE,body paragraph 3,paragraph/run_group,插图的排版可以参考《学术出版规范 插图》（CY/T 171—2019）和《学术论文编写规则》（GB/T 7713.2—2022）。,BLACK_OR_INHERITED,Figure submission rule; only caption/style can be automated.,LibreOffice DOC→DOCX derived OOXML inspection,,,SOURCE_TEXT_OR_RUN_INSPECTION,INHERITED_OR_UNSET,NO,NO,,,,420,,exact:320,,,NO,NO,NO,,,,,,,,,,,,,,,TEXT_RULE_GENERAL,YES,See Phase7.1 style matrix,See Phase7.1 crosswalk,CLASSIFIED,SEE_CROSSWALK,MANUAL,Stable object locator; page needs Word Desktop only if visual pagination is material.
HFUT_FIG_DOC,《合肥工业大学学报（自然科学版）》插图要求及示例.doc,HFUT_FIG_DOC-P004,LO_DERIVED_PAGE_NOT_STABLE,body paragraph 4,paragraph/run_group,本刊单栏图宽度不大于7.5 cm，通栏图宽度不大于16.0 cm；图中汉字字体为宋体，字母、数字字体为Times New Roman；满足上述宽度要求后，Visio图字号为8 pt，其他图中文字大小相当于word六号。,BLACK_OR_INHERITED,Figure submission rule; only caption/style can be automated.,LibreOffice DOC→DOCX derived OOXML inspection,,,SOURCE_TEXT_OR_RUN_INSPECTION,INHERITED_OR_UNSET,NO,NO,,,,418,,exact:320,,,NO,NO,NO,,,,,,,,,,,,,,,TEXT_RULE_GENERAL,YES,See Phase7.1 style matrix,See Phase7.1 crosswalk,CLASSIFIED,SEE_CROSSWALK,MANUAL,Stable object locator; page needs Word Desktop only if visual pagination is material.
HFUT_FIG_DOC,《合肥工业大学学报（自然科学版）》插图要求及示例.doc,HFUT_FIG_DOC-P005,LO_DERIVED_PAGE_NOT_STABLE,body paragraph 5,paragraph/run_group,曲线图：建议用Origin做曲线图，用复制页面功能插入Word中，不能截图或生成图片插入。曲线图必须包含曲线、坐标轴、刻度、数值、量与相应单位，删除底纹、底色。,BLACK_OR_INHERITED,Figure submission rule; only caption/style can be automated.,LibreOffice DOC→DOCX derived OOXML inspection,,,SOURCE_TEXT_OR_RUN_INSPECTION,INHERITED_OR_UNSET,YES,NO,,,,420,,exact:320,,,NO,NO,NO,,,,,,,,,,,,,,,TEXT_RULE_GENERAL,YES,See Phase7.1 style matrix,See Phase7.1 crosswalk,CLASSIFIED,SEE_CROSSWALK,MANUAL,Stable object locator; page needs Word Desktop only if visual pagination is material.
HFUT_FIG_DOC,《合肥工业大学学报（自然科学版）》插图要求及示例.doc,HFUT_FIG_DOC-P006,LO_DERIVED_PAGE_NOT_STABLE,body paragraph 6,paragraph/run_group,流程图、框图：用Visio做图，复制到Word中，不能生成图片。,BLACK_OR_INHERITED,Figure submission rule; only caption/style can be automated.,LibreOffice DOC→DOCX derived OOXML inspection,,,SOURCE_TEXT_OR_RUN_INSPECTION,INHERITED_OR_UNSET,YES,NO,,,,420,,exact:320,,,NO,NO,NO,,,,,,,,,,,,,,,TEXT_RULE_GENERAL,YES,See Phase7.1 style matrix,See Phase7.1 crosswalk,CLASSIFIED,SEE_CROSSWALK,MANUAL,Stable object locator; page needs Word Desktop only if visual pagination is material.
HFUT_FIG_DOC,《合肥工业大学学报（自然科学版）》插图要求及示例.doc,HFUT_FIG_DOC-P007,LO_DERIVED_PAGE_NOT_STABLE,body paragraph 7,paragraph/run_group,其他类型图（图中有文字）：将图片插入Visio，其中的文字、数字、字母在Visio中添加、编辑，整图复制到Word中，不能生成图片。,BLACK_OR_INHERITED,Figure submission rule; only caption/style can be automated.,LibreOffice DOC→DOCX derived OOXML inspection,,,SOURCE_TEXT_OR_RUN_INSPECTION,INHERITED_OR_UNSET,YES,NO,,,,420,,exact:320,,,NO,NO,NO,,,,,,,,,,,,,,,TEXT_RULE_GENERAL,YES,See Phase7.1 style matrix,See Phase7.1 crosswalk,CLASSIFIED,SEE_CROSSWALK,MANUAL,Stable object locator; page needs Word Desktop only if visual pagination is material.
HFUT_FIG_DOC,《合肥工业大学学报（自然科学版）》插图要求及示例.doc,HFUT_FIG_DOC-P008,LO_DERIVED_PAGE_NOT_STABLE,body paragraph 8,paragraph/run_group,文图呼应，先文后图，如“……如图1所示”。,BLACK_OR_INHERITED,Figure submission rule; only caption/style can be automated.,LibreOffice DOC→DOCX derived OOXML inspection,,,SOURCE_TEXT_OR_RUN_INSPECTION,INHERITED_OR_UNSET,NO,NO,,,,418,,exact:320,,,NO,NO,NO,,,,,,,,,,,,,,,TEXT_RULE_GENERAL,YES,See Phase7.1 style matrix,See Phase7.1 crosswalk,CLASSIFIED,SEE_CROSSWALK,MANUAL,Stable object locator; page needs Word Desktop only if visual pagination is material.
HFUT_FIG_DOC,《合肥工业大学学报（自然科学版）》插图要求及示例.doc,HFUT_FIG_DOC-P009,LO_DERIVED_PAGE_NOT_STABLE,body paragraph 9,paragraph/run_group,附图全文连续编号，子图应编序号，有时还需有子图题。子图序号用（a）、(b)、(c)等，正文中描述时，形式如“图1a”。,BLACK_OR_INHERITED,Figure submission rule; only caption/style can be automated.,LibreOffice DOC→DOCX derived OOXML inspection,,,SOURCE_TEXT_OR_RUN_INSPECTION,INHERITED_OR_UNSET,NO,NO,,,,418,,exact:320,,,NO,NO,NO,,,,,,,,,,,,,,,TEXT_RULE_GENERAL,YES,See Phase7.1 style matrix,See Phase7.1 crosswalk,CLASSIFIED,SEE_CROSSWALK,MANUAL,Stable object locator; page needs Word Desktop only if visual pagination is material.
HFUT_FIG_DOC,《合肥工业大学学报（自然科学版）》插图要求及示例.doc,HFUT_FIG_DOC-P010,LO_DERIVED_PAGE_NOT_STABLE,body paragraph 10,paragraph/run_group,2 不同类型插图示例,BLACK_OR_INHERITED,Figure submission rule; only caption/style can be automated.,LibreOffice DOC→DOCX derived OOXML inspection,黑体;SimHei,黑体;SimHei,SOURCE_TEXT_OR_RUN_INSPECTION,14.0,NO,NO,,,,,,auto:360,,,NO,NO,NO,,,,,,,,,,,,,,,TEXT_RULE_GENERAL,YES,See Phase7.1 style matrix,See Phase7.1 crosswalk,CLASSIFIED,SEE_CROSSWALK,MANUAL,Stable object locator; page needs Word Desktop only if visual pagination is material.
HFUT_FIG_DOC,《合肥工业大学学报（自然科学版）》插图要求及示例.doc,HFUT_FIG_DOC-P011,LO_DERIVED_PAGE_NOT_STABLE,body paragraph 11,paragraph/run_group,例1 流程图(Visio图),BLACK_OR_INHERITED,Figure asset/specimen; final Visio/Origin work deferred.,LibreOffice DOC→DOCX derived OOXML inspection,黑体;SimHei,,SOURCE_TEXT_OR_RUN_INSPECTION,INHERITED_OR_UNSET,YES,NO,,,,,,exact:320,,,NO,NO,NO,,,,,,,,,,,,,,,EXAMPLE_SPECIFIC,YES,See Phase7.1 style matrix,See Phase7.1 crosswalk,CLASSIFIED,SEE_CROSSWALK,MANUAL,Stable object locator; page needs Word Desktop only if visual pagination is material.
HFUT_FIG_DOC,《合肥工业大学学报（自然科学版）》插图要求及示例.doc,HFUT_FIG_DOC-P012,LO_DERIVED_PAGE_NOT_STABLE,body paragraph 12,paragraph/run_group,基于随机森林的控制图模式识别模型如图1所示。,BLACK_OR_INHERITED,Figure submission rule; only caption/style can be automated.,LibreOffice DOC→DOCX derived OOXML inspection,,,SOURCE_TEXT_OR_RUN_INSPECTION,INHERITED_OR_UNSET,NO,NO,,,,420,,exact:320,,,NO,NO,NO,,,,,,,,,,,,,,,TEXT_RULE_GENERAL,YES,See Phase7.1 style matrix,See Phase7.1 crosswalk,CLASSIFIED,SEE_CROSSWALK,MANUAL,Stable object locator; page needs Word Desktop only if visual pagination is material.
HFUT_FIG_DOC,《合肥工业大学学报（自然科学版）》插图要求及示例.doc,HFUT_FIG_DOC-P013,LO_DERIVED_PAGE_NOT_STABLE,body paragraph 13,paragraph/run_group,图1 基于随机森林的控制图模式识别模型(6号黑体，居中),BLACK_OR_INHERITED,Figure asset/specimen; final Visio/Origin work deferred.,LibreOffice DOC→DOCX derived OOXML inspection,黑体;SimHei,,SOURCE_TEXT_OR_RUN_INSPECTION,7.5,YES,NO,center,,,,,:,,,NO,NO,NO,,,,,,,,,,,,,,,EXAMPLE_SPECIFIC,YES,See Phase7.1 style matrix,See Phase7.1 crosswalk,CLASSIFIED,SEE_CROSSWALK,MANUAL,Stable object locator; page needs Word Desktop only if visual pagination is material.
HFUT_FIG_DOC,《合肥工业大学学报（自然科学版）》插图要求及示例.doc,HFUT_FIG_DOC-P014,LO_DERIVED_PAGE_NOT_STABLE,body paragraph 14,paragraph/run_group,例2 曲线图（Origin图）,BLACK_OR_INHERITED,Figure asset/specimen; final Visio/Origin work deferred.,LibreOffice DOC→DOCX derived OOXML inspection,黑体;SimHei,,SOURCE_TEXT_OR_RUN_INSPECTION,INHERITED_OR_UNSET,YES,NO,,,,,,exact:320,,,NO,NO,NO,,,,,,,,,,,,,,,EXAMPLE_SPECIFIC,YES,See Phase7.1 style matrix,See Phase7.1 crosswalk,CLASSIFIED,SEE_CROSSWALK,MANUAL,Stable object locator; page needs Word Desktop only if visual pagination is material.
HFUT_FIG_DOC,《合肥工业大学学报（自然科学版）》插图要求及示例.doc,HFUT_FIG_DOC-P015,LO_DERIVED_PAGE_NOT_STABLE,body paragraph 15,paragraph/run_group,坐标图中，一定要注明坐标轴物理量名称和国际标准单位，标值线朝向里侧，变量名用斜体，单位用正体，分隔符为“/”，如应力“/MPa”。组合单位应加括号，如密度/（kg/m3），注意特殊情况，角度/(°)必须加括号。,BLACK_OR_INHERITED,Figure submission rule; only caption/style can be automated.,LibreOffice DOC→DOCX derived OOXML inspection,,,SOURCE_TEXT_OR_RUN_INSPECTION,INHERITED_OR_UNSET,NO,NO,,,,418,,exact:320,,,NO,NO,NO,,,,,,,,,,,,,,,TEXT_RULE_GENERAL,YES,See Phase7.1 style matrix,See Phase7.1 crosswalk,CLASSIFIED,SEE_CROSSWALK,MANUAL,Stable object locator; page needs Word Desktop only if visual pagination is material.
HFUT_FIG_DOC,《合肥工业大学学报（自然科学版）》插图要求及示例.doc,HFUT_FIG_DOC-P016,LO_DERIVED_PAGE_NOT_STABLE,body paragraph 16,paragraph/run_group,柱状图注意给出标目，如“实验组别”、“制备过程”等。,BLACK_OR_INHERITED,Figure submission rule; only caption/style can be automated.,LibreOffice DOC→DOCX derived OOXML inspection,,,SOURCE_TEXT_OR_RUN_INSPECTION,INHERITED_OR_UNSET,NO,NO,,,,420,,exact:320,,,NO,NO,NO,,,,,,,,,,,,,,,TEXT_RULE_GENERAL,YES,See Phase7.1 style matrix,See Phase7.1 crosswalk,CLASSIFIED,SEE_CROSSWALK,MANUAL,Stable object locator; page needs Word Desktop only if visual pagination is material.
HFUT_FIG_DOC,《合肥工业大学学报（自然科学版）》插图要求及示例.doc,HFUT_FIG_DOC-P017,LO_DERIVED_PAGE_NOT_STABLE,body paragraph 17,paragraph/run_group,发动机转矩和油耗率如图2所示。溶颗粒制备过程中活菌量的变化如图3所示。,BLACK_OR_INHERITED,Figure submission rule; only caption/style can be automated.,LibreOffice DOC→DOCX derived OOXML inspection,,宋体;SimSun,SOURCE_TEXT_OR_RUN_INSPECTION,INHERITED_OR_UNSET,NO,NO,,,,420,,exact:320,,,NO,NO,NO,,,,,,,,,,,,,,,TEXT_RULE_GENERAL,YES,See Phase7.1 style matrix,See Phase7.1 crosswalk,CLASSIFIED,SEE_CROSSWALK,MANUAL,Stable object locator; page needs Word Desktop only if visual pagination is material.
HFUT_FIG_DOC,《合肥工业大学学报（自然科学版）》插图要求及示例.doc,HFUT_FIG_DOC-P018,LO_DERIVED_PAGE_NOT_STABLE,body paragraph 18,paragraph/run_group,图2 发动机转矩和油耗率,BLACK_OR_INHERITED,Figure asset/specimen; final Visio/Origin work deferred.,LibreOffice DOC→DOCX derived OOXML inspection,,,SOURCE_TEXT_OR_RUN_INSPECTION,INHERITED_OR_UNSET,NO,NO,center,,,,,:,,,NO,NO,NO,,,,,,,,,,,,,,,EXAMPLE_SPECIFIC,YES,See Phase7.1 style matrix,See Phase7.1 crosswalk,CLASSIFIED,SEE_CROSSWALK,MANUAL,Stable object locator; page needs Word Desktop only if visual pagination is material.
HFUT_FIG_DOC,《合肥工业大学学报（自然科学版）》插图要求及示例.doc,HFUT_FIG_DOC-P019,LO_DERIVED_PAGE_NOT_STABLE,body paragraph 19,paragraph/run_group,图3 溶颗粒制备过程中活菌量的变化,BLACK_OR_INHERITED,Figure asset/specimen; final Visio/Origin work deferred.,LibreOffice DOC→DOCX derived OOXML inspection,黑体;SimHei,,SOURCE_TEXT_OR_RUN_INSPECTION,7.5,YES,NO,center,,,,,:,,,NO,NO,NO,,,,,,,,,,,,,,,EXAMPLE_SPECIFIC,YES,See Phase7.1 style matrix,See Phase7.1 crosswalk,CLASSIFIED,SEE_CROSSWALK,MANUAL,Stable object locator; page needs Word Desktop only if visual pagination is material.
HFUT_FIG_DOC,《合肥工业大学学报（自然科学版）》插图要求及示例.doc,HFUT_FIG_DOC-P020,LO_DERIVED_PAGE_NOT_STABLE,body paragraph 20,paragraph/run_group,例3 部件介绍图,BLACK_OR_INHERITED,Figure asset/specimen; final Visio/Origin work deferred.,LibreOffice DOC→DOCX derived OOXML inspection,黑体;SimHei,,SOURCE_TEXT_OR_RUN_INSPECTION,INHERITED_OR_UNSET,YES,NO,,,,,,exact:320,,,NO,NO,NO,,,,,,,,,,,,,,,EXAMPLE_SPECIFIC,YES,See Phase7.1 style matrix,See Phase7.1 crosswalk,CLASSIFIED,SEE_CROSSWALK,MANUAL,Stable object locator; page needs Word Desktop only if visual pagination is material.
HFUT_FIG_DOC,《合肥工业大学学报（自然科学版）》插图要求及示例.doc,HFUT_FIG_DOC-P021,LO_DERIVED_PAGE_NOT_STABLE,body paragraph 21,paragraph/run_group,ATM爆炸图如图4所示。图中数字按顺时针或逆时针顺序给出；指线不加箭头。,BLACK_OR_INHERITED,Figure submission rule; only caption/style can be automated.,LibreOffice DOC→DOCX derived OOXML inspection,,,SOURCE_TEXT_OR_RUN_INSPECTION,INHERITED_OR_UNSET,NO,NO,,,,418,,exact:320,,,NO,NO,NO,,,,,,,,,,,,,,,TEXT_RULE_GENERAL,YES,See Phase7.1 style matrix,See Phase7.1 crosswalk,CLASSIFIED,SEE_CROSSWALK,MANUAL,Stable object locator; page needs Word Desktop only if visual pagination is material.
HFUT_FIG_DOC,《合肥工业大学学报（自然科学版）》插图要求及示例.doc,HFUT_FIG_DOC-P022,LO_DERIVED_PAGE_NOT_STABLE,body paragraph 22,paragraph/run_group,图4 ATM爆炸图（Visio作图，数字顺时针顺序）,BLACK_OR_INHERITED,Figure asset/specimen; final Visio/Origin work deferred.,LibreOffice DOC→DOCX derived OOXML inspection,黑体;SimHei,,SOURCE_TEXT_OR_RUN_INSPECTION,7.5,YES,NO,center,,,,,exact:280,,,NO,NO,NO,,,,,,,,,,,,,,,EXAMPLE_SPECIFIC,YES,See Phase7.1 style matrix,See Phase7.1 crosswalk,CLASSIFIED,SEE_CROSSWALK,MANUAL,Stable object locator; page needs Word Desktop only if visual pagination is material.
HFUT_FIG_DOC,《合肥工业大学学报（自然科学版）》插图要求及示例.doc,HFUT_FIG_DOC-P023,LO_DERIVED_PAGE_NOT_STABLE,body paragraph 23,paragraph/run_group,例4 含变量的示例图,BLACK_OR_INHERITED,Figure asset/specimen; final Visio/Origin work deferred.,LibreOffice DOC→DOCX derived OOXML inspection,黑体;SimHei,,SOURCE_TEXT_OR_RUN_INSPECTION,INHERITED_OR_UNSET,YES,NO,,,,,,exact:320,,,NO,NO,NO,,,,,,,,,,,,,,,EXAMPLE_SPECIFIC,YES,See Phase7.1 style matrix,See Phase7.1 crosswalk,CLASSIFIED,SEE_CROSSWALK,MANUAL,Stable object locator; page needs Word Desktop only if visual pagination is material.
HFUT_FIG_DOC,《合肥工业大学学报（自然科学版）》插图要求及示例.doc,HFUT_FIG_DOC-P024,LO_DERIVED_PAGE_NOT_STABLE,body paragraph 24,paragraph/run_group,图中含有相关变量时，正斜体要区分，标量矢量也需要区分。一般采用Visio软件在图中添加文字或变量等。图中变量为矢量、向量、矩阵时变量字母需加粗，下标中的说明性字母用正体。三自由度模型如图5所示。,BLACK_OR_INHERITED,Figure asset/specimen; final Visio/Origin work deferred.,LibreOffice DOC→DOCX derived OOXML inspection,,,SOURCE_TEXT_OR_RUN_INSPECTION,INHERITED_OR_UNSET,NO,NO,,,,420,,exact:320,,,NO,NO,NO,,,,,,,,,,,,,,,EXAMPLE_SPECIFIC,YES,See Phase7.1 style matrix,See Phase7.1 crosswalk,CLASSIFIED,SEE_CROSSWALK,MANUAL,Stable object locator; page needs Word Desktop only if visual pagination is material.
HFUT_FIG_DOC,《合肥工业大学学报（自然科学版）》插图要求及示例.doc,HFUT_FIG_DOC-P025,LO_DERIVED_PAGE_NOT_STABLE,body paragraph 25,paragraph/run_group,图5 三自由度模型（Visio作图）,BLACK_OR_INHERITED,Figure asset/specimen; final Visio/Origin work deferred.,LibreOffice DOC→DOCX derived OOXML inspection,,,SOURCE_TEXT_OR_RUN_INSPECTION,INHERITED_OR_UNSET,NO,NO,center,,,,,:,,,NO,NO,NO,,,,,,,,,,,,,,,EXAMPLE_SPECIFIC,YES,See Phase7.1 style matrix,See Phase7.1 crosswalk,CLASSIFIED,SEE_CROSSWALK,MANUAL,Stable object locator; page needs Word Desktop only if visual pagination is material.
HFUT_FIG_DOC,《合肥工业大学学报（自然科学版）》插图要求及示例.doc,HFUT_FIG_DOC-P026,LO_DERIVED_PAGE_NOT_STABLE,body paragraph 26,paragraph/run_group,例5 尺寸标注图,BLACK_OR_INHERITED,Figure asset/specimen; final Visio/Origin work deferred.,LibreOffice DOC→DOCX derived OOXML inspection,黑体;SimHei,,SOURCE_TEXT_OR_RUN_INSPECTION,INHERITED_OR_UNSET,YES,NO,,,,,,exact:320,,,NO,NO,NO,,,,,,,,,,,,,,,EXAMPLE_SPECIFIC,YES,See Phase7.1 style matrix,See Phase7.1 crosswalk,CLASSIFIED,SEE_CROSSWALK,MANUAL,Stable object locator; page needs Word Desktop only if visual pagination is material.
HFUT_FIG_DOC,《合肥工业大学学报（自然科学版）》插图要求及示例.doc,HFUT_FIG_DOC-P027,LO_DERIVED_PAGE_NOT_STABLE,body paragraph 27,paragraph/run_group,构造图、装配图中的尺寸数据应标注单位，共同单位放在图的右下角或左下角，写作“单位：××”。,BLACK_OR_INHERITED,Figure submission rule; only caption/style can be automated.,LibreOffice DOC→DOCX derived OOXML inspection,,,SOURCE_TEXT_OR_RUN_INSPECTION,INHERITED_OR_UNSET,NO,NO,,,,420,,exact:320,,,NO,NO,NO,,,,,,,,,,,,,,,TEXT_RULE_GENERAL,YES,See Phase7.1 style matrix,See Phase7.1 crosswalk,CLASSIFIED,SEE_CROSSWALK,MANUAL,Stable object locator; page needs Word Desktop only if visual pagination is material.
HFUT_FIG_DOC,《合肥工业大学学报（自然科学版）》插图要求及示例.doc,HFUT_FIG_DOC-P028,LO_DERIVED_PAGE_NOT_STABLE,body paragraph 28,paragraph/run_group,耳片孔试样形状与尺寸如图6所示。,BLACK_OR_INHERITED,Figure submission rule; only caption/style can be automated.,LibreOffice DOC→DOCX derived OOXML inspection,,,SOURCE_TEXT_OR_RUN_INSPECTION,INHERITED_OR_UNSET,NO,NO,,,,420,,exact:320,,,NO,NO,NO,,,,,,,,,,,,,,,TEXT_RULE_GENERAL,YES,See Phase7.1 style matrix,See Phase7.1 crosswalk,CLASSIFIED,SEE_CROSSWALK,MANUAL,Stable object locator; page needs Word Desktop only if visual pagination is material.
HFUT_FIG_DOC,《合肥工业大学学报（自然科学版）》插图要求及示例.doc,HFUT_FIG_DOC-P029,LO_DERIVED_PAGE_NOT_STABLE,body paragraph 29,paragraph/run_group,图6 耳片孔试样形状与尺寸（右下角“单位：mm”）,BLACK_OR_INHERITED,Figure asset/specimen; final Visio/Origin work deferred.,LibreOffice DOC→DOCX derived OOXML inspection,,,SOURCE_TEXT_OR_RUN_INSPECTION,INHERITED_OR_UNSET,NO,NO,center,,,,,:,,,NO,NO,NO,,,,,,,,,,,,,,,EXAMPLE_SPECIFIC,YES,See Phase7.1 style matrix,See Phase7.1 crosswalk,CLASSIFIED,SEE_CROSSWALK,MANUAL,Stable object locator; page needs Word Desktop only if visual pagination is material.
HFUT_FIG_DOC,《合肥工业大学学报（自然科学版）》插图要求及示例.doc,HFUT_FIG_DOC-P030,LO_DERIVED_PAGE_NOT_STABLE,body paragraph 30,paragraph/run_group,例6共用横轴图,BLACK_OR_INHERITED,Figure asset/specimen; final Visio/Origin work deferred.,LibreOffice DOC→DOCX derived OOXML inspection,黑体;SimHei,,SOURCE_TEXT_OR_RUN_INSPECTION,INHERITED_OR_UNSET,YES,NO,,,,,,exact:320,,,NO,NO,NO,,,,,,,,,,,,,,,EXAMPLE_SPECIFIC,YES,See Phase7.1 style matrix,See Phase7.1 crosswalk,CLASSIFIED,SEE_CROSSWALK,MANUAL,Stable object locator; page needs Word Desktop only if visual pagination is material.
HFUT_FIG_DOC,《合肥工业大学学报（自然科学版）》插图要求及示例.doc,HFUT_FIG_DOC-P031,LO_DERIVED_PAGE_NOT_STABLE,body paragraph 31,paragraph/run_group,工况超声信号小波包分量如图7所示。,BLACK_OR_INHERITED,Figure submission rule; only caption/style can be automated.,LibreOffice DOC→DOCX derived OOXML inspection,,,SOURCE_TEXT_OR_RUN_INSPECTION,INHERITED_OR_UNSET,NO,NO,,,,420,,exact:320,,,NO,NO,NO,,,,,,,,,,,,,,,TEXT_RULE_GENERAL,YES,See Phase7.1 style matrix,See Phase7.1 crosswalk,CLASSIFIED,SEE_CROSSWALK,MANUAL,Stable object locator; page needs Word Desktop only if visual pagination is material.
HFUT_FIG_DOC,《合肥工业大学学报（自然科学版）》插图要求及示例.doc,HFUT_FIG_DOC-P032,LO_DERIVED_PAGE_NOT_STABLE,body paragraph 32,paragraph/run_group,图7 工况超声信号小波包分量,BLACK_OR_INHERITED,Figure asset/specimen; final Visio/Origin work deferred.,LibreOffice DOC→DOCX derived OOXML inspection,黑体;SimHei,,SOURCE_TEXT_OR_RUN_INSPECTION,7.5,YES,NO,center,,,,,:,,,NO,NO,NO,,,,,,,,,,,,,,,EXAMPLE_SPECIFIC,YES,See Phase7.1 style matrix,See Phase7.1 crosswalk,CLASSIFIED,SEE_CROSSWALK,MANUAL,Stable object locator; page needs Word Desktop only if visual pagination is material.
HFUT_FIG_DOC,《合肥工业大学学报（自然科学版）》插图要求及示例.doc,HFUT_FIG_DOC-P033,LO_DERIVED_PAGE_NOT_STABLE,body paragraph 33,paragraph/run_group,例7 共用竖轴图,BLACK_OR_INHERITED,Figure asset/specimen; final Visio/Origin work deferred.,LibreOffice DOC→DOCX derived OOXML inspection,黑体;SimHei,,SOURCE_TEXT_OR_RUN_INSPECTION,INHERITED_OR_UNSET,YES,NO,,,,,,exact:320,,,NO,NO,NO,,,,,,,,,,,,,,,EXAMPLE_SPECIFIC,YES,See Phase7.1 style matrix,See Phase7.1 crosswalk,CLASSIFIED,SEE_CROSSWALK,MANUAL,Stable object locator; page needs Word Desktop only if visual pagination is material.
HFUT_FIG_DOC,《合肥工业大学学报（自然科学版）》插图要求及示例.doc,HFUT_FIG_DOC-P034,LO_DERIVED_PAGE_NOT_STABLE,body paragraph 34,paragraph/run_group,MHPCS800降解OG的循环使用如图8所示。,BLACK_OR_INHERITED,Figure submission rule; only caption/style can be automated.,LibreOffice DOC→DOCX derived OOXML inspection,,,SOURCE_TEXT_OR_RUN_INSPECTION,INHERITED_OR_UNSET,NO,NO,,,,420,,exact:320,,,NO,NO,NO,,,,,,,,,,,,,,,TEXT_RULE_GENERAL,YES,See Phase7.1 style matrix,See Phase7.1 crosswalk,CLASSIFIED,SEE_CROSSWALK,MANUAL,Stable object locator; page needs Word Desktop only if visual pagination is material.
HFUT_FIG_DOC,《合肥工业大学学报（自然科学版）》插图要求及示例.doc,HFUT_FIG_DOC-P035,LO_DERIVED_PAGE_NOT_STABLE,body paragraph 35,paragraph/run_group,图8 MHPCS800降解OG的循环使用,BLACK_OR_INHERITED,Figure asset/specimen; final Visio/Origin work deferred.,LibreOffice DOC→DOCX derived OOXML inspection,黑体;SimHei,,SOURCE_TEXT_OR_RUN_INSPECTION,7.5,YES,NO,center,,,,,:,,,NO,NO,NO,,,,,,,,,,,,,,,EXAMPLE_SPECIFIC,YES,See Phase7.1 style matrix,See Phase7.1 crosswalk,CLASSIFIED,SEE_CROSSWALK,MANUAL,Stable object locator; page needs Word Desktop only if visual pagination is material.
HFUT_FIG_DOC,《合肥工业大学学报（自然科学版）》插图要求及示例.doc,HFUT_FIG_DOC-P036,LO_DERIVED_PAGE_NOT_STABLE,body paragraph 36,paragraph/run_group,例8 仿真云图,BLACK_OR_INHERITED,Figure asset/specimen; final Visio/Origin work deferred.,LibreOffice DOC→DOCX derived OOXML inspection,黑体;SimHei,,SOURCE_TEXT_OR_RUN_INSPECTION,INHERITED_OR_UNSET,YES,NO,,,,,,exact:320,,,NO,NO,NO,,,,,,,,,,,,,,,EXAMPLE_SPECIFIC,YES,See Phase7.1 style matrix,See Phase7.1 crosswalk,CLASSIFIED,SEE_CROSSWALK,MANUAL,Stable object locator; page needs Word Desktop only if visual pagination is material.
HFUT_FIG_DOC,《合肥工业大学学报（自然科学版）》插图要求及示例.doc,HFUT_FIG_DOC-P037,LO_DERIVED_PAGE_NOT_STABLE,body paragraph 37,paragraph/run_group,仿真软件生成的图片，仿真形成的反映数值大小彩色柱上方应注明相关参数名称，参数有单位时需注明单位。CH4分布云图和温度分布云图如图9所示。,BLACK_OR_INHERITED,Figure submission rule; only caption/style can be automated.,LibreOffice DOC→DOCX derived OOXML inspection,,,SOURCE_TEXT_OR_RUN_INSPECTION,INHERITED_OR_UNSET,NO,NO,,,,420,,:,,,NO,NO,NO,,,,,,,,,,,,,,,TEXT_RULE_GENERAL,YES,See Phase7.1 style matrix,See Phase7.1 crosswalk,CLASSIFIED,SEE_CROSSWALK,MANUAL,Stable object locator; page needs Word Desktop only if visual pagination is material.
HFUT_FIG_DOC,《合肥工业大学学报（自然科学版）》插图要求及示例.doc,HFUT_FIG_DOC-P038,LO_DERIVED_PAGE_NOT_STABLE,body paragraph 38,paragraph/run_group,（a）CH4分布云图,BLACK_OR_INHERITED,Figure submission rule; only caption/style can be automated.,LibreOffice DOC→DOCX derived OOXML inspection,,,SOURCE_TEXT_OR_RUN_INSPECTION,7.5,NO,NO,center,,,,,:,,,NO,NO,NO,,,,,,,,,,,,,,,TEXT_RULE_GENERAL,YES,See Phase7.1 style matrix,See Phase7.1 crosswalk,CLASSIFIED,SEE_CROSSWALK,MANUAL,Stable object locator; page needs Word Desktop only if visual pagination is material.
HFUT_FIG_DOC,《合肥工业大学学报（自然科学版）》插图要求及示例.doc,HFUT_FIG_DOC-P039,LO_DERIVED_PAGE_NOT_STABLE,body paragraph 39,paragraph/run_group,（b）温度分布云图,BLACK_OR_INHERITED,Figure submission rule; only caption/style can be automated.,LibreOffice DOC→DOCX derived OOXML inspection,,,SOURCE_TEXT_OR_RUN_INSPECTION,7.5,NO,NO,center,,,,,:,,,NO,NO,NO,,,,,,,,,,,,,,,TEXT_RULE_GENERAL,YES,See Phase7.1 style matrix,See Phase7.1 crosswalk,CLASSIFIED,SEE_CROSSWALK,MANUAL,Stable object locator; page needs Word Desktop only if visual pagination is material.
HFUT_FIG_DOC,《合肥工业大学学报（自然科学版）》插图要求及示例.doc,HFUT_FIG_DOC-P040,LO_DERIVED_PAGE_NOT_STABLE,body paragraph 40,paragraph/run_group,图9 CH4分布云图和温度分布云图,BLACK_OR_INHERITED,Figure asset/specimen; final Visio/Origin work deferred.,LibreOffice DOC→DOCX derived OOXML inspection,黑体;SimHei,,SOURCE_TEXT_OR_RUN_INSPECTION,7.5,YES,NO,center,,,,,:,,,NO,NO,NO,,,,,,,,,,,,,,,EXAMPLE_SPECIFIC,YES,See Phase7.1 style matrix,See Phase7.1 crosswalk,CLASSIFIED,SEE_CROSSWALK,MANUAL,Stable object locator; page needs Word Desktop only if visual pagination is material.
HFUT_FIG_DOC,《合肥工业大学学报（自然科学版）》插图要求及示例.doc,HFUT_FIG_DOC-P041,LO_DERIVED_PAGE_NOT_STABLE,body paragraph 41,paragraph/run_group,例9 地质图要求,BLACK_OR_INHERITED,Figure asset/specimen; final Visio/Origin work deferred.,LibreOffice DOC→DOCX derived OOXML inspection,黑体;SimHei,,SOURCE_TEXT_OR_RUN_INSPECTION,INHERITED_OR_UNSET,YES,NO,,,,,,exact:320,,,NO,NO,NO,,,,,,,,,,,,,,,EXAMPLE_SPECIFIC,YES,See Phase7.1 style matrix,See Phase7.1 crosswalk,CLASSIFIED,SEE_CROSSWALK,MANUAL,Stable object locator; page needs Word Desktop only if visual pagination is material.
HFUT_FIG_DOC,《合肥工业大学学报（自然科学版）》插图要求及示例.doc,HFUT_FIG_DOC-P042,LO_DERIVED_PAGE_NOT_STABLE,body paragraph 42,paragraph/run_group,1）文章中所有地图内容，既可用表格又可用地图表示时，建议一律使用表格表示。,BLACK_OR_INHERITED,Figure submission rule; only caption/style can be automated.,LibreOffice DOC→DOCX derived OOXML inspection,,,SOURCE_TEXT_OR_RUN_INSPECTION,INHERITED_OR_UNSET,NO,NO,,,,418,,:,,,NO,NO,NO,,,,,,,,,,,,,,,TEXT_RULE_GENERAL,YES,See Phase7.1 style matrix,See Phase7.1 crosswalk,CLASSIFIED,SEE_CROSSWALK,MANUAL,Stable object locator; page needs Word Desktop only if visual pagination is material.
HFUT_FIG_DOC,《合肥工业大学学报（自然科学版）》插图要求及示例.doc,HFUT_FIG_DOC-P043,LO_DERIVED_PAGE_NOT_STABLE,body paragraph 43,paragraph/run_group,2）可改简易图（示意图）的图件，请在成图时完成修改，即只保留与论文研究相关的有用信息（如台站、测点等），去掉容易引起争议的国界线、省界线等。,BLACK_OR_INHERITED,Figure submission rule; only caption/style can be automated.,LibreOffice DOC→DOCX derived OOXML inspection,,,SOURCE_TEXT_OR_RUN_INSPECTION,INHERITED_OR_UNSET,NO,NO,,,,418,,:,,,NO,NO,NO,,,,,,,,,,,,,,,TEXT_RULE_GENERAL,YES,See Phase7.1 style matrix,See Phase7.1 crosswalk,CLASSIFIED,SEE_CROSSWALK,MANUAL,Stable object locator; page needs Word Desktop only if visual pagination is material.
HFUT_FIG_DOC,《合肥工业大学学报（自然科学版）》插图要求及示例.doc,HFUT_FIG_DOC-P044,LO_DERIVED_PAGE_NOT_STABLE,body paragraph 44,paragraph/run_group,3）如果必须采用地图表示，删除地图会影响论文学术质量和内容完整性的，请从国家测绘地理信息局标准地图服务网站（http://bzdt.ch.mnr.gov.cn/）或地方地图官方网站下载相关地理底图，在不改变底图情况下，添加需要的信息。凡涉及国界线、全国地图中边界线要正确，要有台湾岛、海南岛、钓鱼岛、赤尾屿、南海诸岛等重要岛屿。,BLACK_OR_INHERITED,Figure submission rule; only caption/style can be automated.,LibreOffice DOC→DOCX derived OOXML inspection,,,SOURCE_TEXT_OR_RUN_INSPECTION,INHERITED_OR_UNSET,NO,NO,,,,418,,:,,,NO,NO,NO,,,,,,,,,,,,,,,TEXT_RULE_GENERAL,YES,See Phase7.1 style matrix,See Phase7.1 crosswalk,CLASSIFIED,SEE_CROSSWALK,MANUAL,Stable object locator; page needs Word Desktop only if visual pagination is material.
HFUT_FIG_DOC,《合肥工业大学学报（自然科学版）》插图要求及示例.doc,HFUT_FIG_DOC-P045,LO_DERIVED_PAGE_NOT_STABLE,body paragraph 45,paragraph/run_group,4）对文章涉及的每一幅地图作者须标明“该图基于国家测绘地理信息局标准地图服务网站下载的审图号为×××的标准地图制作，底图无修改”或“该图基于××省标准地图服务网站下载的审图号为×××的标准地图制作，底图无修改”。,BLACK_OR_INHERITED,Figure submission rule; only caption/style can be automated.,LibreOffice DOC→DOCX derived OOXML inspection,,,SOURCE_TEXT_OR_RUN_INSPECTION,INHERITED_OR_UNSET,NO,NO,,,,418,,:,,,NO,NO,NO,,,,,,,,,,,,,,,TEXT_RULE_GENERAL,YES,See Phase7.1 style matrix,See Phase7.1 crosswalk,CLASSIFIED,SEE_CROSSWALK,MANUAL,Stable object locator; page needs Word Desktop only if visual pagination is material.
HFUT_FIG_DOC,《合肥工业大学学报（自然科学版）》插图要求及示例.doc,HFUT_FIG_DOC-P046,LO_DERIVED_PAGE_NOT_STABLE,body paragraph 46,paragraph/run_group,淮南市土壤类型及样点分布如图10（基于自然资源部网站下载的审图号为GS (2019)333的标准地图绘制，底图无修改）所示。,BLACK_OR_INHERITED,Figure submission rule; only caption/style can be automated.,LibreOffice DOC→DOCX derived OOXML inspection,,,SOURCE_TEXT_OR_RUN_INSPECTION,INHERITED_OR_UNSET,NO,NO,,,,418,,:,,,NO,NO,NO,,,,,,,,,,,,,,,TEXT_RULE_GENERAL,YES,See Phase7.1 style matrix,See Phase7.1 crosswalk,CLASSIFIED,SEE_CROSSWALK,MANUAL,Stable object locator; page needs Word Desktop only if visual pagination is material.
HFUT_FIG_DOC,《合肥工业大学学报（自然科学版）》插图要求及示例.doc,HFUT_FIG_DOC-P047,LO_DERIVED_PAGE_NOT_STABLE,body paragraph 47,paragraph/run_group,图10 淮南市土壤类型及样点分布,BLACK_OR_INHERITED,Figure asset/specimen; final Visio/Origin work deferred.,LibreOffice DOC→DOCX derived OOXML inspection,,,SOURCE_TEXT_OR_RUN_INSPECTION,INHERITED_OR_UNSET,NO,NO,center,,,,,:,,,NO,NO,NO,,,,,,,,,,,,,,,EXAMPLE_SPECIFIC,YES,See Phase7.1 style matrix,See Phase7.1 crosswalk,CLASSIFIED,SEE_CROSSWALK,MANUAL,Stable object locator; page needs Word Desktop only if visual pagination is material.
HFUT_FIG_DOC,《合肥工业大学学报（自然科学版）》插图要求及示例.doc,HFUT_FIG_DOC-P048,LO_DERIVED_PAGE_NOT_STABLE,body paragraph 48,paragraph/run_group,地质示意图需要给出指北和比例尺。,BLACK_OR_INHERITED,Figure submission rule; only caption/style can be automated.,LibreOffice DOC→DOCX derived OOXML inspection,,,SOURCE_TEXT_OR_RUN_INSPECTION,INHERITED_OR_UNSET,NO,NO,,,,418,,:,,,NO,NO,NO,,,,,,,,,,,,,,,TEXT_RULE_GENERAL,YES,See Phase7.1 style matrix,See Phase7.1 crosswalk,CLASSIFIED,SEE_CROSSWALK,MANUAL,Stable object locator; page needs Word Desktop only if visual pagination is material.
HFUT_FIG_DOC,《合肥工业大学学报（自然科学版）》插图要求及示例.doc,HFUT_FIG_DOC-P049,LO_DERIVED_PAGE_NOT_STABLE,body paragraph 49,paragraph/run_group,大别山区域地质略图如图11所示。,BLACK_OR_INHERITED,Figure submission rule; only caption/style can be automated.,LibreOffice DOC→DOCX derived OOXML inspection,,,SOURCE_TEXT_OR_RUN_INSPECTION,INHERITED_OR_UNSET,NO,NO,,,,418,,:,,,NO,NO,NO,,,,,,,,,,,,,,,TEXT_RULE_GENERAL,YES,See Phase7.1 style matrix,See Phase7.1 crosswalk,CLASSIFIED,SEE_CROSSWALK,MANUAL,Stable object locator; page needs Word Desktop only if visual pagination is material.
HFUT_FIG_DOC,《合肥工业大学学报（自然科学版）》插图要求及示例.doc,HFUT_FIG_DOC-P050,LO_DERIVED_PAGE_NOT_STABLE,body paragraph 50,paragraph/run_group,图9 大别山区域地质略图,BLACK_OR_INHERITED,Figure asset/specimen; final Visio/Origin work deferred.,LibreOffice DOC→DOCX derived OOXML inspection,黑体;SimHei,,SOURCE_TEXT_OR_RUN_INSPECTION,7.5,YES,NO,center,,,,,:,,,NO,NO,NO,,,,,,,,,,,,,,,EXAMPLE_SPECIFIC,YES,See Phase7.1 style matrix,See Phase7.1 crosswalk,CLASSIFIED,SEE_CROSSWALK,MANUAL,Stable object locator; page needs Word Desktop only if visual pagination is material.
HFUT_TABLE_DOC,《合肥工业大学学报（自然科学版）》表格要求及示例.doc,HFUT_TABLE_DOC-P001,LO_DERIVED_PAGE_NOT_STABLE,body paragraph 1,paragraph/run_group,本刊表格要求及示例,BLACK_OR_INHERITED,Three-line-table specimen and unit-placement evidence.,LibreOffice DOC→DOCX derived OOXML inspection,黑体;SimHei,,SOURCE_TEXT_OR_RUN_INSPECTION,INHERITED_OR_UNSET,YES,NO,center,,,,,auto:240,312,312,NO,NO,NO,,,,,,,,,,,,,,,EXAMPLE_SPECIFIC,YES,See Phase7.1 style matrix,See Phase7.1 crosswalk,CLASSIFIED,SEE_CROSSWALK,AUTOMATIC,Stable object locator; page needs Word Desktop only if visual pagination is material.
HFUT_TABLE_DOC,《合肥工业大学学报（自然科学版）》表格要求及示例.doc,HFUT_TABLE_DOC-P002,LO_DERIVED_PAGE_NOT_STABLE,body paragraph 2,paragraph/run_group,一 表格要求,BLACK_OR_INHERITED,Three-line-table specimen and unit-placement evidence.,LibreOffice DOC→DOCX derived OOXML inspection,黑体;SimHei,黑体;SimHei,SOURCE_TEXT_OR_RUN_INSPECTION,14.0,NO,NO,,,,,,auto:360,,,NO,NO,NO,,,,,,,,,,,,,,,EXAMPLE_SPECIFIC,YES,See Phase7.1 style matrix,See Phase7.1 crosswalk,CLASSIFIED,SEE_CROSSWALK,AUTOMATIC,Stable object locator; page needs Word Desktop only if visual pagination is material.
HFUT_TABLE_DOC,《合肥工业大学学报（自然科学版）》表格要求及示例.doc,HFUT_TABLE_DOC-P003,LO_DERIVED_PAGE_NOT_STABLE,body paragraph 3,paragraph/run_group,表格的排版可以参考《学术出版规范表格》（CY/T 170—2019）和《学术论文编写规则》（GB/T 7713.2—2022）。,BLACK_OR_INHERITED,Three-line-table specimen and unit-placement evidence.,LibreOffice DOC→DOCX derived OOXML inspection,方正书宋简体;宋体,Times New Roman,SOURCE_TEXT_OR_RUN_INSPECTION,INHERITED_OR_UNSET,NO,NO,,,,402,,exact:320,,,NO,NO,NO,,,,,,,,,,,,,,,EXAMPLE_SPECIFIC,YES,See Phase7.1 style matrix,See Phase7.1 crosswalk,CLASSIFIED,SEE_CROSSWALK,AUTOMATIC,Stable object locator; page needs Word Desktop only if visual pagination is material.
HFUT_TABLE_DOC,《合肥工业大学学报（自然科学版）》表格要求及示例.doc,HFUT_TABLE_DOC-P004,LO_DERIVED_PAGE_NOT_STABLE,body paragraph 4,paragraph/run_group,文表呼应，先文后表，如“……见表1所列”。,BLACK_OR_INHERITED,Three-line-table specimen and unit-placement evidence.,LibreOffice DOC→DOCX derived OOXML inspection,,Times New Roman,SOURCE_TEXT_OR_RUN_INSPECTION,INHERITED_OR_UNSET,NO,NO,,,,420,,exact:320,,,NO,NO,NO,,,,,,,,,,,,,,,EXAMPLE_SPECIFIC,YES,See Phase7.1 style matrix,See Phase7.1 crosswalk,CLASSIFIED,SEE_CROSSWALK,AUTOMATIC,Stable object locator; page needs Word Desktop only if visual pagination is material.
HFUT_TABLE_DOC,《合肥工业大学学报（自然科学版）》表格要求及示例.doc,HFUT_TABLE_DOC-P005,LO_DERIVED_PAGE_NOT_STABLE,body paragraph 5,paragraph/run_group,全文的表连续编号，表格一律采用三线表，上下线为1磅，次线为0.5磅。,BLACK_OR_INHERITED,Three-line-table specimen and unit-placement evidence.,LibreOffice DOC→DOCX derived OOXML inspection,方正书宋简体;宋体,Times New Roman,SOURCE_TEXT_OR_RUN_INSPECTION,INHERITED_OR_UNSET,NO,NO,,0,,404,,exact:320,,,NO,NO,NO,,,,,,,,,,,,,,,EXAMPLE_SPECIFIC,YES,See Phase7.1 style matrix,See Phase7.1 crosswalk,CLASSIFIED,SEE_CROSSWALK,AUTOMATIC,Stable object locator; page needs Word Desktop only if visual pagination is material.
HFUT_TABLE_DOC,《合肥工业大学学报（自然科学版）》表格要求及示例.doc,HFUT_TABLE_DOC-P006,LO_DERIVED_PAGE_NOT_STABLE,body paragraph 6,paragraph/run_group,表中汉字为六号宋体，字母、数字为六号Times New Roman。,BLACK_OR_INHERITED,Three-line-table specimen and unit-placement evidence.,LibreOffice DOC→DOCX derived OOXML inspection,方正书宋简体;宋体,Times New Roman,SOURCE_TEXT_OR_RUN_INSPECTION,INHERITED_OR_UNSET,NO,NO,,0,,420,,exact:320,,,NO,NO,NO,,,,,,,,,,,,,,,EXAMPLE_SPECIFIC,YES,See Phase7.1 style matrix,See Phase7.1 crosswalk,CLASSIFIED,SEE_CROSSWALK,AUTOMATIC,Stable object locator; page needs Word Desktop only if visual pagination is material.
HFUT_TABLE_DOC,《合肥工业大学学报（自然科学版）》表格要求及示例.doc,HFUT_TABLE_DOC-P007,LO_DERIVED_PAGE_NOT_STABLE,body paragraph 7,paragraph/run_group,某一栏目同时用量和单位表示时，应该采用“量的符号或名称/单位符号”，如cB/(mol/L)或B的浓度/(mol/L)、cp/[J/(kg·K)]或质量定压热容/[J/(kg·K)]。,BLACK_OR_INHERITED,Three-line-table specimen and unit-placement evidence.,LibreOffice DOC→DOCX derived OOXML inspection,方正书宋简体;宋体,Times New Roman,SOURCE_TEXT_OR_RUN_INSPECTION,INHERITED_OR_UNSET,NO,NO,,0,,420,,exact:320,,,NO,NO,NO,,,,,,,,,,,,,,,EXAMPLE_SPECIFIC,YES,See Phase7.1 style matrix,See Phase7.1 crosswalk,CLASSIFIED,SEE_CROSSWALK,AUTOMATIC,Stable object locator; page needs Word Desktop only if visual pagination is material.
HFUT_TABLE_DOC,《合肥工业大学学报（自然科学版）》表格要求及示例.doc,HFUT_TABLE_DOC-P008,LO_DERIVED_PAGE_NOT_STABLE,body paragraph 8,paragraph/run_group,各栏必须有栏目名称并描述准确。,BLACK_OR_INHERITED,Three-line-table specimen and unit-placement evidence.,LibreOffice DOC→DOCX derived OOXML inspection,,Times New Roman,SOURCE_TEXT_OR_RUN_INSPECTION,INHERITED_OR_UNSET,NO,NO,,0,,420,,exact:320,,,NO,NO,NO,,,,,,,,,,,,,,,EXAMPLE_SPECIFIC,YES,See Phase7.1 style matrix,See Phase7.1 crosswalk,CLASSIFIED,SEE_CROSSWALK,AUTOMATIC,Stable object locator; page needs Word Desktop only if visual pagination is material.
HFUT_TABLE_DOC,《合肥工业大学学报（自然科学版）》表格要求及示例.doc,HFUT_TABLE_DOC-P009,LO_DERIVED_PAGE_NOT_STABLE,body paragraph 9,paragraph/run_group,同一栏目（或量）下的数值小数数位相同（精度一致），位数不足时以0补齐。,BLACK_OR_INHERITED,Three-line-table specimen and unit-placement evidence.,LibreOffice DOC→DOCX derived OOXML inspection,,Times New Roman,SOURCE_TEXT_OR_RUN_INSPECTION,INHERITED_OR_UNSET,NO,NO,,0,,420,,exact:320,,,NO,NO,NO,,,,,,,,,,,,,,,EXAMPLE_SPECIFIC,YES,See Phase7.1 style matrix,See Phase7.1 crosswalk,CLASSIFIED,SEE_CROSSWALK,AUTOMATIC,Stable object locator; page needs Word Desktop only if visual pagination is material.
HFUT_TABLE_DOC,《合肥工业大学学报（自然科学版）》表格要求及示例.doc,HFUT_TABLE_DOC-P010,LO_DERIVED_PAGE_NOT_STABLE,body paragraph 10,paragraph/run_group,表身中的“－”表示测量过而未发现，“0”表示实测结果为0，空白表示无此项或未测量。,BLACK_OR_INHERITED,Three-line-table specimen and unit-placement evidence.,LibreOffice DOC→DOCX derived OOXML inspection,,Times New Roman,SOURCE_TEXT_OR_RUN_INSPECTION,INHERITED_OR_UNSET,NO,NO,,0,,420,,exact:320,,,NO,NO,NO,,,,,,,,,,,,,,,EXAMPLE_SPECIFIC,YES,See Phase7.1 style matrix,See Phase7.1 crosswalk,CLASSIFIED,SEE_CROSSWALK,AUTOMATIC,Stable object locator; page needs Word Desktop only if visual pagination is material.
HFUT_TABLE_DOC,《合肥工业大学学报（自然科学版）》表格要求及示例.doc,HFUT_TABLE_DOC-P011,LO_DERIVED_PAGE_NOT_STABLE,body paragraph 11,paragraph/run_group,2 表格示例,BLACK_OR_INHERITED,Three-line-table specimen and unit-placement evidence.,LibreOffice DOC→DOCX derived OOXML inspection,黑体;SimHei,黑体;SimHei,SOURCE_TEXT_OR_RUN_INSPECTION,14.0,NO,NO,,,,,,auto:360,,,NO,NO,NO,,,,,,,,,,,,,,,EXAMPLE_SPECIFIC,YES,See Phase7.1 style matrix,See Phase7.1 crosswalk,CLASSIFIED,SEE_CROSSWALK,AUTOMATIC,Stable object locator; page needs Word Desktop only if visual pagination is material.
HFUT_TABLE_DOC,《合肥工业大学学报（自然科学版）》表格要求及示例.doc,HFUT_TABLE_DOC-P012,LO_DERIVED_PAGE_NOT_STABLE,body paragraph 12,paragraph/run_group,例1 简单三线表,BLACK_OR_INHERITED,Three-line-table specimen and unit-placement evidence.,LibreOffice DOC→DOCX derived OOXML inspection,黑体;SimHei,Times New Roman,SOURCE_TEXT_OR_RUN_INSPECTION,INHERITED_OR_UNSET,YES,NO,,,,,,exact:320,,,NO,NO,NO,,,,,,,,,,,,,,,EXAMPLE_SPECIFIC,YES,See Phase7.1 style matrix,See Phase7.1 crosswalk,CLASSIFIED,SEE_CROSSWALK,AUTOMATIC,Stable object locator; page needs Word Desktop only if visual pagination is material.
HFUT_TABLE_DOC,《合肥工业大学学报（自然科学版）》表格要求及示例.doc,HFUT_TABLE_DOC-P013,LO_DERIVED_PAGE_NOT_STABLE,body paragraph 13,paragraph/run_group,表1  中文表名（表题6号黑体字）,BLACK_OR_INHERITED,Three-line-table specimen and unit-placement evidence.,LibreOffice DOC→DOCX derived OOXML inspection,黑体;SimHei,Times New Roman,SOURCE_TEXT_OR_RUN_INSPECTION,7.5,YES,NO,center,,,301,,:,,,NO,NO,NO,,,,,,,,,,,,,,,EXAMPLE_SPECIFIC,YES,See Phase7.1 style matrix,See Phase7.1 crosswalk,CLASSIFIED,SEE_CROSSWALK,AUTOMATIC,Stable object locator; page needs Word Desktop only if visual pagination is material.
HFUT_TABLE_DOC,《合肥工业大学学报（自然科学版）》表格要求及示例.doc,HFUT_TABLE_DOC-T001,LO_DERIVED_PAGE_NOT_STABLE,body table 1,table,方法（6号宋体）位移/mm正弯矩/（kN·m）加速度/(m/s2)等效计算12.7102.46.78实测10.6105.66.84,,Table structure/style specimen; inspect borders separately.,Derived OOXML table; Word gridlines distinguished from borders,,,,,,,,,,,,,,,,,,,,,,,,,,,,,,,,EXAMPLE_SPECIFIC,YES,HFUTThreeLineTable,Three manuscript tables,CLASSIFIED,NO,AUTOMATIC,Table object inventory row.
HFUT_TABLE_DOC,《合肥工业大学学报（自然科学版）》表格要求及示例.doc,HFUT_TABLE_DOC-T001R001,LO_DERIVED_PAGE_NOT_STABLE,"body table 1, row 1",table_row,方法（6号宋体）位移/mm正弯矩/（kN·m）加速度/(m/s2),,,Derived OOXML row,,,,,,,,,,,,,,,,,,,,,,,,,,,,,,,,EXAMPLE_SPECIFIC,YES,,,CLASSIFIED,,AUTOMATIC,Row role classified through its parent table.
HFUT_TABLE_DOC,《合肥工业大学学报（自然科学版）》表格要求及示例.doc,HFUT_TABLE_DOC-T001R002,LO_DERIVED_PAGE_NOT_STABLE,"body table 1, row 2",table_row,等效计算12.7102.46.78,,,Derived OOXML row,,,,,,,,,,,,,,,,,,,,,,,,,,,,,,,,EXAMPLE_SPECIFIC,YES,,,CLASSIFIED,,AUTOMATIC,Row role classified through its parent table.
HFUT_TABLE_DOC,《合肥工业大学学报（自然科学版）》表格要求及示例.doc,HFUT_TABLE_DOC-T001R003,LO_DERIVED_PAGE_NOT_STABLE,"body table 1, row 3",table_row,实测10.6105.66.84,,,Derived OOXML row,,,,,,,,,,,,,,,,,,,,,,,,,,,,,,,,EXAMPLE_SPECIFIC,YES,,,CLASSIFIED,,AUTOMATIC,Row role classified through its parent table.
HFUT_TABLE_DOC,《合肥工业大学学报（自然科学版）》表格要求及示例.doc,HFUT_TABLE_DOC-P014,LO_DERIVED_PAGE_NOT_STABLE,body paragraph 14,paragraph/run_group,例2 表头加辅助横线三线表(相同单位放右上角),BLACK_OR_INHERITED,Three-line-table specimen and unit-placement evidence.,LibreOffice DOC→DOCX derived OOXML inspection,黑体;SimHei,Times New Roman,SOURCE_TEXT_OR_RUN_INSPECTION,INHERITED_OR_UNSET,YES,NO,,,,,,exact:320,,,NO,NO,NO,,,,,,,,,,,,,,,EXAMPLE_SPECIFIC,YES,See Phase7.1 style matrix,See Phase7.1 crosswalk,CLASSIFIED,SEE_CROSSWALK,AUTOMATIC,Stable object locator; page needs Word Desktop only if visual pagination is material.
HFUT_TABLE_DOC,《合肥工业大学学报（自然科学版）》表格要求及示例.doc,HFUT_TABLE_DOC-P015,LO_DERIVED_PAGE_NOT_STABLE,body paragraph 15,paragraph/run_group,表2  XXXXX实验数据     单位：min,BLACK_OR_INHERITED,Three-line-table specimen and unit-placement evidence.,LibreOffice DOC→DOCX derived OOXML inspection,黑体;SimHei,Times New Roman,SOURCE_TEXT_OR_RUN_INSPECTION,7.5,YES,NO,right,,,,,exact:240,,,NO,NO,NO,,,,,,,,,,,,,,,EXAMPLE_SPECIFIC,YES,See Phase7.1 style matrix,See Phase7.1 crosswalk,CLASSIFIED,SEE_CROSSWALK,AUTOMATIC,Stable object locator; page needs Word Desktop only if visual pagination is material.
HFUT_TABLE_DOC,《合肥工业大学学报（自然科学版）》表格要求及示例.doc,HFUT_TABLE_DOC-T002,LO_DERIVED_PAGE_NOT_STABLE,body table 2,table,j   非法拆解   回收拆解T1T2T1T2145.06.03.018.0243.55.02.723.0346.05.02.822.0,,Table structure/style specimen; inspect borders separately.,Derived OOXML table; Word gridlines distinguished from borders,,,,,,,,,,,,,,,,,,,,,,,,,,,,,,,,EXAMPLE_SPECIFIC,YES,HFUTThreeLineTable,Three manuscript tables,CLASSIFIED,NO,AUTOMATIC,Table object inventory row.
HFUT_TABLE_DOC,《合肥工业大学学报（自然科学版）》表格要求及示例.doc,HFUT_TABLE_DOC-T002R001,LO_DERIVED_PAGE_NOT_STABLE,"body table 2, row 1",table_row,j   非法拆解   回收拆解,,,Derived OOXML row,,,,,,,,,,,,,,,,,,,,,,,,,,,,,,,,EXAMPLE_SPECIFIC,YES,,,CLASSIFIED,,AUTOMATIC,Row role classified through its parent table.
HFUT_TABLE_DOC,《合肥工业大学学报（自然科学版）》表格要求及示例.doc,HFUT_TABLE_DOC-T002R002,LO_DERIVED_PAGE_NOT_STABLE,"body table 2, row 2",table_row,T1T2T1T2,,,Derived OOXML row,,,,,,,,,,,,,,,,,,,,,,,,,,,,,,,,EXAMPLE_SPECIFIC,YES,,,CLASSIFIED,,AUTOMATIC,Row role classified through its parent table.
HFUT_TABLE_DOC,《合肥工业大学学报（自然科学版）》表格要求及示例.doc,HFUT_TABLE_DOC-T002R003,LO_DERIVED_PAGE_NOT_STABLE,"body table 2, row 3",table_row,145.06.03.018.0,,,Derived OOXML row,,,,,,,,,,,,,,,,,,,,,,,,,,,,,,,,EXAMPLE_SPECIFIC,YES,,,CLASSIFIED,,AUTOMATIC,Row role classified through its parent table.
HFUT_TABLE_DOC,《合肥工业大学学报（自然科学版）》表格要求及示例.doc,HFUT_TABLE_DOC-T002R004,LO_DERIVED_PAGE_NOT_STABLE,"body table 2, row 4",table_row,243.55.02.723.0,,,Derived OOXML row,,,,,,,,,,,,,,,,,,,,,,,,,,,,,,,,EXAMPLE_SPECIFIC,YES,,,CLASSIFIED,,AUTOMATIC,Row role classified through its parent table.
HFUT_TABLE_DOC,《合肥工业大学学报（自然科学版）》表格要求及示例.doc,HFUT_TABLE_DOC-T002R005,LO_DERIVED_PAGE_NOT_STABLE,"body table 2, row 5",table_row,346.05.02.822.0,,,Derived OOXML row,,,,,,,,,,,,,,,,,,,,,,,,,,,,,,,,EXAMPLE_SPECIFIC,YES,,,CLASSIFIED,,AUTOMATIC,Row role classified through its parent table.
HFUT_TABLE_DOC,《合肥工业大学学报（自然科学版）》表格要求及示例.doc,HFUT_TABLE_DOC-P016,LO_DERIVED_PAGE_NOT_STABLE,body paragraph 16,paragraph/run_group,例3 表身加辅助横线三线表,BLACK_OR_INHERITED,Three-line-table specimen and unit-placement evidence.,LibreOffice DOC→DOCX derived OOXML inspection,黑体;SimHei,Times New Roman,SOURCE_TEXT_OR_RUN_INSPECTION,INHERITED_OR_UNSET,YES,NO,,,,,,exact:320,,,NO,NO,NO,,,,,,,,,,,,,,,EXAMPLE_SPECIFIC,YES,See Phase7.1 style matrix,See Phase7.1 crosswalk,CLASSIFIED,SEE_CROSSWALK,AUTOMATIC,Stable object locator; page needs Word Desktop only if visual pagination is material.
HFUT_TABLE_DOC,《合肥工业大学学报（自然科学版）》表格要求及示例.doc,HFUT_TABLE_DOC-P017,LO_DERIVED_PAGE_NOT_STABLE,body paragraph 17,paragraph/run_group,表3  A和B的成分及其质量浓度,BLACK_OR_INHERITED,Three-line-table specimen and unit-placement evidence.,LibreOffice DOC→DOCX derived OOXML inspection,,,SOURCE_TEXT_OR_RUN_INSPECTION,INHERITED_OR_UNSET,NO,NO,,,,,,exact:240,,,NO,NO,NO,,,,,,,,,,,,,,,EXAMPLE_SPECIFIC,YES,See Phase7.1 style matrix,See Phase7.1 crosswalk,CLASSIFIED,SEE_CROSSWALK,AUTOMATIC,Stable object locator; page needs Word Desktop only if visual pagination is material.
HFUT_TABLE_DOC,《合肥工业大学学报（自然科学版）》表格要求及示例.doc,HFUT_TABLE_DOC-T003,LO_DERIVED_PAGE_NOT_STABLE,body table 3,table,组分成分ρ/(g/L)AEDTA 5.00FeSO4 5.00BEDTA15.00ZnSO4·7H2O 0.43NiCl2·6H2O 0.19H3BO4 0.14,,Table structure/style specimen; inspect borders separately.,Derived OOXML table; Word gridlines distinguished from borders,,,,,,,,,,,,,,,,,,,,,,,,,,,,,,,,EXAMPLE_SPECIFIC,YES,HFUTThreeLineTable,Three manuscript tables,CLASSIFIED,NO,AUTOMATIC,Table object inventory row.
HFUT_TABLE_DOC,《合肥工业大学学报（自然科学版）》表格要求及示例.doc,HFUT_TABLE_DOC-T003R001,LO_DERIVED_PAGE_NOT_STABLE,"body table 3, row 1",table_row,组分成分ρ/(g/L),,,Derived OOXML row,,,,,,,,,,,,,,,,,,,,,,,,,,,,,,,,EXAMPLE_SPECIFIC,YES,,,CLASSIFIED,,AUTOMATIC,Row role classified through its parent table.
HFUT_TABLE_DOC,《合肥工业大学学报（自然科学版）》表格要求及示例.doc,HFUT_TABLE_DOC-T003R002,LO_DERIVED_PAGE_NOT_STABLE,"body table 3, row 2",table_row,AEDTA 5.00,,,Derived OOXML row,,,,,,,,,,,,,,,,,,,,,,,,,,,,,,,,EXAMPLE_SPECIFIC,YES,,,CLASSIFIED,,AUTOMATIC,Row role classified through its parent table.
HFUT_TABLE_DOC,《合肥工业大学学报（自然科学版）》表格要求及示例.doc,HFUT_TABLE_DOC-T003R003,LO_DERIVED_PAGE_NOT_STABLE,"body table 3, row 3",table_row,FeSO4 5.00,,,Derived OOXML row,,,,,,,,,,,,,,,,,,,,,,,,,,,,,,,,EXAMPLE_SPECIFIC,YES,,,CLASSIFIED,,AUTOMATIC,Row role classified through its parent table.
HFUT_TABLE_DOC,《合肥工业大学学报（自然科学版）》表格要求及示例.doc,HFUT_TABLE_DOC-T003R004,LO_DERIVED_PAGE_NOT_STABLE,"body table 3, row 4",table_row,BEDTA15.00,,,Derived OOXML row,,,,,,,,,,,,,,,,,,,,,,,,,,,,,,,,EXAMPLE_SPECIFIC,YES,,,CLASSIFIED,,AUTOMATIC,Row role classified through its parent table.
HFUT_TABLE_DOC,《合肥工业大学学报（自然科学版）》表格要求及示例.doc,HFUT_TABLE_DOC-T003R005,LO_DERIVED_PAGE_NOT_STABLE,"body table 3, row 5",table_row,ZnSO4·7H2O 0.43,,,Derived OOXML row,,,,,,,,,,,,,,,,,,,,,,,,,,,,,,,,EXAMPLE_SPECIFIC,YES,,,CLASSIFIED,,AUTOMATIC,Row role classified through its parent table.
HFUT_TABLE_DOC,《合肥工业大学学报（自然科学版）》表格要求及示例.doc,HFUT_TABLE_DOC-T003R006,LO_DERIVED_PAGE_NOT_STABLE,"body table 3, row 6",table_row,NiCl2·6H2O 0.19,,,Derived OOXML row,,,,,,,,,,,,,,,,,,,,,,,,,,,,,,,,EXAMPLE_SPECIFIC,YES,,,CLASSIFIED,,AUTOMATIC,Row role classified through its parent table.
HFUT_TABLE_DOC,《合肥工业大学学报（自然科学版）》表格要求及示例.doc,HFUT_TABLE_DOC-T003R007,LO_DERIVED_PAGE_NOT_STABLE,"body table 3, row 7",table_row,H3BO4 0.14,,,Derived OOXML row,,,,,,,,,,,,,,,,,,,,,,,,,,,,,,,,EXAMPLE_SPECIFIC,YES,,,CLASSIFIED,,AUTOMATIC,Row role classified through its parent table.
HFUT_TABLE_DOC,《合肥工业大学学报（自然科学版）》表格要求及示例.doc,HFUT_TABLE_DOC-P018,LO_DERIVED_PAGE_NOT_STABLE,body paragraph 18,paragraph/run_group,例4 竖表转栏,BLACK_OR_INHERITED,Three-line-table specimen and unit-placement evidence.,LibreOffice DOC→DOCX derived OOXML inspection,黑体;SimHei,Times New Roman,SOURCE_TEXT_OR_RUN_INSPECTION,INHERITED_OR_UNSET,YES,NO,,,,,,:,,,NO,NO,NO,,,,,,,,,,,,,,,EXAMPLE_SPECIFIC,YES,See Phase7.1 style matrix,See Phase7.1 crosswalk,CLASSIFIED,SEE_CROSSWALK,AUTOMATIC,Stable object locator; page needs Word Desktop only if visual pagination is material.
HFUT_TABLE_DOC,《合肥工业大学学报（自然科学版）》表格要求及示例.doc,HFUT_TABLE_DOC-P019,LO_DERIVED_PAGE_NOT_STABLE,body paragraph 19,paragraph/run_group,表4  XXX设计工况参数,BLACK_OR_INHERITED,Three-line-table specimen and unit-placement evidence.,LibreOffice DOC→DOCX derived OOXML inspection,黑体;SimHei,黑体;SimHei,SOURCE_TEXT_OR_RUN_INSPECTION,9.0,YES,NO,center,,,301,,auto:300,,,NO,NO,NO,,,,,,,,,,,,,,,EXAMPLE_SPECIFIC,YES,See Phase7.1 style matrix,See Phase7.1 crosswalk,CLASSIFIED,SEE_CROSSWALK,AUTOMATIC,Stable object locator; page needs Word Desktop only if visual pagination is material.
HFUT_TABLE_DOC,《合肥工业大学学报（自然科学版）》表格要求及示例.doc,HFUT_TABLE_DOC-T004,LO_DERIVED_PAGE_NOT_STABLE,body table 4,table,参数数值参数数值蒸发温度/K280.15吸气压力/MPa0.3冷凝温度/K328.15排气压力/MPa1.5过冷度/K8.00主轴转速/(r/min)6 000过热度/K10.00容积系数0.8,,Table structure/style specimen; inspect borders separately.,Derived OOXML table; Word gridlines distinguished from borders,,,,,,,,,,,,,,,,,,,,,,,,,,,,,,,,EXAMPLE_SPECIFIC,YES,HFUTThreeLineTable,Three manuscript tables,CLASSIFIED,NO,AUTOMATIC,Table object inventory row.
HFUT_TABLE_DOC,《合肥工业大学学报（自然科学版）》表格要求及示例.doc,HFUT_TABLE_DOC-T004R001,LO_DERIVED_PAGE_NOT_STABLE,"body table 4, row 1",table_row,参数数值参数数值,,,Derived OOXML row,,,,,,,,,,,,,,,,,,,,,,,,,,,,,,,,EXAMPLE_SPECIFIC,YES,,,CLASSIFIED,,AUTOMATIC,Row role classified through its parent table.
HFUT_TABLE_DOC,《合肥工业大学学报（自然科学版）》表格要求及示例.doc,HFUT_TABLE_DOC-T004R002,LO_DERIVED_PAGE_NOT_STABLE,"body table 4, row 2",table_row,蒸发温度/K280.15吸气压力/MPa0.3,,,Derived OOXML row,,,,,,,,,,,,,,,,,,,,,,,,,,,,,,,,EXAMPLE_SPECIFIC,YES,,,CLASSIFIED,,AUTOMATIC,Row role classified through its parent table.
HFUT_TABLE_DOC,《合肥工业大学学报（自然科学版）》表格要求及示例.doc,HFUT_TABLE_DOC-T004R003,LO_DERIVED_PAGE_NOT_STABLE,"body table 4, row 3",table_row,冷凝温度/K328.15排气压力/MPa1.5,,,Derived OOXML row,,,,,,,,,,,,,,,,,,,,,,,,,,,,,,,,EXAMPLE_SPECIFIC,YES,,,CLASSIFIED,,AUTOMATIC,Row role classified through its parent table.
HFUT_TABLE_DOC,《合肥工业大学学报（自然科学版）》表格要求及示例.doc,HFUT_TABLE_DOC-T004R004,LO_DERIVED_PAGE_NOT_STABLE,"body table 4, row 4",table_row,过冷度/K8.00主轴转速/(r/min)6 000,,,Derived OOXML row,,,,,,,,,,,,,,,,,,,,,,,,,,,,,,,,EXAMPLE_SPECIFIC,YES,,,CLASSIFIED,,AUTOMATIC,Row role classified through its parent table.
HFUT_TABLE_DOC,《合肥工业大学学报（自然科学版）》表格要求及示例.doc,HFUT_TABLE_DOC-T004R005,LO_DERIVED_PAGE_NOT_STABLE,"body table 4, row 5",table_row,过热度/K10.00容积系数0.8,,,Derived OOXML row,,,,,,,,,,,,,,,,,,,,,,,,,,,,,,,,EXAMPLE_SPECIFIC,YES,,,CLASSIFIED,,AUTOMATIC,Row role classified through its parent table.
HFUT_TABLE_DOC,《合肥工业大学学报（自然科学版）》表格要求及示例.doc,HFUT_TABLE_DOC-P020,LO_DERIVED_PAGE_NOT_STABLE,body paragraph 20,paragraph/run_group,例5 横表分段,BLACK_OR_INHERITED,Three-line-table specimen and unit-placement evidence.,LibreOffice DOC→DOCX derived OOXML inspection,黑体;SimHei,Times New Roman,SOURCE_TEXT_OR_RUN_INSPECTION,INHERITED_OR_UNSET,YES,NO,,,,,,:,,,NO,NO,NO,,,,,,,,,,,,,,,EXAMPLE_SPECIFIC,YES,See Phase7.1 style matrix,See Phase7.1 crosswalk,CLASSIFIED,SEE_CROSSWALK,AUTOMATIC,Stable object locator; page needs Word Desktop only if visual pagination is material.
HFUT_TABLE_DOC,《合肥工业大学学报（自然科学版）》表格要求及示例.doc,HFUT_TABLE_DOC-P021,LO_DERIVED_PAGE_NOT_STABLE,body paragraph 21,paragraph/run_group,表5 XXXXXXXXXXX,BLACK_OR_INHERITED,Three-line-table specimen and unit-placement evidence.,LibreOffice DOC→DOCX derived OOXML inspection,黑体;SimHei,黑体;SimHei,SOURCE_TEXT_OR_RUN_INSPECTION,7.5,YES,NO,center,,,,,exact:240,,,NO,NO,NO,,,,,,,,,,,,,,,EXAMPLE_SPECIFIC,YES,See Phase7.1 style matrix,See Phase7.1 crosswalk,CLASSIFIED,SEE_CROSSWALK,AUTOMATIC,Stable object locator; page needs Word Desktop only if visual pagination is material.
HFUT_TABLE_DOC,《合肥工业大学学报（自然科学版）》表格要求及示例.doc,HFUT_TABLE_DOC-T005,LO_DERIVED_PAGE_NOT_STABLE,body table 5,table,编号12345678t/s78795887θ/(°)27262621122958*56编号i910111213141516t/s75679715θ/(°)15224215554035,,Table structure/style specimen; inspect borders separately.,Derived OOXML table; Word gridlines distinguished from borders,,,,,,,,,,,,,,,,,,,,,,,,,,,,,,,,EXAMPLE_SPECIFIC,YES,HFUTThreeLineTable,Three manuscript tables,CLASSIFIED,NO,AUTOMATIC,Table object inventory row.
HFUT_TABLE_DOC,《合肥工业大学学报（自然科学版）》表格要求及示例.doc,HFUT_TABLE_DOC-T005R001,LO_DERIVED_PAGE_NOT_STABLE,"body table 5, row 1",table_row,编号12345678,,,Derived OOXML row,,,,,,,,,,,,,,,,,,,,,,,,,,,,,,,,EXAMPLE_SPECIFIC,YES,,,CLASSIFIED,,AUTOMATIC,Row role classified through its parent table.
HFUT_TABLE_DOC,《合肥工业大学学报（自然科学版）》表格要求及示例.doc,HFUT_TABLE_DOC-T005R002,LO_DERIVED_PAGE_NOT_STABLE,"body table 5, row 2",table_row,t/s78795887,,,Derived OOXML row,,,,,,,,,,,,,,,,,,,,,,,,,,,,,,,,EXAMPLE_SPECIFIC,YES,,,CLASSIFIED,,AUTOMATIC,Row role classified through its parent table.
HFUT_TABLE_DOC,《合肥工业大学学报（自然科学版）》表格要求及示例.doc,HFUT_TABLE_DOC-T005R003,LO_DERIVED_PAGE_NOT_STABLE,"body table 5, row 3",table_row,θ/(°)27262621122958*56,,,Derived OOXML row,,,,,,,,,,,,,,,,,,,,,,,,,,,,,,,,EXAMPLE_SPECIFIC,YES,,,CLASSIFIED,,AUTOMATIC,Row role classified through its parent table.
HFUT_TABLE_DOC,《合肥工业大学学报（自然科学版）》表格要求及示例.doc,HFUT_TABLE_DOC-T005R004,LO_DERIVED_PAGE_NOT_STABLE,"body table 5, row 4",table_row,编号i910111213141516,,,Derived OOXML row,,,,,,,,,,,,,,,,,,,,,,,,,,,,,,,,EXAMPLE_SPECIFIC,YES,,,CLASSIFIED,,AUTOMATIC,Row role classified through its parent table.
HFUT_TABLE_DOC,《合肥工业大学学报（自然科学版）》表格要求及示例.doc,HFUT_TABLE_DOC-T005R005,LO_DERIVED_PAGE_NOT_STABLE,"body table 5, row 5",table_row,t/s75679715,,,Derived OOXML row,,,,,,,,,,,,,,,,,,,,,,,,,,,,,,,,EXAMPLE_SPECIFIC,YES,,,CLASSIFIED,,AUTOMATIC,Row role classified through its parent table.
HFUT_TABLE_DOC,《合肥工业大学学报（自然科学版）》表格要求及示例.doc,HFUT_TABLE_DOC-T005R006,LO_DERIVED_PAGE_NOT_STABLE,"body table 5, row 6",table_row,θ/(°)15224215554035,,,Derived OOXML row,,,,,,,,,,,,,,,,,,,,,,,,,,,,,,,,EXAMPLE_SPECIFIC,YES,,,CLASSIFIED,,AUTOMATIC,Row role classified through its parent table.
HFUT_TABLE_DOC,《合肥工业大学学报（自然科学版）》表格要求及示例.doc,HFUT_TABLE_DOC-P022,LO_DERIVED_PAGE_NOT_STABLE,body paragraph 22,paragraph/run_group,注：*表示XXXX。,BLACK_OR_INHERITED,Three-line-table specimen and unit-placement evidence.,LibreOffice DOC→DOCX derived OOXML inspection,,,SOURCE_TEXT_OR_RUN_INSPECTION,7.5,NO,NO,,,,,,:,,,NO,NO,NO,,,,,,,,,,,,,,,EXAMPLE_SPECIFIC,YES,See Phase7.1 style matrix,See Phase7.1 crosswalk,CLASSIFIED,SEE_CROSSWALK,AUTOMATIC,Stable object locator; page needs Word Desktop only if visual pagination is material.
