{
  "schema_version": 1,
  "run_index": 4,
  "status": "PASS",
  "raw_frame_count": 560,
  "warmup_frame_count": 50,
  "measured_frame_count": 510,
  "measured_pre_sink_duration_ms": 55414.03848499999,
  "protocol": {
    "pilot_frames": 100,
    "pilot_discard": 20,
    "formal_warmup": 50,
    "minimum_measured_frames": 500,
    "target_measured_duration_ms": 33000,
    "minimum_valid_duration_ms": 30000,
    "formal_run_count": 5,
    "inter_run_wait_seconds": 30,
    "corpus_size": 20,
    "gzip_level": 9,
    "gzip_mtime": 0,
    "percentile_method": "hyndman_fan_type_7",
    "sample_stddev": "n_minus_1",
    "outlier_policy": "keep_all_measured_samples"
  },
  "timing_statistics": {
    "source_ms": {
      "sample_count": 510,
      "mean": 0.35343323529411746,
      "minimum": 0.2696,
      "maximum": 0.6838,
      "P50": 0.3535505,
      "P95": 0.44317999999999996,
      "P99": 0.5005280899999996,
      "sample_standard_deviation": 0.05773219354539883
    },
    "preprocess_ms": {
      "sample_count": 510,
      "mean": 1.6292274117647063,
      "minimum": 1.5341,
      "maximum": 4.805902,
      "P50": 1.57645,
      "P95": 1.916845,
      "P99": 2.172946999999998,
      "sample_standard_deviation": 0.1888184326029316
    },
    "inference_ms": {
      "sample_count": 510,
      "mean": 106.57698616274516,
      "minimum": 103.604709,
      "maximum": 130.673949,
      "P50": 105.91166100000001,
      "P95": 110.2351401,
      "P99": 122.50763372999994,
      "sample_standard_deviation": 2.9968329788526678
    },
    "postprocess_ms": {
      "sample_count": 510,
      "mean": 0.09522257254901956,
      "minimum": 0.081,
      "maximum": 0.195,
      "P50": 0.0929,
      "P95": 0.11183009999999997,
      "P99": 0.13781999999999994,
      "sample_standard_deviation": 0.012358514683741037
    },
    "pre_sink_total_ms": {
      "sample_count": 510,
      "mean": 108.6549774215686,
      "minimum": 105.696742,
      "maximum": 132.82955,
      "P50": 108.020152,
      "P95": 112.26165565,
      "P99": 125.80976711999996,
      "sample_standard_deviation": 3.0389784709407612
    }
  },
  "pre_sink_fps": 9.203443999809755,
  "backend_fps_equivalent": 9.382888708008503,
  "process_wall_clock_seconds": 61.133658053000545,
  "process_exit_code": 0,
  "raw_application_uncompressed_sha256": "1c36a451fa36c160c85a3c021f152841aa89bae31e0d290a0675a74fdbb65e25",
  "raw_application_compressed_sha256": "9d455e1a24b8d6a0c7fd91bfd8c61163700a99c55d345d56433f80abefdfe7f1",
  "timings_tsv_sha256": "541a31f4cc79b0cc1de6a617b8dd04d0ae64a970890496409e4191eef50f4319",
  "command": null,
  "validity_checks": {
    "timing_schema": true,
    "all_timing_finite_nonnegative": true,
    "measured_count_minimum": true,
    "duration_minimum": true
  },
  "warnings": [],
  "outlier_policy": "keep_all_measured_samples"
}
